run_xmax,x,D,M_x,E_rec,sum_abs_Ed,C_pnt,absE_over_sqrtD,absE_rec_over_sqrtx,ratio_E_to_sqrtD_pred,saving_factor
1e7,10000,98,-23,26.088798,129.797155,29.177596,13.111493,0.260888,1.989766,4.975206
1e7,10293,99,-30,33.520225,117.039194,37.040451,11.762882,0.330397,2.849661,3.491599
1e7,10595,101,-16,22.607250,118.758985,29.214501,11.816961,0.219633,1.913119,5.253137
1e7,10906,102,-8,17.503582,97.589197,27.007163,9.662770,0.167608,1.811445,5.575384
1e7,11226,104,2,9.124194,139.161990,20.248388,13.645956,0.086116,0.668637,15.251976
1e7,11555,106,8,3.585210,126.043218,15.170421,12.242400,0.033353,0.292852,35.156436
1e7,11894,107,27,-11.777348,138.661223,3.445303,13.404886,0.107990,0.878586,11.773552
1e7,12242,109,20,-1.903756,127.086340,16.192489,12.172664,0.017206,0.156396,66.755591
1e7,12601,110,-2,20.878152,125.530597,39.756305,11.968873,0.185990,1.744371,6.012534
1e7,12971,112,-6,24.398472,143.729580,42.796945,13.581169,0.214228,1.796493,5.890925
1e7,13351,114,-13,26.295873,149.926353,39.591745,14.041889,0.227578,1.872673,5.701517
1e7,13743,115,-2,18.938891,147.915236,35.877782,13.793167,0.161553,1.373063,7.810132
1e7,14146,117,18,1.123509,142.732326,20.247018,13.195608,0.009446,0.085143,127.041574
1e7,14561,119,1,11.708013,178.775072,24.416026,16.388284,0.097026,0.714414,15.269463
1e7,14988,120,-12,19.943000,152.342026,27.886000,13.906861,0.162899,1.434040,7.638872
1e7,15427,122,-7,16.934404,162.458392,26.868808,14.708292,0.136342,1.151351,9.593393
1e7,15879,124,-23,29.497177,186.440685,35.994355,16.742868,0.234082,1.761776,6.320628
1e7,16345,126,-31,33.391406,164.889064,35.782811,14.689485,0.261181,2.273150,4.938069
1e7,16824,128,-20,27.285190,177.306898,34.570380,15.671864,0.210360,1.741030,6.498283
1e7,17318,130,-18,25.791729,180.216111,33.583457,15.805999,0.195989,1.631768,6.987361
1e7,17826,132,-3,15.962180,172.220725,28.924360,14.989890,0.119554,1.064863,10.789298
1e7,18348,133,-22,32.329832,184.613565,42.659663,16.008026,0.238676,2.019601,5.710316
1e7,18886,135,25,-7.104977,164.776542,10.790046,14.181707,0.051700,0.500996,23.191707
1e7,19440,137,41,-9.383608,181.240856,22.232784,15.484451,0.067301,0.606002,19.314623
1e7,20010,139,23,-1.406040,188.257563,20.187921,15.967798,0.009940,0.088055,133.892076
1e7,20597,142,35,-8.918692,175.094376,17.162616,14.693594,0.062144,0.606978,19.632293
1e7,21201,144,28,-9.664016,206.552033,8.671969,17.212669,0.066371,0.561448,21.373313
1e7,21823,146,1,14.003370,194.726246,29.006739,16.115659,0.094793,0.868929,13.905671
1e7,22463,148,-26,29.755455,209.621694,33.510909,17.230797,0.198533,1.726876,7.044816
1e7,23122,150,-30,38.956602,196.202072,47.913204,16.019832,0.256194,2.431773,5.036427
1e7,23800,152,-35,38.286825,227.397114,41.573650,18.444341,0.248177,2.075803,5.939305
1e7,24497,155,-59,61.182976,198.112308,63.365952,15.912764,0.390908,3.844899,3.238030
1e7,25216,157,-7,16.110449,219.793944,25.220899,17.541466,0.101454,0.918421,13.642943
1e7,25955,159,-7,23.432292,215.908577,39.864584,17.122664,0.145447,1.368496,9.214147
1e7,26716,161,-1,18.787989,238.301402,36.575978,18.780781,0.114946,1.000384,12.683710
1e7,27500,164,11,8.861569,240.085060,28.723138,18.747493,0.053437,0.472680,27.092838
1e7,28306,166,5,7.191420,224.302864,19.382839,17.409279,0.042744,0.413080,31.190346
1e7,29136,169,-2,20.109300,240.531845,38.218600,18.502450,0.117810,1.086845,11.961224
1e7,29991,171,19,-0.300073,221.063692,18.399853,16.905163,0.001733,0.017750,736.698628
1e7,30870,174,43,-19.622344,233.831231,3.755311,17.726700,0.111682,1.106937,11.916580
1e7,31775,176,47,-16.804847,270.712204,13.390306,20.405700,0.094274,0.823537,16.109174
1e7,32707,179,22,6.358153,231.745570,34.716306,17.321477,0.035157,0.367068,36.448568
1e7,33666,181,-18,29.263197,245.399418,40.526394,18.240395,0.159487,1.604307,8.385940
1e7,34654,184,-29,36.769879,266.024862,44.539757,19.611613,0.197522,1.874903,7.234858
1e7,35670,187,-22,27.981025,267.894341,33.962049,19.590374,0.148154,1.428305,9.574143
1e7,36716,190,-10,19.280316,255.578786,28.560632,18.541634,0.100620,1.039839,13.255944
1e7,37793,192,-35,46.042331,268.428037,57.084661,19.372125,0.236838,2.376731,5.830027
1e7,38901,195,-17,34.700151,275.570563,52.400301,19.734018,0.175934,1.758393,7.941480
1e7,40042,198,-10,33.098227,261.189034,56.196454,18.561896,0.165404,1.783127,7.891330
1e7,41216,201,4,18.583235,307.136304,41.166470,21.663725,0.091535,0.857804,16.527602
1e7,42424,204,-59,63.273895,308.780748,67.547790,21.618977,0.307198,2.926776,4.880065
1e7,43668,207,-28,38.444420,303.113843,48.888839,21.067868,0.183972,1.824789,7.884469
1e7,44949,210,0,27.063461,317.099017,54.126923,21.881911,0.127651,1.236796,11.716868
1e7,46267,213,36,-12.889497,313.101661,10.221006,21.453372,0.059924,0.600814,24.291224
1e7,47624,216,56,-17.323728,345.224046,21.352544,23.489521,0.079383,0.737509,19.927815
1e7,49020,219,77,-32.094009,362.879989,12.811983,24.521157,0.144956,1.308829,11.306783
1e7,50458,223,7,18.599299,354.444206,44.198597,23.735340,0.082800,0.783612,19.056859
1e7,51938,226,6,20.096852,376.413732,46.193705,25.038669,0.088183,0.802633,18.729985
1e7,53461,229,11,5.488953,370.495375,21.977906,24.483024,0.023739,0.224194,67.498370
1e7,55028,233,10,7.121499,347.082520,24.242998,22.738132,0.030358,0.313196,48.737285
1e7,56642,236,-30,47.094067,337.385551,64.188135,21.961929,0.197878,2.144350,7.164078
1e7,58303,239,-67,73.510797,347.253299,80.021595,22.461949,0.304443,3.272681,4.723841
1e7,60013,243,-82,87.316785,368.774654,92.633570,23.656905,0.356431,3.690964,4.223411
1e7,61772,247,-67,75.726169,368.582284,84.452339,23.452329,0.304684,3.228940,4.867304
1e7,63584,250,-49,52.960149,370.910540,56.920297,23.458442,0.210027,2.257616,7.003578
1e7,65448,254,5,15.070586,379.531584,35.141171,23.813930,0.058909,0.632847,25.183599
1e7,67368,258,37,-1.007733,385.799086,34.984535,24.018802,0.003883,0.041956,382.838764
1e7,69343,261,66,-24.047010,424.826832,17.905980,26.296121,0.091319,0.914470,17.666514
1e7,71377,265,30,4.724243,411.571707,39.448486,25.282649,0.017683,0.186857,87.119084
1e7,73470,269,35,4.128181,425.255726,43.256362,25.928299,0.015230,0.159215,103.012856
1e7,75624,274,14,14.420047,414.857315,42.840095,25.062447,0.052437,0.575365,28.769483
1e7,77842,277,-6,20.755241,384.349230,35.510483,23.093307,0.074391,0.898756,18.518177
1e7,80125,281,4,24.587602,408.242130,53.175204,24.353684,0.086862,1.009605,16.603576
1e7,82474,285,-52,62.297950,463.209718,72.595900,27.438176,0.216928,2.270484,7.435393
1e7,84893,289,20,15.237721,460.828777,50.475441,27.107575,0.052298,0.562120,30.242632
1e7,87382,294,28,8.123118,443.391916,44.246236,25.859142,0.027480,0.314129,54.583957
1e7,89945,298,16,7.622152,515.995462,31.244305,29.890815,0.025415,0.255000,67.696819
1e7,92582,302,-25,40.153895,506.895399,55.307790,29.168553,0.131967,1.376616,12.623816
1e7,95297,307,-112,110.463508,537.746285,108.927017,30.690802,0.357832,3.599238,4.868090
1e7,98092,311,-63,77.975556,535.391687,92.951112,30.359277,0.248967,2.568426,6.866148
1e7,100968,316,-5,36.497127,528.894401,67.994254,29.752635,0.114859,1.226686,14.491398
1e7,103929,320,13,17.885164,580.296045,48.770327,32.439535,0.055478,0.551338,32.445666
1e7,106977,325,-25,53.525279,542.504056,82.050557,30.092711,0.163649,1.778679,10.135474
1e7,110114,330,-6,38.705827,542.324469,71.411653,29.853979,0.116642,1.296505,14.011443
1e7,113343,335,49,-7.133265,584.382344,34.733470,31.928218,0.021188,0.223416,81.923544
1e7,116666,340,94,-40.661395,612.318329,12.677210,33.207624,0.119045,1.224460,15.058960
1e7,120088,345,99,-41.997847,630.501388,15.004305,33.945054,0.121193,1.237230,15.012707
1e7,123609,350,22,12.423461,629.804810,46.846922,33.664483,0.035336,0.369038,50.694794
1e7,127234,355,53,-11.211907,633.350221,30.576186,33.614739,0.031432,0.333541,56.489073
1e7,130965,360,-10,31.939469,596.452331,53.878938,31.435798,0.088257,1.016022,18.674460
1e7,134805,365,-2,24.574065,605.989596,47.148130,31.718945,0.066930,0.774744,24.659721
1e7,138758,371,-106,108.078007,618.598776,110.156015,32.116048,0.290140,3.365234,5.723632
1e7,142827,376,-78,78.569241,658.536806,79.138481,33.961443,0.207897,2.313484,8.381611
1e7,147016,381,-48,62.048770,674.893574,76.097539,34.575845,0.161827,1.794570,10.876824
1e7,151327,387,-21,50.170316,638.472318,79.340632,32.455372,0.128970,1.545825,12.726097
1e7,155765,393,-63,96.537383,663.812295,130.074766,33.484901,0.244602,2.883012,6.876220
1e7,160332,398,-53,71.262708,676.173683,89.525416,33.893524,0.177972,2.102546,9.488465
1e7,165034,404,46,4.610189,694.692656,55.220378,34.562251,0.011348,0.133388,150.686380
1e7,169873,410,99,-46.742909,702.121409,5.514182,34.675305,0.113411,1.348017,15.020918
1e7,174855,416,82,-22.383957,665.201588,37.232085,32.614191,0.053530,0.686326,29.717783
1e7,179982,422,36,2.223758,645.927738,40.447516,31.443270,0.005242,0.070723,290.466728
1e7,185260,428,49,0.156104,767.147158,49.312208,37.081458,0.000363,0.004210,4914.329016
1e7,190693,435,61,-2.545727,719.640007,55.908546,34.504097,0.005830,0.073780,282.685478
1e7,196285,441,-3,41.107168,688.539927,79.214337,32.787616,0.092784,1.253741,16.749875
1e7,202041,447,-4,47.346933,770.915346,90.693865,36.463045,0.105335,1.298491,16.282266
1e7,207966,454,-54,80.265296,770.888076,106.530592,36.179570,0.176008,2.218525,9.604251
1e7,214064,461,-14,48.919136,778.589082,83.838272,36.262509,0.105732,1.349028,15.915839
1e7,220341,467,-37,60.769835,839.499238,84.539669,38.847392,0.129461,1.564322,13.814407
1e7,226803,474,-57,66.976349,826.720425,76.952698,37.972527,0.140636,1.763811,12.343468
1e7,233454,481,-72,107.514465,811.349001,143.028930,36.994330,0.222519,2.906242,7.546417
1e7,240300,488,-30,61.999894,939.160694,93.999788,42.513807,0.126478,1.458347,15.147779
1e7,247346,495,24,27.489520,928.479754,78.979039,41.732062,0.055273,0.658715,33.775772
1e7,254600,503,-32,60.649908,912.915967,89.299816,40.704911,0.120199,1.489990,15.052223
1e7,262066,510,21,27.564554,911.904719,76.129107,40.379820,0.053845,0.682632,33.082514
1e7,269751,517,-58,91.876341,908.785405,125.752682,39.968336,0.176898,2.298728,9.891397
1e7,277661,525,-9,57.280582,1013.191073,105.561165,44.219284,0.108705,1.295376,17.688212
1e7,285803,533,86,-13.585693,997.826467,58.828614,43.220662,0.025413,0.314333,73.446858
1e7,294184,540,122,-51.254206,1064.241400,19.491587,45.797658,0.094497,1.119145,20.763982
1e7,302811,548,162,-74.717655,1063.039217,12.564690,45.410785,0.135781,1.645372,14.227417
1e7,311691,556,143,-60.297296,1049.155776,22.405407,44.494116,0.108003,1.355175,17.399715
1e7,320831,564,30,25.022611,1005.164385,80.045222,42.325056,0.044177,0.591201,40.170244
1e7,330239,573,-92,115.315564,1049.184173,138.631128,43.830298,0.200666,2.630956,9.098374
1e7,339923,581,-158,160.069685,1086.509865,162.139370,45.076025,0.274548,3.551105,6.787730
1e7,349891,590,-222,215.632432,1149.369951,209.264865,47.318812,0.364542,4.557013,5.330228
1e7,360152,598,-153,149.892695,1159.386305,146.785390,47.410832,0.249768,3.161571,7.734775
1e7,370713,607,-71,105.179960,1193.695332,139.359920,48.450599,0.172748,2.170870,11.349076
1e7,381584,616,17,35.392038,1224.772110,87.784077,49.347475,0.057294,0.717201,34.605865
1e7,392774,625,9,47.803587,1211.933591,104.607175,48.477344,0.076276,0.986102,25.352357
1e7,404291,634,49,6.326351,1313.683359,61.652701,52.173031,0.009950,0.121257,207.652636
1e7,416147,643,158,-71.179826,1368.916131,15.640347,53.984782,0.110340,1.318517,19.231799
1e7,428350,652,108,-23.103614,1228.812945,61.792771,48.124029,0.035300,0.480085,53.187043
1e7,440912,662,-13,84.608992,1325.734457,156.217983,51.526133,0.127421,1.642060,15.668955
1e7,453841,672,42,30.651955,1339.582402,103.303911,51.675513,0.045499,0.593162,43.703000
1e7,467150,681,173,-93.679171,1465.780546,-14.358341,56.168833,0.137061,1.667814,15.646814
1e7,480849,691,25,48.205366,1451.840574,121.410732,55.230618,0.069517,0.872801,30.117821
1e7,494949,702,-21,62.756604,1434.304788,104.513208,54.134346,0.089203,1.159275,22.855041
1e7,509463,712,-49,102.780173,1502.985884,156.560347,56.326777,0.143997,1.824712,14.623306
1e7,524403,722,-130,153.797149,1566.436518,177.594298,58.296731,0.212381,2.638178,10.185082
1e7,539781,733,-40,90.740130,1547.919284,141.480259,57.173703,0.123507,1.587096,17.058817
1e7,555610,743,32,21.056939,1671.192919,74.113877,61.310122,0.028249,0.343450,79.365427
1e7,571903,754,3,45.588688,1687.354423,94.177376,61.449824,0.060283,0.741885,37.012568
1e7,588673,765,-153,183.116850,1628.092374,213.233700,58.863804,0.238666,3.110857,8.891003
1e7,605936,776,-184,193.496683,1736.005367,202.993367,62.318961,0.248577,3.104941,8.971758
1e7,623705,788,-141,169.483173,1751.557644,197.966346,62.396658,0.214604,2.716222,10.334699
1e7,641995,799,57,32.592312,1759.718790,122.184623,62.254376,0.040677,0.523534,53.991838
1e7,660821,811,160,-58.251704,1747.120096,43.496593,61.349684,0.071658,0.949503,29.992601
1e7,680199,823,155,-38.999451,1830.200482,77.001098,63.796778,0.047287,0.611308,46.928878
1e7,700145,835,220,-109.105430,1844.179119,1.789140,63.820450,0.130392,1.709568,16.902725
1e7,720677,847,125,-17.982847,1840.377937,89.034306,63.236134,0.021183,0.284376,102.340745
1e7,741810,859,18,53.934787,1797.412623,125.869575,61.326927,0.062621,0.879463,33.325664
1e7,763564,872,77,2.260380,1943.066262,81.520759,65.800527,0.002587,0.034352,859.619481
1e7,785955,885,-8,69.320614,1870.872486,130.641229,62.888691,0.078192,1.102275,26.988689
1e7,809002,897,-10,56.529821,1908.038182,103.059642,63.707541,0.062850,0.887333,33.752772
1e7,832726,911,-213,220.200210,2076.746556,227.400419,68.805683,0.241305,3.200320,9.431174
1e7,857145,924,-129,163.339229,2086.091335,197.678457,68.627366,0.176426,2.380089,12.771527
1e7,882281,937,-148,172.521996,2003.399203,197.043992,65.448199,0.183671,2.636008,11.612428
1e7,908153,951,-203,228.409441,2001.804310,253.818882,64.912952,0.239682,3.518704,8.764105
1e7,934784,965,-281,297.572417,2086.797734,314.144834,67.176396,0.307778,4.429717,7.012739
1e7,962196,979,24,59.144310,2144.390376,142.288620,68.535014,0.060295,0.862979,36.256918
1e7,990412,993,225,-102.076541,2168.464095,20.846917,68.814128,0.102569,1.483366,21.243511
1e7,1019455,1008,112,-11.541786,2186.947078,88.916428,68.882358,0.011431,0.167558,189.480819
1e7,1049350,1022,267,-111.111577,2204.642822,44.776846,68.962467,0.108467,1.611189,19.841702
1e7,1080122,1037,291,-137.402250,2201.934364,16.195501,68.377779,0.132208,2.009458,16.025461
1e7,1111796,1052,53,49.939221,2289.840230,152.878443,70.598799,0.047362,0.707366,45.852542
1e7,1144399,1068,10,67.267460,2369.112405,144.534920,72.493662,0.062881,0.927908,35.219293
1e7,1177958,1083,3,55.073388,2354.395531,113.146777,71.542679,0.050743,0.769798,42.750148
1e7,1212501,1099,-47,136.762956,2365.652769,226.525912,71.359558,0.124202,1.916533,17.297467
1e7,1248057,1115,-1,100.195822,2749.433112,199.391644,82.339026,0.089688,1.216869,27.440596
1e7,1284655,1131,-178,217.488731,2488.659489,256.977462,74.000419,0.191886,2.939020,11.442705
1e7,1322327,1148,-99,127.670650,2572.476511,156.341300,75.924244,0.111025,1.681553,20.149318
1e7,1361104,1165,-16,80.067111,2617.322976,144.134221,76.682163,0.068629,1.044143,32.689115
1e7,1401017,1182,-224,272.603024,2796.743559,321.206049,81.347443,0.230308,3.351095,10.259400
1e7,1442101,1199,-86,147.647529,2841.265887,209.295058,82.054478,0.122950,1.799384,19.243572
1e7,1484390,1216,-128,183.691192,2801.643924,239.382384,80.342650,0.150770,2.286347,15.251923
1e7,1527919,1234,-234,260.561088,2834.641503,287.122177,80.693873,0.210795,3.229007,10.878990
1e7,1572725,1252,-1,96.731732,2874.814183,192.463464,81.247052,0.077133,1.190588,29.719453
1e7,1618844,1270,152,-51.843409,3043.150971,48.313181,85.392875,0.040747,0.607116,58.698898
1e7,1666316,1289,193,-42.633810,3111.142009,107.732380,86.654950,0.033027,0.491995,72.973586
1e7,1715180,1308,109,11.046202,3124.500343,131.092404,86.392632,0.008434,0.127860,282.857437
1e7,1765476,1327,447,-266.269474,3256.592245,-85.538948,89.398025,0.200397,2.978472,12.230438
1e7,1817248,1346,357,-180.742453,3300.490540,-4.484905,89.961350,0.134077,2.009112,18.260738
1e7,1870538,1366,136,-2.294072,3231.503989,131.411856,87.433799,0.001677,0.026238,1408.632422
1e7,1925391,1386,-148,194.882983,3331.363343,241.765966,89.482969,0.140448,2.177878,17.094173
1e7,1981852,1406,-187,275.771990,3369.671200,364.543979,89.865887,0.195891,3.068706,12.219048
1e7,2039968,1426,-306,319.148781,3449.739527,332.297561,91.353784,0.223451,3.493547,10.809189
1e7,2099789,1447,-377,399.214894,3637.943677,421.429788,95.636067,0.275498,4.174313,9.112745
1e7,2161365,1468,-451,434.710825,3744.163505,418.421650,97.721872,0.295690,4.448450,8.612998
1e7,2224745,1490,-23,69.946753,3645.196978,116.893507,94.433887,0.046895,0.740695,52.113884
1e7,2289985,1511,-246,291.517402,3665.670783,337.034804,94.302070,0.192641,3.091315,12.574449
1e7,2357138,1533,189,-36.938752,3875.698287,115.122496,98.987164,0.024060,0.373167,104.922286
1e7,2426259,1556,260,-100.095209,3721.524433,59.809583,94.344389,0.064261,1.060956,37.179846
1e7,2497408,1578,335,-110.143647,4009.809533,114.712706,100.941614,0.069697,1.091162,36.405273
1e7,2570643,1601,304,-127.186552,4069.195656,49.626896,101.698116,0.079327,1.250628,31.993914
1e7,2646026,1625,143,34.218649,4133.737891,211.437298,102.545416,0.021036,0.333693,120.803655
1e7,2723620,1648,-38,154.618004,4177.817137,271.236008,102.913139,0.093689,1.502413,27.020250
1e7,2803488,1672,262,-82.900239,4400.891517,96.199522,107.627320,0.049512,0.770253,53.086596
1e7,2885699,1697,-125,173.001952,4382.792890,221.003904,106.392258,0.101842,1.626077,25.333777
1e7,2970321,1721,16,143.591003,4580.147955,303.182005,110.405084,0.083315,1.300583,31.897179
1e7,3057424,1747,413,-202.915926,4782.339381,7.168148,114.417892,0.116048,1.773463,23.568083
1e7,3147081,1772,-27,156.380204,4790.914476,285.760409,113.811608,0.088151,1.374027,30.636323
1e7,3239368,1798,-646,601.231808,5065.902517,556.463616,119.470859,0.334050,5.032456,8.425872
1e7,3334360,1824,-366,369.859289,4998.718427,373.718579,117.043219,0.202549,3.160023,13.515190
1e7,3432139,1851,-386,428.712136,5028.321890,471.424271,116.874526,0.231411,3.668140,11.728900
1e7,3532785,1878,-50,182.585632,5062.448940,315.171264,116.818833,0.097142,1.562981,27.726437
1e7,3636382,1905,7,135.151984,5081.367490,277.303967,116.421480,0.070874,1.160885,37.597432
1e7,3743017,1933,-97,230.743908,5405.265839,364.487816,122.942243,0.119267,1.876848,23.425389
1e7,3852779,1961,100,88.922923,5403.921680,277.845846,122.031022,0.045303,0.728691,60.770851
1e7,3965759,1989,42,102.223551,5409.075716,246.447102,121.284602,0.051332,0.842840,52.914183
1e7,4082053,2018,126,61.852130,5348.062005,249.704259,119.051769,0.030614,0.519540,86.465285
1e7,4201757,2048,262,-70.866425,5647.579540,120.267151,124.795056,0.034572,0.567862,79.693304
1e7,4324972,2078,596,-321.803206,5989.090896,-47.606412,131.382685,0.154739,2.449358,18.611036
1e7,4451799,2108,207,8.461171,5802.716595,223.922341,126.385153,0.004010,0.066948,685.805403
1e7,4582346,2139,347,-121.937658,5827.922463,103.124684,126.010975,0.056963,0.967675,47.794279
1e7,4716721,2170,-60,188.782168,6097.813259,317.564336,130.901389,0.086924,1.442171,32.300791
1e7,4855036,2201,-182,279.857156,6196.634116,377.714312,132.082668,0.127011,2.118803,22.142132
1e7,4997408,2233,-753,659.868203,6368.136349,566.736405,134.762169,0.295179,4.896539,9.650619
1e7,5143954,2266,-486,504.994431,6359.974579,523.988861,133.605835,0.222658,3.779733,12.594148
1e7,5294798,2299,-668,606.589963,6816.685741,545.179925,142.168633,0.263615,4.266693,11.237716
1e7,5450065,2333,-448,475.345774,6719.265676,502.691547,139.111952,0.203615,3.417002,14.135533
1e7,5609885,2367,-59,186.293285,6812.637175,313.586570,140.028401,0.078654,1.330396,36.569419
1e7,5774392,2401,397,-90.487409,6993.718283,216.025182,142.728945,0.037656,0.633981,77.289408
1e7,5943723,2436,144,68.104565,7070.129855,280.209129,143.248060,0.027935,0.475431,103.812863
1e7,6118020,2471,111,135.971168,7171.698355,382.942337,144.273192,0.054972,0.942456,52.744258
1e7,6297428,2507,200,-16.375630,7222.036511,167.248741,144.238937,0.006526,0.113531,441.023437
1e7,6482096,2544,1018,-610.996761,7724.388910,-203.993523,153.145972,0.239983,3.989637,12.642275
1e7,6672180,2581,516,-167.485970,7656.435289,181.028060,150.706719,0.064840,1.111337,45.713890
1e7,6867839,2619,342,-94.259788,7669.268629,153.480424,149.860163,0.035968,0.628985,81.363101
1e7,7069234,2657,-628,611.241267,7790.129778,594.482534,151.129385,0.229893,4.044490,12.744771
1e7,7276536,2696,-569,557.953401,8090.034461,546.906801,155.808242,0.206841,3.581026,14.499481
1e7,7489917,2735,-152,256.920856,8702.511730,361.841713,166.404839,0.093877,1.543951,33.872344
1e7,7709555,2775,-254,380.480523,8542.974062,506.961045,162.172643,0.137031,2.346145,22.453118
1e7,7935633,2815,-218,377.550459,8841.609799,537.100918,166.644945,0.134025,2.265598,23.418353
1e7,8168342,2856,246,-9.387540,9203.170895,227.224921,172.210007,0.003285,0.054512,980.360277
1e7,8407874,2898,20,211.662629,9342.251457,443.325258,173.541106,0.072996,1.219669,44.137463
1e7,8654430,2940,-434,561.961307,9408.884303,689.922614,173.525963,0.191024,3.238485,16.742940
1e7,8908217,2983,-396,439.979451,9835.945730,483.958903,180.089958,0.147413,2.443109,22.355466
1e7,9169446,3026,-257,328.111278,10477.318574,399.222557,190.465222,0.108355,1.722683,31.932211
1e7,9438335,3070,-33,215.446919,10096.604500,397.893839,182.224244,0.070128,1.182318,46.863536
1e7,9715109,3115,224,-5.756790,10478.265434,212.486421,187.741538,0.001847,0.030663,1820.157789
1e7,10000000,3160,1037,-565.756977,10937.927017,-94.513953,194.576990,0.178908,2.907625,19.333261
5e7,10000,98,-23,26.088798,129.797155,29.177596,13.111493,0.260888,1.989766,4.975206
5e7,10363,100,-30,36.251617,128.493888,42.503233,12.849389,0.356110,2.821272,3.544501
5e7,10739,102,-22,29.990875,126.585617,37.981751,12.533844,0.289406,2.392792,4.220804
5e7,11128,104,0,11.307203,127.191565,22.614407,12.472159,0.107188,0.906596,11.248720
5e7,11532,105,9,3.739260,125.524407,16.478520,12.249928,0.034820,0.305248,33.569316
5e7,11950,107,22,-6.178994,119.084006,9.642011,11.512285,0.056524,0.536730,19.272393
5e7,12384,109,12,4.626891,134.505007,21.253781,12.883243,0.041578,0.359140,29.070280
5e7,12833,111,8,10.877237,143.315063,29.754473,13.602864,0.096018,0.799628,13.175687
5e7,13299,113,-17,29.724569,139.519792,42.449137,13.124918,0.257754,2.264743,4.693753
5e7,13781,115,0,16.518819,147.730341,33.037637,13.775925,0.140714,1.199108,8.943154
5e7,14281,118,24,-5.922971,156.430017,12.154059,14.400550,0.049563,0.411302,26.410737
5e7,14799,120,-8,15.401135,141.426304,22.802269,12.910396,0.126601,1.192925,9.182850
5e7,15336,122,-12,21.171018,155.305288,30.342036,14.060680,0.170957,1.505689,7.335750
5e7,15893,124,-23,29.200102,181.941428,35.400205,16.338823,0.231623,1.787161,6.230849
5e7,16469,126,-29,33.104799,165.526678,37.209597,14.746288,0.257963,2.244958,5.000081
5e7,17067,129,-21,29.205106,162.413045,37.410212,14.299671,0.223553,2.042362,5.561118
5e7,17686,131,-7,20.252825,171.179409,33.505649,14.956014,0.152290,1.354159,8.452125
5e7,18328,133,-19,31.284774,188.329379,43.569549,16.330228,0.231087,1.915759,6.019841
5e7,18993,136,38,-18.677767,169.285093,0.644466,14.516077,0.135528,1.286695,9.063455
5e7,19682,138,47,-19.815342,207.461547,7.369316,17.660300,0.141243,1.122028,10.469743
5e7,20396,141,22,-1.868271,194.157960,18.263459,16.351050,0.013082,0.114260,103.923898
5e7,21136,143,35,-17.018884,218.200729,0.962231,18.246862,0.117063,0.932702,12.821095
5e7,21902,146,-3,18.990203,183.780093,34.980406,15.209749,0.128318,1.248555,9.677626
5e7,22697,149,-23,27.384442,207.329617,31.768884,16.985104,0.181769,1.612262,7.571073
5e7,23520,151,-31,34.760278,207.823938,38.520555,16.912472,0.226655,2.055304,5.978777
5e7,24374,154,-53,56.408972,198.737689,59.817943,16.014739,0.361314,3.522316,3.523157
5e7,25258,157,-7,16.578386,231.612165,26.156772,18.484663,0.104314,0.896872,13.970731
5e7,26174,160,1,19.361704,223.025172,39.723409,17.631688,0.119676,1.098120,11.518881
5e7,27124,163,-19,35.465208,193.103624,51.930415,15.125043,0.215340,2.344800,5.444875
5e7,28108,166,-5,19.733350,238.732878,34.466699,18.529265,0.117703,1.064983,12.097940
5e7,29128,169,-1,19.122282,237.462361,37.244564,18.266335,0.112043,1.046859,12.418097
5e7,30184,172,9,12.086493,212.468886,33.172987,16.200601,0.069568,0.746052,17.579035
5e7,31279,175,32,-4.487916,243.957428,23.024167,18.441448,0.025376,0.243360,54.358728
5e7,32414,178,45,-9.557011,229.096770,25.885978,17.171529,0.053083,0.556561,23.971593
5e7,33590,181,-16,25.711007,238.303257,35.422014,17.712942,0.140286,1.451538,9.268531
5e7,34809,185,-33,35.489696,242.093002,37.979392,17.799032,0.190220,1.993912,6.821501
5e7,36072,188,-13,22.773515,239.886332,32.547031,17.495509,0.119907,1.301678,10.533566
5e7,37380,191,-34,45.427585,296.779309,56.855170,21.474197,0.234963,2.115450,6.533020
5e7,38737,195,-23,44.628302,268.263502,66.256604,19.210748,0.226750,2.323090,6.011062
5e7,40142,198,-11,36.116293,253.110489,61.232586,17.987779,0.180262,2.007824,7.008208
5e7,41598,202,-16,30.814147,292.619975,45.628293,20.588670,0.151082,1.496656,9.496287
5e7,43107,206,-70,77.960302,327.816847,85.920604,22.840082,0.375491,3.413311,4.204920
5e7,44671,209,3,18.923823,339.186641,40.847645,23.462031,0.089536,0.806572,17.923791
5e7,46292,213,36,-13.014093,321.393653,9.971814,22.021530,0.060487,0.590971,24.695816
5e7,47971,217,55,-16.417108,337.323611,22.165784,22.899019,0.074956,0.716935,20.547079
5e7,49712,221,46,-11.805911,353.949172,22.388178,23.809198,0.052950,0.495855,29.980675
5e7,51515,225,26,2.393592,357.714639,30.787184,23.847643,0.010546,0.100370,149.446791
5e7,53384,229,9,10.389514,355.187328,29.779028,23.471439,0.044967,0.442645,34.187098
5e7,55321,233,9,8.298164,351.206339,25.596327,23.008292,0.035281,0.360660,42.323381
5e7,57328,237,-62,73.881619,381.765855,85.763238,24.798357,0.308570,2.979295,5.167264
5e7,59408,242,-96,100.035591,390.443024,104.071183,25.098628,0.410423,3.985700,3.903041
5e7,61563,246,-68,74.644232,376.362348,81.288464,23.995987,0.300841,3.110696,5.042082
5e7,63796,251,-74,78.713652,381.361042,83.427303,24.071296,0.311640,3.270021,4.844916
5e7,66111,255,10,14.943050,377.230593,39.886099,23.623096,0.058117,0.632561,25.244552
5e7,68509,260,40,2.640470,379.344481,45.280940,23.525946,0.010088,0.112237,143.665517
5e7,70995,264,51,-4.943343,395.909374,41.113314,24.366538,0.018553,0.202874,80.089397
5e7,73571,269,37,1.317794,417.814706,39.635587,25.474612,0.004858,0.051730,317.056236
5e7,76240,274,0,23.043058,405.840698,46.086117,24.517733,0.083454,0.939853,17.612276
5e7,79006,279,14,7.278163,427.787020,28.556325,25.610939,0.025894,0.284182,58.776787
5e7,81872,284,-25,41.296065,422.411590,57.592130,25.065516,0.144325,1.647525,10.228858
5e7,84842,289,19,19.654281,459.786675,58.308562,27.046275,0.067476,0.726691,23.393716
5e7,87920,295,20,13.880782,462.494167,47.761563,26.927451,0.046813,0.515488,33.319029
5e7,91110,300,19,6.445168,502.197983,31.890336,28.994414,0.021353,0.222290,77.918525
5e7,94415,305,-83,88.462630,546.603853,93.925259,31.298446,0.287898,2.826422,6.178924
5e7,97841,311,-69,77.439075,567.320426,85.878150,32.169790,0.247571,2.407199,7.326023
5e7,101390,316,-18,50.846170,501.014061,83.692340,28.184243,0.159684,1.804064,9.853526
5e7,105069,322,-28,57.486493,602.088200,86.972985,33.553064,0.177349,1.713301,10.473559
5e7,108880,328,7,23.650477,549.003653,54.300954,30.313656,0.071675,0.780192,23.213217
5e7,112831,334,55,-14.021158,605.985982,26.957685,33.158078,0.041742,0.422858,43.219397
5e7,116924,340,112,-56.140001,636.001807,-0.280002,34.492041,0.164180,1.627622,11.328853
5e7,121166,346,71,-26.472624,606.731998,18.054751,32.618114,0.076051,0.811593,22.919224
5e7,125562,352,12,17.812725,561.519461,47.625449,29.929088,0.050269,0.595164,31.523502
5e7,130117,359,-13,36.097041,604.393843,59.194083,31.898687,0.100070,1.131615,16.743584
5e7,134838,365,3,21.291719,603.792377,45.583438,31.603937,0.057984,0.673705,28.358085
5e7,139729,372,-83,89.740342,608.725687,96.480685,31.560957,0.240074,2.843397,6.783189
5e7,144799,379,-54,66.972171,706.584637,79.944343,36.294815,0.176000,1.845227,10.550422
5e7,150052,385,-48,69.357554,584.641168,90.715107,29.796073,0.179049,2.327741,8.429380
5e7,155496,392,-56,82.943925,685.867046,109.887850,34.641517,0.210342,2.394350,8.269045
5e7,161137,399,-57,79.512216,703.729619,102.024432,35.230547,0.198078,2.256911,8.850585
5e7,166983,407,36,14.137862,733.631469,64.275724,36.364762,0.034598,0.388779,51.891259
5e7,173041,414,83,-32.167352,716.481883,18.665296,35.213163,0.077329,0.913504,22.273573
5e7,179319,421,75,-27.035775,702.233873,20.928451,34.224785,0.063845,0.789947,25.974247
5e7,185824,429,23,16.961275,791.049529,56.922550,38.192231,0.039347,0.444103,46.638565
5e7,192566,437,54,2.392192,718.586077,58.784383,34.374634,0.005451,0.069592,300.388169
5e7,199552,445,-7,37.951670,782.561096,68.903341,37.096954,0.084958,1.023040,20.619938
5e7,206792,453,1,22.475253,799.374533,45.950506,37.557892,0.049424,0.598416,35.566876
5e7,214294,461,1,31.570909,826.141630,64.141817,38.477252,0.068200,0.820508,26.167813
5e7,222069,469,-73,87.193735,819.916332,101.387469,37.860218,0.185030,2.303044,9.403386
5e7,230125,478,-141,156.858305,861.102490,172.716610,39.385911,0.326983,3.982599,5.489684
5e7,238474,486,-38,74.564757,898.689785,111.129514,40.765396,0.152691,1.829119,12.052474
5e7,247126,495,0,38.093910,932.395480,76.187819,41.908060,0.076630,0.908988,24.476235
5e7,256091,504,-75,110.157495,949.720777,145.314989,42.303926,0.217679,2.603954,8.621481
5e7,265382,513,1,42.437801,1003.763188,85.875603,44.317227,0.082379,0.957592,23.652573
5e7,275010,522,17,29.198872,1008.919301,75.397745,44.159198,0.055679,0.661218,34.553365
5e7,284987,532,74,-11.626627,1043.478861,50.746746,45.240546,0.021779,0.256996,89.749061
5e7,295326,541,137,-53.460593,1015.375793,30.078814,43.654415,0.098375,1.224632,18.992977
5e7,306040,551,155,-71.730569,1086.118619,11.538863,46.270209,0.129663,1.550254,15.141642
5e7,317143,561,115,-45.007583,1062.770057,24.984835,44.870187,0.079920,1.003062,23.613134
5e7,328649,571,-71,97.006283,1034.967550,123.012565,43.312044,0.169213,2.239707,10.669078
5e7,340572,582,-148,153.962775,1037.747756,159.925549,43.016028,0.263822,3.579195,6.740251
5e7,352928,592,-189,182.490705,1160.594165,175.981411,47.700126,0.307183,3.825791,6.359744
5e7,365732,603,-135,139.029519,1224.298041,143.059038,49.857270,0.229893,2.788551,8.806029
5e7,379001,614,13,25.984658,1210.124601,64.969316,48.836654,0.042208,0.532073,46.570734
5e7,392751,625,6,49.823887,1210.089466,105.647773,48.403579,0.079502,1.029343,24.287336
5e7,406999,636,95,-16.561823,1297.088150,61.876355,51.432891,0.025960,0.322008,78.317960
5e7,421765,647,161,-74.090013,1294.407704,12.819974,50.888418,0.114084,1.455931,17.470745
5e7,437066,659,-35,106.536463,1334.856891,178.072927,51.998642,0.161148,2.048832,12.529578
5e7,452923,671,25,40.744933,1259.956347,106.489865,48.640075,0.060543,0.837682,30.923019
5e7,469355,683,119,-42.087298,1383.077545,34.825404,52.921991,0.061433,0.795270,32.862113
5e7,486383,695,61,2.728258,1569.648356,66.456517,59.540156,0.003912,0.045822,575.329807
5e7,504028,708,-36,77.114729,1448.256144,118.229459,54.428799,0.108620,1.416800,18.780539
5e7,522314,721,-137,159.935092,1444.936590,182.870183,53.812251,0.221298,2.972094,9.034519
5e7,541263,734,-39,80.727631,1621.776712,122.455262,59.860871,0.109728,1.348588,20.089487
5e7,560900,747,-45,88.937578,1565.017689,132.875156,57.261003,0.118752,1.553196,17.596810
5e7,581249,760,-58,110.469605,1733.436598,162.939210,62.878354,0.144898,1.756878,15.691525
5e7,602336,774,-260,257.387549,1716.000329,254.775099,61.680358,0.331641,4.172926,6.666990
5e7,624189,788,-165,185.772917,1711.755909,206.545835,60.978779,0.235139,3.046517,9.214238
5e7,646834,802,102,-20.896165,1762.184531,60.207671,62.224899,0.025982,0.335817,84.330525
5e7,670301,817,234,-115.942459,1771.755775,2.115082,61.985888,0.141614,1.870465,15.281337
5e7,694619,831,232,-116.936393,1830.240704,-1.872787,63.490347,0.140306,1.841798,15.651592
5e7,719819,846,152,-42.383799,1874.612088,67.232402,64.450491,0.049956,0.657618,44.229449
5e7,745934,862,122,-33.776250,1811.595560,54.447500,61.703190,0.039108,0.547399,53.635189
5e7,772996,877,39,26.406543,2051.579492,91.813086,69.276917,0.030035,0.381174,77.692089
5e7,801040,893,-48,93.030106,1822.578705,138.060212,60.990271,0.103943,1.525327,19.591278
5e7,830101,909,-163,192.853007,1989.490334,222.706014,65.987229,0.211671,2.922581,10.316097
5e7,860216,925,-88,117.849514,2159.854058,147.699027,71.015564,0.127064,1.659489,18.327221
5e7,891425,942,-140,169.422867,2093.072427,198.845733,68.195985,0.179444,2.484353,12.354132
5e7,923765,959,-280,291.752113,2123.209645,303.504227,68.562015,0.303552,4.255302,7.277444
5e7,957279,976,-37,98.466219,2101.089205,159.932439,67.254227,0.100639,1.464090,21.338173
5e7,992008,994,276,-137.546659,2240.535283,0.906682,71.065464,0.138100,1.935492,16.289274
5e7,1027997,1012,110,-1.185418,2171.645647,107.629165,68.265096,0.001169,0.017365,1831.966596
5e7,1065293,1030,399,-226.135793,2445.282293,-53.271586,76.192178,0.219096,2.967966,10.813336
5e7,1103941,1049,182,-49.017924,2265.763053,83.964151,69.956286,0.046653,0.700694,46.223154
5e7,1143991,1068,-2,69.919206,2354.673393,137.838413,72.051836,0.065371,0.970401,33.677061
5e7,1185494,1087,-124,167.071701,2465.264789,210.143402,74.773688,0.153445,2.234365,14.755729
5e7,1228503,1106,-43,132.717108,2472.728140,222.434216,74.353053,0.119740,1.784958,18.631570
5e7,1273073,1126,-163,230.988390,2510.954407,298.976780,74.828947,0.204722,3.086885,10.870479
5e7,1319259,1147,-116,158.886214,2605.619550,201.772427,76.935945,0.138332,2.065175,16.399280
5e7,1367121,1167,13,73.497076,2695.695355,159.994152,78.910607,0.062859,0.931397,36.677586
5e7,1416719,1188,-19,84.991751,2896.098173,150.983502,84.024330,0.071406,1.011514,34.075050
5e7,1468117,1210,-69,139.452019,2891.199600,209.904038,83.116145,0.115092,1.677797,20.732576
5e7,1521379,1231,-272,289.444261,2934.787001,306.888522,83.646459,0.234664,3.460329,10.139386
5e7,1576574,1254,1,95.441423,2905.182480,191.882847,82.039810,0.076012,1.163355,30.439430
5e7,1633771,1276,89,29.075211,3003.964451,147.150422,84.094860,0.022747,0.345743,103.317030
5e7,1693044,1299,208,-72.676673,3130.241689,62.646654,86.850694,0.055855,0.836800,43.070789
5e7,1754466,1323,263,-104.161470,3146.130866,54.677061,86.496167,0.078638,1.204232,30.204363
5e7,1818117,1346,364,-183.233402,3298.744181,-2.466804,89.913749,0.135892,2.037880,18.002963
5e7,1884077,1371,101,15.520728,3282.316621,132.041457,88.646531,0.011307,0.175086,211.479548
5e7,1952430,1395,-211,263.178956,3323.470482,315.357913,88.982524,0.188349,2.957648,12.628177
5e7,2023263,1420,-369,397.460533,3576.043124,425.921067,94.898331,0.279427,4.188277,8.997228
5e7,2096666,1446,-350,371.360976,3644.325499,392.721952,95.836956,0.256467,3.874925,9.813431
5e7,2172732,1472,-321,323.405888,3542.175078,325.811775,92.324320,0.219404,3.502933,10.952723
5e7,2251557,1499,-213,264.822610,3657.691334,316.645219,94.472680,0.176487,2.803166,13.811854
5e7,2333242,1525,60,81.286642,3746.852524,222.573284,95.947061,0.053216,0.847203,46.094320
5e7,2417891,1553,281,-83.843233,3695.823390,113.313535,93.783294,0.053920,0.894010,44.080163
5e7,2505611,1581,331,-126.764286,3900.474714,77.471428,98.096053,0.080083,1.292247,30.769508
5e7,2596513,1609,196,-32.936329,3849.261414,130.127342,95.962021,0.020440,0.343223,116.869777
5e7,2690713,1638,109,43.578808,4194.256707,196.157615,103.632997,0.026567,0.420511,96.245330
5e7,2788330,1668,108,52.851262,4267.292284,213.702523,104.485101,0.031651,0.505826,80.741540
5e7,2889489,1698,-89,190.859415,4301.996653,292.718830,104.400175,0.112280,1.828152,22.540133
5e7,2994318,1728,180,9.554788,4610.928735,199.109577,110.921706,0.005522,0.086140,482.577802
5e7,3102950,1760,205,-11.928854,4899.822618,181.142292,116.794939,0.006772,0.102135,410.753844
5e7,3215523,1791,-531,495.853953,4796.136465,460.707906,113.329700,0.276521,4.375322,9.672478
5e7,3332180,1823,-415,412.728337,5004.487413,410.456674,117.210432,0.226100,3.521259,12.125379
5e7,3453070,1856,-484,497.957126,4886.362546,511.914252,113.421843,0.267972,4.390311,9.812818
5e7,3578345,1890,171,-6.522228,5264.920302,157.955545,121.104672,0.003448,0.053856,807.227313
5e7,3708165,1924,-48,178.544584,5559.762432,309.089167,126.751673,0.092719,1.408617,31.139351
5e7,3842695,1958,90,41.813015,5272.164120,173.626031,119.146853,0.021330,0.350937,126.089067
5e7,3982106,1994,76,76.960940,5355.315290,229.921881,119.928518,0.038567,0.641723,69.584847
5e7,4126574,2029,222,-19.948860,5522.469955,182.102281,122.600527,0.009820,0.162714,276.831359
5e7,4276284,2066,128,44.341924,5710.088217,216.683847,125.625458,0.021443,0.352969,128.774030
5e7,4431425,2103,308,-114.835576,5848.048332,78.328847,127.523821,0.054551,0.900503,50.925406
5e7,4592194,2141,270,-35.502544,6160.860315,198.994913,133.147504,0.016567,0.266641,173.532927
5e7,4758796,2179,-88,210.462516,6014.773370,332.925033,128.851848,0.096478,1.633368,28.578834
5e7,4931443,2219,-462,490.321654,6206.661141,518.643307,131.758725,0.220797,3.721360,12.658346
5e7,5110352,2259,-423,443.849389,6330.977577,464.698778,133.202587,0.196341,3.332138,14.263797
5e7,5295753,2299,-668,612.036521,6897.197132,556.073042,143.847777,0.265958,4.254751,11.269257
5e7,5487879,2341,-447,457.060337,6625.988825,467.120675,136.946202,0.195106,3.337517,14.496967
5e7,5686976,2383,425,-185.550240,6741.174479,53.899520,138.093598,0.077807,1.343656,36.330724
5e7,5893296,2426,373,-108.174901,6952.158797,156.650198,141.147856,0.044560,0.766394,64.267762
5e7,6107102,2469,220,21.685290,7235.308273,263.370581,145.611775,0.008775,0.148925,333.650512
5e7,6328664,2514,164,45.226691,7543.444136,254.453383,150.448216,0.017978,0.300613,166.791863
5e7,6558264,2559,979,-573.081699,7838.711692,-167.163397,154.956411,0.223780,3.698341,13.678175
5e7,6796194,2605,535,-222.900338,7736.643947,89.199325,151.582389,0.085502,1.470490,34.708983
5e7,7042755,2652,-477,537.294557,7797.222774,597.589115,151.409520,0.202461,3.548618,14.512008
5e7,7298262,2700,-651,654.453781,8136.943490,657.907561,156.595550,0.242253,4.179262,12.433183
5e7,7563039,2748,-288,416.172487,8534.567383,544.344975,162.807028,0.151330,2.556232,20.507284
5e7,7837421,2798,-24,194.099163,8807.921707,364.198326,166.513554,0.069333,1.165666,45.378463
5e7,8121758,2848,102,113.533169,9234.741053,329.066338,173.043276,0.039838,0.656097,81.339587
5e7,8416410,2899,34,181.595965,9517.376597,397.191930,176.763726,0.062595,1.027337,52.409626
5e7,8721753,2951,-756,819.075487,9906.453202,882.150974,182.361681,0.277346,4.491489,12.094677
5e7,9038173,3004,-174,292.275125,9981.947810,410.550251,182.123224,0.097219,1.604821,34.152574
5e7,9366072,3058,-352,420.808440,10155.906486,489.616881,183.653814,0.137501,2.291313,24.134275
5e7,9705867,3113,289,-75.462256,10665.626537,138.075489,191.159908,0.024222,0.394760,141.337235
5e7,10057990,3169,971,-487.838478,10543.558402,-4.676957,187.294959,0.153823,2.604654,21.612806
5e7,10422888,3226,1014,-534.451271,10944.706337,-54.902542,192.695659,0.165544,2.773551,20.478399
5e7,10801024,3284,458,-91.904443,11679.138139,274.191114,203.802366,0.027964,0.450949,127.079146
5e7,11192879,3344,-15,238.180393,11972.514782,461.360786,207.039041,0.071193,1.150413,50.266584
5e7,11598950,3404,-449,492.261346,12439.352924,535.522692,213.207763,0.144539,2.308834,25.269815
5e7,12019753,3465,-515,609.133991,12972.233843,703.267982,220.375418,0.175697,2.764074,21.296191
5e7,12455822,3527,-1014,991.090627,13081.007665,968.181254,220.261438,0.280819,4.499610,13.198599
5e7,12907712,3591,-1228,1103.519704,13645.562698,979.039409,227.710862,0.307153,4.846144,12.365491
5e7,13375995,3655,-435,538.942383,13226.050687,642.884767,218.769358,0.147360,2.463519,24.540751
5e7,13861268,3721,-99,268.580076,14073.218112,438.160152,230.708494,0.072139,1.164153,52.398593
5e7,14364147,3788,381,-0.967358,14443.621204,379.065283,234.677312,0.000255,0.004122,14930.993977
5e7,14885269,3856,593,-154.509454,14263.507529,283.981092,229.698322,0.040048,0.672663,92.314788
5e7,15425298,3926,926,-438.558943,15184.570818,48.882113,242.341267,0.111663,1.809675,34.623786
5e7,15984918,3996,617,-284.268975,15447.449553,48.462049,244.367838,0.071101,1.163283,54.340962
5e7,16564841,4068,752,-338.723342,16210.200767,74.553316,254.154569,0.083225,1.332745,47.856757
5e7,17165804,4141,-14,189.294158,16379.244439,364.588316,254.531331,0.045688,0.743697,86.527998
5e7,17788569,4216,-546,644.653605,16744.245322,743.307211,257.878584,0.152847,2.499834,25.974020
5e7,18433927,4291,-402,612.506924,17157.647428,823.013848,261.925922,0.142660,2.338474,28.012169
5e7,19102699,4369,-455,594.251057,18040.683186,733.502114,272.936713,0.135964,2.177249,30.358689
5e7,19795733,4447,-553,686.741167,18412.400092,820.482335,276.106632,0.154350,2.487232,26.811266
5e7,20513910,4527,-748,756.648653,18840.440410,765.297306,280.017906,0.167059,2.702144,24.899853
5e7,21258143,4609,440,-109.930329,19519.083002,220.139343,287.512054,0.023843,0.382350,177.558671
5e7,22029375,4692,-406,544.164610,18812.075704,682.329220,274.636159,0.115939,1.981402,34.570561
5e7,22828588,4776,275,39.673332,19819.915777,354.346664,286.793726,0.008303,0.138334,499.577799
5e7,23656795,4862,336,78.695249,20406.232089,493.390498,292.654593,0.016180,0.268901,259.307040
5e7,24515049,4949,123,212.152148,20819.186140,547.304295,295.940921,0.042848,0.716873,98.133280
5e7,25404440,5038,1069,-450.598999,20747.751180,167.802001,292.308840,0.089400,1.541517,46.044823
5e7,26326098,5129,1007,-437.264869,21602.026471,132.470263,301.632507,0.085222,1.449661,49.402612
5e7,27281193,5221,122,145.748213,22414.615416,413.496426,310.209037,0.027904,0.469839,153.789985
5e7,28270938,5315,-305,495.023206,22463.153747,685.046412,308.119437,0.093101,1.606595,45.377981
5e7,29296590,5411,-31,328.295373,22712.039790,625.590746,308.757399,0.060654,1.063279,69.181724
5e7,30359453,5508,-1888,1674.410051,23471.648835,1460.820102,316.261723,0.303889,5.294381,14.017862
5e7,31460875,5607,-1160,1174.450416,23936.134306,1188.900832,319.660324,0.209387,3.674058,20.380711
5e7,32602257,5708,-1442,1421.619339,25282.401150,1401.238678,334.638832,0.248977,4.248220,17.784227
5e7,33785047,5810,-1084,1109.712060,25975.601578,1135.424120,340.782707,0.190919,3.256363,23.407515
5e7,35010748,5915,1829,-1015.271224,26377.348213,-201.542448,342.968124,0.171586,2.960250,25.980593
5e7,36280916,6021,1629,-890.058540,26582.134587,-151.117080,342.574899,0.147768,2.598143,29.865603
5e7,37597166,6130,1812,-1076.644699,26852.420427,-341.289398,342.967684,0.175588,3.139202,24.940837
5e7,38961168,6240,479,69.359325,27567.837897,617.718651,348.987934,0.011112,0.198744,397.464043
5e7,40374656,6352,-881,1054.504391,27810.681513,1228.008783,348.944524,0.165956,3.021983,26.373225
5e7,41839424,6466,-338,677.026325,28545.992942,1016.052650,354.999142,0.104668,1.907121,42.163786
5e7,43357333,6583,390,186.687090,29826.989983,763.374181,367.618620,0.028352,0.507828,159.769965
5e7,44930310,6701,-485,738.168353,30557.319250,991.336707,373.289215,0.110125,1.977470,41.396138
5e7,46560355,6822,-762,911.974465,31889.330220,1061.948930,386.090877,0.133652,2.362072,34.967350
5e7,48249536,6944,-529,799.718923,33034.999095,1070.437846,396.432675,0.115131,2.017288,41.308262
5e7,50000000,7069,-908,1117.684101,34000.128705,1327.368201,404.391083,0.158064,2.763869,30.420160
1e8,10000,98,-23,26.088798,129.797155,29.177596,13.111493,0.260888,1.989766,4.975206
1e8,10393,100,-31,35.032769,120.411256,39.065537,12.041126,0.343640,2.909426,3.437104
1e8,10801,102,-18,24.027597,113.605916,30.055193,11.248662,0.231195,2.136040,4.728143
1e8,11226,104,2,9.124194,139.161990,20.248388,13.645956,0.086116,0.668637,15.251976
1e8,11667,106,22,-3.890477,126.412878,14.219045,12.278304,0.036018,0.316858,32.492896
1e8,12125,108,13,1.071845,133.493420,15.143690,12.845410,0.009734,0.083442,124.545445
1e8,12601,110,-2,20.878152,125.530597,39.756305,11.968873,0.185990,1.744371,6.012534
1e8,13096,112,-11,23.987410,156.434115,36.974819,14.781634,0.209611,1.622785,6.521509
1e8,13611,115,6,7.965806,142.667232,21.931612,13.303788,0.068279,0.598762,17.909956
1e8,14146,117,18,1.123509,142.732326,20.247018,13.195608,0.009446,0.085143,127.041574
1e8,14702,119,7,3.086112,177.907316,13.172224,16.308737,0.025452,0.189231,57.647720
1e8,15279,122,-3,13.495011,157.438179,23.990022,14.253783,0.109176,0.946767,11.666399
1e8,15879,124,-23,29.497177,186.440685,35.994355,16.742868,0.234082,1.761776,6.320628
1e8,16503,126,-26,32.678976,165.492556,39.357952,14.743249,0.254382,2.216538,5.064190
1e8,17152,129,-20,27.395357,191.096929,34.790713,16.825146,0.209180,1.628239,6.975523
1e8,17826,132,-3,15.962180,172.220725,28.924360,14.989890,0.119554,1.064863,10.789298
1e8,18526,134,-25,34.086732,194.260173,43.173464,16.781523,0.250435,2.031206,5.698997
1e8,19254,137,43,-13.401580,174.356202,16.196839,14.896256,0.096582,0.899661,13.010123
1e8,20010,139,23,-1.406040,188.257563,20.187921,15.967798,0.009940,0.088055,133.892076
1e8,20797,142,44,-19.800429,191.476992,4.399141,16.068392,0.137301,1.232260,9.670345
1e8,21614,145,3,16.297910,176.322037,35.595820,14.642748,0.110857,1.113036,10.818690
1e8,22463,148,-26,29.755455,209.621694,33.510909,17.230797,0.198533,1.726876,7.044816
1e8,23345,151,-38,42.619343,191.804398,47.238686,15.608821,0.278939,2.730465,4.500407
1e8,24263,154,-63,63.393666,211.541242,63.787332,17.046479,0.406981,3.718872,3.336946
1e8,25216,157,-7,16.110449,219.793944,25.220899,17.541466,0.101454,0.918421,13.642943
1e8,26207,160,3,18.306818,219.093672,39.613635,17.320876,0.113085,1.056922,11.967873
1e8,27236,163,-2,17.236671,215.118228,32.473342,16.849360,0.104444,1.022987,12.480265
1e8,28306,166,5,7.191420,224.302864,19.382839,17.409279,0.042744,0.413080,31.190346
1e8,29418,170,-5,24.184274,245.258841,43.368548,18.810494,0.141002,1.285680,10.141253
1e8,30574,173,32,-9.203386,209.550259,13.593228,15.931811,0.052635,0.577674,22.768822
1e8,31775,176,47,-16.804847,270.712204,13.390306,20.405700,0.094274,0.823537,16.109174
1e8,33024,180,13,6.956016,221.970530,26.912033,16.544706,0.038278,0.420438,31.910582
1e8,34321,183,-26,35.564760,278.938893,45.129520,20.619756,0.191973,1.724791,7.843126
1e8,35670,187,-22,27.981025,267.894341,33.962049,19.590374,0.148154,1.428305,9.574143
1e8,37071,191,-16,27.787964,269.853726,39.575928,19.525930,0.144324,1.423131,9.711173
1e8,38528,194,-15,34.406470,262.355211,53.812940,18.836006,0.175288,1.826633,7.625171
1e8,40042,198,-10,33.098227,261.189034,56.196454,18.561896,0.165404,1.783127,7.891330
1e8,41615,203,-17,32.846669,303.408355,48.693339,21.295092,0.161015,1.542453,9.237112
1e8,43250,206,-44,49.790901,322.292645,55.581802,22.455193,0.239418,2.217345,6.472923
1e8,44949,210,0,27.063461,317.099017,54.126923,21.881911,0.127651,1.236796,11.716868
1e8,46715,214,38,-14.078933,328.387831,9.842134,22.448130,0.065139,0.627176,23.324767
1e8,48550,218,83,-36.702361,340.081977,9.595279,23.033258,0.166571,1.593451,9.265943
1e8,50458,223,7,18.599299,354.444206,44.198597,23.735340,0.082800,0.783612,19.056859
1e8,52440,228,10,6.961714,358.178454,23.923429,23.720948,0.030401,0.293484,51.449749
1e8,54501,231,9,9.429295,328.854255,27.858591,21.637021,0.040390,0.435795,34.875803
1e8,56642,236,-30,47.094067,337.385551,64.188135,21.961929,0.197878,2.144350,7.164078
1e8,58867,241,-61,68.580532,429.102654,76.161063,27.640932,0.282660,2.481122,6.256916
1e8,61180,245,-66,73.365674,387.862969,80.731348,24.779656,0.296612,2.960722,5.286709
1e8,63584,250,-49,52.960149,370.910540,56.920297,23.458442,0.210027,2.257616,7.003578
1e8,66082,255,9,17.341647,370.218420,43.683293,23.183977,0.067460,0.748001,21.348516
1e8,68678,260,51,-9.960937,422.158894,31.078126,26.181183,0.038009,0.380462,42.381445
1e8,71377,265,30,4.724243,411.571707,39.448486,25.282649,0.017683,0.186857,87.119084
1e8,74181,270,48,-7.023943,386.885251,33.952115,23.545087,0.025789,0.298319,55.080924
1e8,77096,276,9,9.712436,426.153287,28.424872,25.651413,0.034979,0.378632,43.877074
1e8,80125,281,4,24.587602,408.242130,53.175204,24.353684,0.086862,1.009605,16.603576
1e8,83273,287,-37,58.099798,428.513540,79.199596,25.294354,0.201337,2.296947,7.375474
1e8,86544,292,31,9.499034,414.676821,49.998067,24.267125,0.032289,0.391436,43.654632
1e8,89945,298,16,7.622152,515.995462,31.244305,29.890815,0.025415,0.255000,67.696819
1e8,93478,304,-54,68.193522,518.648514,82.387044,29.746532,0.223043,2.292486,7.605539
1e8,97151,310,-97,99.742415,553.019035,102.484830,31.409371,0.320005,3.175562,5.544472
1e8,100968,316,-5,36.497127,528.894401,67.994254,29.752635,0.114859,1.226686,14.491398
1e8,104935,322,-21,52.459147,559.477382,83.918295,31.178456,0.161943,1.682545,10.665011
1e8,109058,328,4,29.440214,545.025596,62.880428,30.094004,0.089148,0.978275,18.512963
1e8,113343,335,49,-7.133265,584.382344,34.733470,31.928218,0.021188,0.223416,81.923544
1e8,117796,341,79,-26.803375,611.467776,25.393250,33.112837,0.078095,0.809456,22.813089
1e8,122424,348,36,3.359035,594.661164,42.718070,31.877184,0.009600,0.105374,177.033339
1e8,127234,355,53,-11.211907,633.350221,30.576186,33.614739,0.031432,0.333541,56.489073
1e8,132233,362,7,13.838630,598.376343,34.677261,31.449962,0.038056,0.440021,43.239564
1e8,137428,369,-75,79.562784,590.801666,84.125567,30.755906,0.214621,2.586911,7.425603
1e8,142827,376,-78,78.569241,658.536806,79.138481,33.961443,0.207897,2.313484,8.381611
1e8,148439,383,-46,58.539038,684.926871,71.078075,34.998128,0.151940,1.672633,11.700344
1e8,154271,391,-99,121.927330,706.148784,144.854661,35.711479,0.310427,3.414234,5.791555
1e8,160332,398,-53,71.262708,676.173683,89.525416,33.893524,0.177972,2.102546,9.488465
1e8,166632,406,35,15.986028,699.824132,66.972056,34.731689,0.039162,0.460272,43.777236
1e8,173178,414,89,-37.356792,693.339098,14.286416,34.075758,0.089768,1.096286,18.559921
1e8,179982,422,36,2.223758,645.927738,40.447516,31.443270,0.005242,0.070723,290.466728
1e8,187054,431,56,-9.578108,739.213966,36.843784,35.606684,0.022146,0.268997,77.177452
1e8,194403,439,18,26.830648,730.816230,71.661295,34.879956,0.060853,0.769228,27.238114
1e8,202041,447,-4,47.346933,770.915346,90.693865,36.463045,0.105335,1.298491,16.282266
1e8,209979,456,-65,78.319659,819.195161,91.639319,38.362328,0.170916,2.041577,10.459636
1e8,218229,465,-16,49.399029,845.966562,82.798058,39.230760,0.105746,1.259191,17.125166
1e8,226803,474,-57,66.976349,826.720425,76.952698,37.972527,0.140636,1.763811,12.343468
1e8,235714,484,-47,84.030808,856.818408,121.061617,38.946291,0.173080,2.157607,10.196479
1e8,244975,493,-14,57.838591,894.584798,101.677183,40.290073,0.116858,1.435554,15.466919
1e8,254600,503,-32,60.649908,912.915967,89.299816,40.704911,0.120199,1.489990,15.052223
1e8,264603,512,9,44.004074,919.399276,97.008148,40.632091,0.085545,1.082988,20.893504
1e8,274999,522,20,27.939172,1001.148964,75.878343,43.819100,0.053278,0.637603,35.833166
1e8,285803,533,86,-13.585693,997.826467,58.828614,43.220662,0.025413,0.314333,73.446858
1e8,297032,543,150,-63.102151,982.168014,23.795698,42.148864,0.115782,1.497126,15.564731
1e8,308702,554,192,-90.601056,1070.388247,10.797888,45.476439,0.163066,1.992264,11.814302
1e8,320831,564,30,25.022611,1005.164385,80.045222,42.325056,0.044177,0.591201,40.170244
1e8,333436,575,-107,115.294422,1054.692028,123.588845,43.983698,0.199665,2.621299,9.147815
1e8,346536,587,-210,211.538229,1211.714269,213.076459,50.012800,0.359348,4.229682,5.728110
1e8,360152,598,-153,149.892695,1159.386305,146.785390,47.410832,0.249768,3.161571,7.734775
1e8,374302,610,19,31.573458,1190.278612,82.146917,48.192972,0.051607,0.655147,37.698709
1e8,389008,622,62,8.504114,1333.831323,79.008228,53.481764,0.013635,0.159010,156.845420
1e8,404291,634,49,6.326351,1313.683359,61.652701,52.173031,0.009950,0.121257,207.652636
1e8,420176,646,144,-48.812383,1320.639367,46.375234,51.959861,0.075303,0.939425,27.055417
1e8,436684,659,-49,125.967215,1334.326147,202.934430,51.977967,0.190622,2.423473,10.592646
1e8,453841,672,42,30.651955,1339.582402,103.303911,51.675513,0.045499,0.593162,43.703000
1e8,471672,685,93,-16.708123,1413.567944,59.583753,54.009655,0.024328,0.309354,84.603633
1e8,490204,698,8,45.562246,1506.159959,99.124492,57.008995,0.065075,0.799212,33.057193
1e8,509463,712,-49,102.780173,1502.985884,156.560347,56.326777,0.143997,1.824712,14.623306
1e8,529480,726,-143,154.163423,1560.340389,165.326846,57.909663,0.211864,2.662136,10.121340
1e8,550283,740,1,66.682837,1568.664260,134.365674,57.665245,0.089892,1.156378,23.524258
1e8,571903,754,3,45.588688,1687.354423,94.177376,61.449824,0.060283,0.741885,37.012568
1e8,594372,769,-185,191.310233,1585.965035,197.620467,57.191362,0.248147,3.345090,8.290017
1e8,617725,784,-260,267.101809,1696.695761,274.203617,60.596277,0.339844,4.407891,6.352244
1e8,641995,799,57,32.592312,1759.718790,122.184623,62.254376,0.040677,0.523534,53.991838
1e8,667218,815,202,-86.546227,1707.185301,28.907545,59.800093,0.105953,1.447259,19.725704
1e8,693432,831,257,-139.694963,1879.191644,-22.389927,65.188436,0.167756,2.142941,13.452107
1e8,720677,847,125,-17.982847,1840.377937,89.034306,63.236134,0.021183,0.284376,102.340745
1e8,748992,863,121,-29.673977,1780.743288,61.652047,60.617206,0.034288,0.489531,60.010268
1e8,778419,880,16,37.536539,2021.777956,91.073078,68.154121,0.042545,0.550760,53.861598
1e8,809002,897,-10,56.529821,1908.038182,103.059642,63.707541,0.062850,0.887333,33.752772
1e8,840787,915,-146,166.843814,1996.159427,187.687629,65.990995,0.181956,2.528282,11.964240
1e8,873821,933,-84,117.776298,1988.563774,151.552596,65.102655,0.125993,1.809086,16.884244
1e8,908153,951,-203,228.409441,2001.804310,253.818882,64.912952,0.239682,3.518704,8.764105
1e8,943834,970,-249,278.885123,2082.609510,308.770246,66.868561,0.287063,4.170646,7.467625
1e8,980916,988,109,4.240835,2191.551463,117.481671,69.722540,0.004282,0.060824,516.773520
1e8,1019455,1008,112,-11.541786,2186.947078,88.916428,68.882358,0.011431,0.167558,189.480819
1e8,1059509,1027,354,-180.324968,2402.463856,-6.649935,74.967260,0.175188,2.405383,13.322968
1e8,1101136,1047,204,-72.201241,2184.719169,59.597518,67.518421,0.068806,1.069356,30.258748
1e8,1144399,1068,10,67.267460,2369.112405,144.534920,72.493662,0.062881,0.927908,35.219293
1e8,1189361,1089,-182,231.910278,2439.500025,281.820557,73.924243,0.212649,3.137134,10.519154
1e8,1236090,1110,62,25.513804,2548.506775,113.027607,76.493460,0.022948,0.333542,99.887371
1e8,1284655,1131,-178,217.488731,2488.659489,256.977462,74.000419,0.191886,2.939020,11.442705
1e8,1335128,1153,3,49.866229,2803.662467,102.732458,82.567869,0.043156,0.603942,56.223672
1e8,1387584,1176,-100,162.048446,2933.845202,224.096892,85.552663,0.137567,1.894137,18.104741
1e8,1442101,1199,-86,147.647529,2841.265887,209.295058,82.054478,0.122950,1.799384,19.243572
1e8,1498760,1222,-323,356.236173,2915.108117,389.472345,83.390977,0.290986,4.271879,8.183077
1e8,1557645,1246,-67,152.073762,2974.669170,237.147523,84.271292,0.121848,1.804574,19.560700
1e8,1618844,1270,152,-51.843409,3043.150971,48.313181,85.392875,0.040747,0.607116,58.698898
1e8,1682447,1295,146,-3.541186,3048.887900,138.917628,84.724024,0.002730,0.041797,860.979337
1e8,1748549,1320,284,-122.126816,3109.929083,39.746369,85.597981,0.092357,1.426749,25.464752
1e8,1817248,1346,357,-180.742453,3300.490540,-4.484905,89.961350,0.134077,2.009112,18.260738
1e8,1888646,1372,94,40.508796,3245.913031,175.017592,87.631415,0.029476,0.462263,80.128598
1e8,1962850,1399,-298,364.535893,3265.958058,431.071786,87.317591,0.260194,4.174828,8.959222
1e8,2039968,1426,-306,319.148781,3449.739527,332.297561,91.353784,0.223451,3.493547,10.809189
1e8,2120117,1454,-405,377.588774,3593.764373,350.177549,94.246970,0.259322,4.006376,9.517667
1e8,2203415,1482,-230,252.300623,3614.901328,274.601247,93.901460,0.169969,2.686866,14.327754
1e8,2289985,1511,-246,291.517402,3665.670783,337.034804,94.302070,0.192641,3.091315,12.574449
1e8,2379957,1541,300,-109.787065,3853.293618,80.425871,98.159149,0.071165,1.118460,35.097884
1e8,2473463,1571,228,-9.582178,3819.749542,208.835643,96.371095,0.006093,0.099430,398.630603
1e8,2570643,1601,304,-127.186552,4069.195656,49.626896,101.698116,0.079327,1.250628,31.993914
1e8,2671642,1633,105,56.980816,4114.930893,218.961631,101.828525,0.034861,0.559576,72.216076
1e8,2776608,1664,190,-34.408273,4541.002701,121.183454,111.320487,0.020649,0.309092,131.974154
1e8,2885699,1697,-125,173.001952,4382.792890,221.003904,106.392258,0.101842,1.626077,25.333777
1e8,2999076,1730,85,44.218515,4469.636095,173.437030,107.460564,0.025534,0.411486,101.080647
1e8,3116907,1763,78,79.140612,4893.382078,236.281223,116.542135,0.044827,0.679073,61.831492
1e8,3239368,1798,-646,601.231808,5065.902517,556.463616,119.470859,0.334050,5.032456,8.425872
1e8,3366640,1833,-251,289.109056,4816.555603,327.218112,112.500731,0.157566,2.569842,16.659996
1e8,3498912,1869,-106,208.006935,4973.630748,310.013869,115.045302,0.111202,1.808044,23.910889
1e8,3636382,1905,7,135.151984,5081.367490,277.303967,116.421480,0.070874,1.160885,37.597432
1e8,3779252,1942,141,12.416873,5421.869134,165.833746,123.033794,0.006387,0.100922,436.653351
1e8,3927736,1980,164,-9.639089,5338.158757,144.721822,119.966197,0.004864,0.080348,553.803246
1e8,4082053,2018,126,61.852130,5348.062005,249.704259,119.051769,0.030614,0.519540,86.465285
1e8,4242434,2058,254,-42.821335,5701.851406,168.357331,125.687825,0.020790,0.340696,133.154453
1e8,4409115,2098,507,-242.272401,6044.024239,22.455198,131.954272,0.115379,1.836033,24.947226
1e8,4582346,2139,347,-121.937658,5827.922463,103.124684,126.010975,0.056963,0.967675,47.794279
1e8,4762382,2180,-142,247.953567,5988.990419,353.907135,128.270082,0.113621,1.933058,24.153677
1e8,4949492,2223,-593,572.108286,6295.092268,551.216571,133.515710,0.257157,4.284951,11.003323
1e8,5143954,2266,-486,504.994431,6359.974579,523.988861,133.605835,0.222658,3.779733,12.594148
1e8,5346056,2310,-796,755.728066,6644.365070,715.456132,138.244384,0.326850,5.466610,8.792005
1e8,5556098,2355,-241,308.575641,6955.593929,376.151282,143.330549,0.130911,2.152895,22.540969
1e8,5774392,2401,397,-90.487409,6993.718283,216.025182,142.728945,0.037656,0.633981,77.289408
1e8,6001263,2448,262,13.180105,7374.704057,288.360209,149.052371,0.005380,0.088426,559.533040
1e8,6237048,2495,301,-77.823173,7505.851221,145.353655,150.267367,0.031162,0.517898,96.447510
1e8,6482096,2544,1018,-610.996761,7724.388910,-203.993523,153.145972,0.239983,3.989637,12.642275
1e8,6736773,2594,432,-144.435547,7756.340988,143.128907,152.290183,0.055648,0.948423,53.701053
1e8,7001455,2644,-171,270.128668,8060.117626,369.257336,156.751121,0.102088,1.723297,29.838068
1e8,7276536,2696,-569,557.953401,8090.034461,546.906801,155.808242,0.206841,3.581026,14.499481
1e8,7562425,2748,-302,406.872077,8525.678989,511.744154,162.637471,0.147954,2.501712,20.954200
1e8,7859547,2801,-159,392.971544,8724.505815,626.943088,164.848228,0.140172,2.383838,22.201368
1e8,8168342,2856,246,-9.387540,9203.170895,227.224921,172.210007,0.003285,0.054512,980.360277
1e8,8489269,2912,158,86.903199,9327.405228,331.806398,172.848319,0.029826,0.502771,107.330977
1e8,8822805,2968,-743,825.489351,10138.633356,907.978703,186.100470,0.277913,4.435719,12.281967
1e8,9169446,3026,-257,328.111278,10477.318574,399.222557,190.465222,0.108355,1.722683,31.932211
1e8,9529706,3085,88,108.704919,10371.589274,305.409838,186.731560,0.035214,0.582145,95.410487
1e8,9904120,3145,661,-341.663832,10372.433948,-22.327663,184.956821,0.108565,1.847263,30.358595
1e8,10293245,3206,1043,-563.907832,11241.732285,-84.815664,198.541583,0.175765,2.840251,19.935407
1e8,10697658,3269,460,-110.276506,11796.249649,239.446988,206.317703,0.033716,0.534499,106.969744
1e8,11117960,3332,-169,376.799610,11999.114499,584.599219,207.872338,0.113005,1.812649,31.844817
1e8,11554775,3397,-321,433.127293,12061.341144,545.254587,206.941612,0.127419,2.092993,27.847105
1e8,12008753,3463,-524,608.616720,13157.403402,693.233440,223.585659,0.175628,2.722074,21.618538
1e8,12480567,3531,-963,922.855302,13120.094696,882.710604,220.794429,0.261226,4.179704,14.216849
1e8,12970918,3600,-1151,1060.793924,13505.734535,970.587847,225.095576,0.294541,4.712638,12.731723
1e8,13480535,3670,-36,221.053195,13671.117635,406.106390,225.668524,0.060206,0.979548,61.845375
1e8,14010174,3741,74,195.632609,14019.469686,465.265217,229.212201,0.052266,0.853500,71.662234
1e8,14560622,3814,465,-118.048919,14175.602558,228.902161,229.536198,0.030937,0.514293,120.082442
1e8,15132696,3888,568,-210.805788,14852.600393,146.388425,238.198690,0.054191,0.885000,70.456322
1e8,15727247,3964,645,-250.623210,15270.602329,143.753581,242.543335,0.063197,1.033313,60.930519
1e8,16345158,4041,682,-290.042063,15867.433617,101.915874,249.610164,0.071741,1.161980,54.707353
1e8,16987346,4120,-307,479.971195,15839.831564,652.942390,246.775449,0.116453,1.944971,33.001630
1e8,17654764,4200,-572,624.785065,16986.782696,677.570129,262.111747,0.148696,2.383659,27.188202
1e8,18348405,4282,-655,844.015256,17029.461725,1033.030512,260.242121,0.197039,3.243192,20.176723
1e8,19069299,4365,-324,496.538094,17873.715303,669.076188,270.534535,0.113706,1.835396,35.996665
1e8,19818516,4450,-540,674.424192,18615.447201,808.848383,279.057352,0.151495,2.416794,27.601986
1e8,20597169,4536,-626,743.026985,18460.055759,860.053969,274.092079,0.163720,2.710866,24.844395
1e8,21406415,4625,246,130.478903,19050.982910,506.957806,280.131224,0.028201,0.465778,146.008147
1e8,22247455,4715,580,-191.701050,19482.770287,196.597900,283.733007,0.040643,0.675639,101.631005
1e8,23121539,4806,202,115.543496,19772.369405,433.086992,285.211369,0.024029,0.405115,171.124902
1e8,24029965,4900,696,-267.418030,20687.200451,161.163940,295.531435,0.054552,0.904872,77.359034
1e8,24974082,4995,615,-159.942077,21355.547208,295.115846,302.164165,0.032005,0.529322,133.520507
1e8,25955293,5093,944,-366.052712,21798.221882,211.894575,305.445851,0.071851,1.198421,59.549407
1e8,26975055,5192,232,104.867600,21546.003800,441.735200,299.019417,0.020191,0.350705,205.459110
1e8,28034883,5293,-344,672.018951,22083.285887,1000.037903,303.537776,0.126921,2.213955,32.861106
1e8,29136350,5396,-108,384.694808,22941.496421,661.389615,312.309915,0.071269,1.231773,59.635576
1e8,30281093,5501,-1692,1565.202756,23774.368692,1438.405512,320.544383,0.284436,4.882952,15.189322
1e8,31470812,5608,-1153,1163.187852,24093.215234,1173.375704,321.729407,0.207346,3.615423,20.713090
1e8,32707274,5717,-1736,1589.090488,25102.060867,1442.180976,331.990214,0.277860,4.786558,15.796496
1e8,33992316,5828,-641,750.170468,24875.422706,859.340936,325.844727,0.128668,2.302233,33.159693
1e8,35327846,5942,2140,-1161.664163,26757.326854,-183.328326,347.117413,0.195444,3.346603,23.033617
1e8,36715847,6057,2175,-1314.987736,27043.973485,-454.975471,347.489523,0.217018,3.784251,20.565951
1e8,38158383,6175,1744,-1019.411199,27097.334704,-294.822398,344.832424,0.165027,2.956251,26.581359
1e8,39657594,6295,-748,964.577932,28106.404512,1181.155864,354.248015,0.153170,2.722889,29.138552
1e8,41215708,6418,-888,1027.415880,28630.489075,1166.831759,357.378902,0.160035,2.874864,27.866504
1e8,42835039,6543,-586,705.497346,29923.836108,824.994692,369.937883,0.107794,1.907070,42.415236
1e8,44517992,6670,446,-17.458380,30117.484923,411.083240,368.770171,0.002617,0.047342,1725.101924
1e8,46267067,6800,-1250,1215.656321,32026.808693,1181.312642,388.382103,0.178721,3.130052,26.345282
1e8,48084861,6932,-607,863.581299,32210.363498,1120.162598,386.871154,0.124537,2.232219,37.298588
1e8,49974076,7067,-972,1146.179582,34733.450250,1320.359164,413.171522,0.162136,2.774101,30.303672
1e8,51937516,7205,-1246,1381.428934,35230.869309,1516.857868,415.055685,0.191685,3.328298,25.503208
1e8,53978097,7345,341,180.503884,35593.521368,702.007768,415.312551,0.024568,0.434622,197.189781
1e8,56098852,7488,740,-207.824208,36208.814447,324.351585,418.438260,0.027747,0.496666,174.228089
1e8,58302929,7634,618,-136.205338,37544.857664,345.589324,429.708935,0.017838,0.316971,275.648944
1e8,60593603,7782,1701,-804.223913,38378.253900,92.552175,435.050426,0.103315,1.848576,47.720856
1e8,62974276,7934,1448,-657.717854,38584.303858,132.564292,433.176184,0.082882,1.518361,58.663914
1e8,65448483,8088,2301,-1202.923111,40212.888515,-104.846222,447.141211,0.148692,2.690253,33.429309
1e8,68019899,8245,-404,852.217714,41011.082304,1300.435429,451.654041,0.103331,1.886882,48.122776
1e8,70692344,8406,-1987,1875.499922,41750.084457,1763.999844,455.368165,0.223065,4.118645,22.260776
1e8,73469788,8569,-2346,2256.009858,43100.539505,2166.019716,465.605000,0.263200,4.845330,19.104766
1e8,76356355,8736,-2813,2530.508014,44675.537473,2248.016029,477.984126,0.289591,5.294126,17.654770
1e8,79356333,8906,830,-415.175332,46979.596910,-0.350664,497.814957,0.046606,0.833995,113.156041
1e8,82474177,9080,210,181.599196,47148.728350,573.198393,494.797002,0.019997,0.367018,259.630710
1e8,85714519,9256,875,-180.179586,47711.682829,514.640828,495.921643,0.019462,0.363323,264.800713
1e8,89082171,9436,180,399.687021,48508.011697,979.374042,499.366619,0.042347,0.800388,121.364991
1e8,92582136,9620,2894,-1517.156438,51231.602635,-140.312876,522.336537,0.157676,2.904557,33.768174
1e8,96219611,9807,1157,-453.531248,51646.548970,249.937504,521.522704,0.046235,0.869629,113.876495
1e8,100000000,9998,1928,-797.389879,54415.545437,333.220243,544.209878,0.079739,1.465225,68.242082
