k,n_samples,Kprime_over_K,mean_Kprime,rms_S,C_rms_all,C_rms_sf
6,132,0.001000000,1.000,55.569342,1.000000000,1.000000000
6,132,0.001052572,1.000,55.569342,1.000000000,1.000000000
6,132,0.001107907,1.000,55.569342,1.000000000,1.000000000
6,132,0.001166151,1.000,55.569342,1.000000000,1.000000000
6,132,0.001227458,1.000,55.569342,1.000000000,1.000000000
6,132,0.001291987,1.000,55.569342,1.000000000,1.000000000
6,132,0.001359909,1.000,55.569342,1.000000000,1.000000000
6,132,0.001431401,1.000,55.569342,1.000000000,1.000000000
6,132,0.001506652,1.000,55.569342,1.000000000,1.000000000
6,132,0.001585860,1.000,55.569342,1.000000000,1.000000000
6,132,0.001669231,1.000,55.569342,1.000000000,1.000000000
6,132,0.001756985,1.000,55.569342,1.000000000,1.000000000
6,132,0.001849352,1.000,55.569342,1.000000000,1.000000000
6,132,0.001946576,1.000,55.569342,1.000000000,1.000000000
6,132,0.002048910,1.000,55.569342,1.000000000,1.000000000
6,132,0.002156625,1.015,54.830834,0.979485571,0.979485571
6,132,0.002270002,1.053,52.777104,0.923127468,0.923127468
6,132,0.002389339,1.083,50.967880,0.880610658,0.880610658
6,132,0.002514951,1.114,49.573187,0.844894004,0.844894004
6,132,0.002647165,1.136,48.257587,0.815772053,0.815772053
6,132,0.002786331,1.167,46.777721,0.781702405,0.781702405
6,132,0.002932813,1.197,45.242816,0.748112416,0.748112416
6,132,0.003086996,1.227,44.355029,0.723243526,0.723243526
6,132,0.003249284,1.250,43.742727,0.705477290,0.705477290
6,132,0.003420104,1.280,42.512308,0.680414770,0.680414770
6,132,0.003599904,1.326,40.920436,0.646124690,0.646124690
6,132,0.003789156,1.386,39.946808,0.620740390,0.620740390
6,132,0.003988358,1.439,38.720186,0.596134502,0.596134502
6,132,0.004198033,1.492,38.152868,0.579340479,0.579340479
6,132,0.004418730,1.545,36.972839,0.554716658,0.554716658
6,132,0.004651029,1.598,35.762913,0.529134261,0.529134261
6,132,0.004895541,1.652,35.081745,0.512678479,0.512678479
6,132,0.005152908,1.735,35.641018,0.511206293,0.514578702
6,132,0.005423804,1.811,35.902381,0.506169989,0.513278159
6,132,0.005708942,1.886,35.582467,0.494609042,0.505017768
6,132,0.006009070,1.970,34.093010,0.467826518,0.479728983
6,132,0.006324976,2.045,33.888102,0.460008059,0.473600203
6,132,0.006657490,2.159,34.444692,0.461085672,0.475938974
6,132,0.007007485,2.265,35.140350,0.463841700,0.480457680
6,132,0.007375880,2.356,36.815511,0.479888941,0.498522371
6,132,0.007763641,2.470,36.955552,0.475331223,0.494920987
6,132,0.008171788,2.598,37.294845,0.472145099,0.493075391
6,132,0.008601392,2.720,37.437279,0.467334000,0.489292357
6,132,0.009053580,2.841,37.353939,0.460167350,0.482676625
6,132,0.009529541,2.985,40.657208,0.492900211,0.517503286
6,132,0.010030524,3.136,40.909131,0.488926284,0.513779924
6,132,0.010557845,3.295,41.149472,0.486122741,0.511018098
6,132,0.011112887,3.477,40.838305,0.477027092,0.502916048
6,132,0.011697109,3.636,40.368581,0.466955184,0.493091468
6,132,0.012312044,3.818,41.258869,0.470555834,0.499375769
6,132,0.012959308,4.023,42.556548,0.478183167,0.510086883
6,132,0.013640599,4.220,44.723492,0.495464883,0.531047892
6,132,0.014357707,4.432,45.206541,0.493563014,0.531069873
6,132,0.015112514,4.667,45.663855,0.492352512,0.531212597
6,132,0.015907003,4.902,45.082785,0.480890400,0.520334698
6,132,0.016743259,5.152,45.548884,0.479593582,0.520518732
6,132,0.017623478,5.447,46.289980,0.480576835,0.523959624
6,132,0.018549972,5.720,47.342317,0.486067693,0.531484830
6,132,0.019525174,6.030,46.526092,0.471958495,0.517140621
6,132,0.020551643,6.326,47.162058,0.473483720,0.519592470
6,132,0.021632075,6.659,48.226249,0.476856700,0.524497474
6,132,0.022769307,7.008,49.611375,0.483014481,0.533022526
6,132,0.023966325,7.386,50.705877,0.487718126,0.539421837
6,132,0.025226273,7.780,50.504532,0.479628189,0.531946749
6,132,0.026552457,8.174,51.412524,0.483005392,0.537141974
6,132,0.027948362,8.591,51.680854,0.480136828,0.535322965
6,132,0.029417651,9.091,50.277300,0.462784451,0.517049483
6,132,0.030964183,9.538,49.155615,0.448260959,0.501616248
6,132,0.032592019,10.038,50.299473,0.453153675,0.508034964
6,132,0.034305433,10.583,53.315392,0.473373898,0.532200351
6,132,0.036108923,11.152,54.944700,0.480562092,0.542483024
6,132,0.038007226,11.750,55.114037,0.476319560,0.539120633
6,132,0.040005326,12.333,54.934070,0.470196478,0.533597874
6,132,0.042108469,12.992,54.210657,0.458884061,0.522144053
6,132,0.044322177,13.652,54.560319,0.458278804,0.522351314
6,132,0.046652263,14.379,54.553012,0.453549009,0.518166893
6,132,0.049104846,15.159,54.877240,0.449938869,0.515251568
6,132,0.051686365,15.924,55.659725,0.451627475,0.518171108
6,132,0.054403599,16.773,54.784699,0.440135179,0.505873188
6,132,0.057263681,17.667,55.955191,0.444103526,0.511399291
6,132,0.060274123,18.614,60.616943,0.473848896,0.546751953
6,132,0.063442828,19.598,61.601368,0.475763225,0.549905735
6,132,0.066778118,20.583,60.484020,0.463026014,0.535878601
6,132,0.070288748,21.689,58.121908,0.441509734,0.511607216
6,132,0.073983938,22.811,56.160513,0.423315808,0.491355113
6,132,0.077873390,24.015,57.189395,0.426723204,0.496279972
6,132,0.081967317,25.295,56.592266,0.417174989,0.486443302
6,132,0.086276467,26.644,60.914219,0.442983641,0.517939545
6,132,0.090812157,28.030,62.795344,0.451549357,0.528728822
6,132,0.095586295,29.508,63.928395,0.454380515,0.532879118
6,132,0.100611416,31.061,63.287967,0.445457352,0.523303471
6,132,0.105900717,32.682,61.350679,0.427852022,0.503382015
6,132,0.111468084,34.394,60.537621,0.418387381,0.492884208
6,132,0.117328136,36.197,60.826135,0.416227986,0.491143081
6,132,0.123496261,38.121,57.633388,0.390633114,0.461639803
6,132,0.129988653,40.121,60.186075,0.403533735,0.477565398
6,132,0.136822361,42.242,61.292713,0.405749382,0.481041027
6,132,0.144015328,44.424,63.726699,0.417689689,0.495937665
6,132,0.151586440,46.826,66.388041,0.430159399,0.511619824
6,132,0.159555577,49.220,67.216251,0.431308748,0.513560977
6,132,0.167943665,51.803,66.421118,0.422657908,0.503769570
6,132,0.176772727,54.538,61.553524,0.388379052,0.463462897
6,132,0.186065947,57.455,59.285166,0.370797836,0.443079395
6,132,0.195847726,60.402,57.968210,0.359532461,0.430079674
6,132,0.206143749,63.621,61.220268,0.375430832,0.449761573
6,132,0.216981050,66.962,67.039738,0.406079486,0.487193715
6,132,0.228388085,70.470,71.484938,0.427555241,0.513843104
6,132,0.240394805,74.205,68.809785,0.407992489,0.490858023
6,132,0.253032738,78.083,67.707904,0.398773704,0.480188926
6,132,0.266335067,82.189,63.374715,0.370398190,0.446407447
6,132,0.280336720,86.500,67.918587,0.391799132,0.473040731
6,132,0.295074462,91.061,65.973704,0.377330529,0.456030526
6,132,0.310586990,95.826,63.814963,0.361641677,0.437453868
6,132,0.326915037,100.833,66.667445,0.373426788,0.452159631
6,132,0.344101474,106.167,70.069723,0.389076764,0.471546377
6,132,0.362191429,111.727,72.885593,0.400405519,0.485808396
6,132,0.381232402,117.614,73.789914,0.401421278,0.487524485
6,132,0.401274389,123.795,74.124805,0.399576929,0.485716960
6,132,0.422370014,130.288,71.328749,0.381747084,0.464391793
6,132,0.444574669,137.174,64.503062,0.343203193,0.417742749
6,132,0.467946658,144.402,64.170617,0.338470904,0.412322674
6,132,0.492547350,152.008,66.343153,0.346720160,0.422733263
6,132,0.518441338,159.970,77.057924,0.397271285,0.485075034
6,132,0.545696614,168.348,78.288815,0.400484598,0.489443567
6,132,0.574384743,177.250,78.763700,0.399342223,0.488516170
6,132,0.604581052,186.515,79.498561,0.399524409,0.489116635
6,132,0.636364828,196.333,76.991186,0.383909144,0.470305656
6,132,0.669819527,206.689,72.643036,0.359768957,0.440983800
6,132,0.705032992,217.538,70.959753,0.348543511,0.427505756
6,132,0.742097685,228.962,71.790579,0.348904759,0.428272479
6,132,0.781110926,240.992,74.919636,0.360431879,0.442838282
6,132,0.822175156,253.720,76.312518,0.364009796,0.447556205
6,132,0.865398196,267.038,79.278004,0.374937670,0.461328434
6,132,0.910893539,281.053,84.474157,0.395292666,0.486792132
6,132,0.958780644,295.848,84.574530,0.392652125,0.483791208
6,132,1.009185250,311.386,81.186718,0.373597030,0.460593781
6,132,1.062239704,327.765,73.941586,0.337958852,0.416918824
6,132,1.118083315,344.970,69.808474,0.316862357,0.391098398
6,132,1.176862712,363.114,68.673611,0.309056963,0.381710323
6,132,1.238732235,382.197,77.175764,0.343440145,0.424520993
6,132,1.303854336,402.303,85.947910,0.377716990,0.467318797
6,132,1.372400007,423.417,91.764547,0.399252925,0.494325666
6,132,1.444549233,445.697,88.622807,0.382719401,0.474094332
6,132,1.520491456,469.159,82.953938,0.355652618,0.440787936
6,132,1.600426082,493.788,79.202488,0.337148432,0.418050708
6,132,1.684562997,519.795,78.405060,0.330613248,0.410218205
6,132,1.773123121,547.114,79.075200,0.330092414,0.409833596
6,132,1.866338991,575.841,79.307111,0.328077085,0.407565377
6,132,1.964455365,606.136,80.655333,0.330344599,0.410627619
6,132,2.067729871,637.992,87.498208,0.354943185,0.441433600
6,132,2.176433680,671.530,93.057121,0.373385777,0.464674485
6,132,2.290852220,706.917,94.385330,0.375880703,0.467965467
6,132,2.411285921,744.000,91.189771,0.359858231,0.448239404
6,132,2.538051012,783.121,82.520794,0.323929576,0.403613423
6,132,2.671480343,824.288,79.140188,0.308568553,0.384620091
6,132,2.811924264,867.659,76.304576,0.294944897,0.367828323
6,132,2.959751542,913.227,80.326192,0.308154295,0.384466893
6,132,3.115350332,961.205,89.497011,0.340725803,0.425280220
6,132,3.279129196,1011.795,97.578253,0.367230417,0.458654686
6,132,3.451518172,1064.985,103.050064,0.384461950,0.480393516
6,132,3.632969907,1120.962,93.984074,0.348782359,0.435918183
6,132,3.823960845,1179.886,89.892474,0.330853600,0.413684350
6,132,4.024992477,1241.924,88.523041,0.323424856,0.404544092
6,132,4.236592658,1307.197,83.490837,0.302451649,0.378467980
6,132,4.459316993,1375.939,86.721304,0.311518306,0.389972310
6,132,4.693750296,1448.273,91.505168,0.325984108,0.408236339
6,132,4.940508127,1524.424,99.190569,0.350023433,0.438529665
6,132,5.200238404,1604.523,102.177840,0.357979870,0.448642449
6,132,5.473623111,1688.864,101.832369,0.353697574,0.443446423
6,132,5.761380081,1777.697,103.317180,0.355474836,0.445862163
6,132,6.064264887,1871.144,101.090129,0.345451577,0.433419298
6,132,6.383072824,1969.515,90.902809,0.309640326,0.388542948
6,132,6.718640995,2073.061,85.072252,0.288690603,0.362310941
6,132,7.071850512,2182.015,87.476210,0.295005901,0.370329811
6,132,7.443628809,2296.765,107.158041,0.358036698,0.449632456
6,132,7.834952075,2417.485,114.452397,0.379033784,0.476181583
6,132,8.246847820,2544.583,117.449138,0.386426609,0.485601930
6,132,8.680397572,2678.333,113.353018,0.370995642,0.466306997
6,132,9.136739716,2819.189,108.247715,0.352241704,0.442835116
6,132,9.617072483,2967.386,103.021732,0.333302818,0.419119456
6,132,10.122657099,3123.356,98.294327,0.316404690,0.397948260
6,132,10.654821093,3287.576,100.292761,0.320433324,0.403132327
6,132,11.214961785,3460.371,106.735675,0.338202796,0.425618351
6,132,11.804549953,3642.341,106.510780,0.335648011,0.422489504
6,132,12.425133698,3833.841,116.476426,0.363843407,0.458122415
6,132,13.078342506,4035.348,123.507597,0.382696332,0.482001703
6,132,13.765891528,4247.462,123.928559,0.381512485,0.480619243
6,132,14.489586082,4470.795,118.831151,0.363442065,0.457957071
6,132,15.251326396,4705.826,108.802943,0.331503754,0.417767032
6,132,16.053112596,4953.242,105.949927,0.321036451,0.404653253
6,132,16.897049957,5213.644,102.043732,0.307886408,0.388134147
6,132,17.785354431,5487.720,109.907037,0.329289624,0.415214804
6,132,18.720358468,5776.250,123.325659,0.366602859,0.462389506
6,132,19.704517136,6079.909,132.981824,0.392591484,0.495281178
6,132,20.740414573,6399.508,135.876490,0.397930809,0.502146450
6,132,21.830770766,6735.992,129.760679,0.378017881,0.477099494
6,132,22.978448698,7090.083,120.192784,0.349083778,0.440623620
6,132,24.186461862,7462.833,116.284511,0.335962369,0.424129904
6,132,25.457982178,7855.114,115.444776,0.331124911,0.418116196
6,132,26.796348315,8268.129,122.840610,0.349807064,0.441802657
7,134,0.001000000,1.530,121.100585,0.572151577,0.572151577
7,134,0.001056462,1.590,120.948996,0.562763496,0.562763496
7,134,0.001116112,1.649,120.667207,0.554756827,0.554756827
7,134,0.001179131,1.724,116.414892,0.527953832,0.531688615
7,134,0.001245707,1.813,112.810824,0.505116906,0.511721387
7,134,0.001316042,1.896,110.180236,0.486800936,0.494993507
7,134,0.001390349,1.970,107.708317,0.470681097,0.480624689
7,134,0.001468851,2.067,111.005047,0.478126844,0.490254452
7,134,0.001551785,2.179,118.289772,0.499928964,0.515616598
7,134,0.001639403,2.291,126.012407,0.523450195,0.542191107
7,134,0.001731967,2.388,128.237476,0.525858064,0.546755699
7,134,0.001829758,2.522,127.599328,0.515816327,0.536752034
7,134,0.001933070,2.664,123.707337,0.493855476,0.515297630
7,134,0.002042215,2.784,123.558130,0.487452896,0.509461229
7,134,0.002157523,2.918,123.000867,0.478674277,0.500688351
7,134,0.002279341,3.090,126.859737,0.486939366,0.509786409
7,134,0.002408038,3.254,129.566897,0.491314579,0.514776938
7,134,0.002544001,3.440,130.688960,0.488452121,0.513963288
7,134,0.002687641,3.612,139.180194,0.512263937,0.540763867
7,134,0.002839391,3.813,146.520077,0.530305771,0.563686225
7,134,0.002999709,4.015,149.240189,0.532901906,0.569075960
7,134,0.003169079,4.231,144.226015,0.509753281,0.546322553
7,134,0.003348013,4.463,137.940451,0.482855216,0.518567437
7,134,0.003537049,4.709,138.196220,0.478376691,0.515058149
7,134,0.003736758,4.970,143.633321,0.491242927,0.530709853
7,134,0.003947744,5.254,146.959446,0.495240250,0.537480257
7,134,0.004170642,5.552,154.772506,0.514166331,0.559974465
7,134,0.004406126,5.866,161.356501,0.528430861,0.577125626
7,134,0.004654905,6.179,164.594615,0.531769223,0.582381740
7,134,0.004917731,6.522,160.357673,0.512907788,0.562569570
7,134,0.005195397,6.896,155.145507,0.490776825,0.539567320
7,134,0.005488741,7.284,153.898309,0.480843325,0.529856403
7,134,0.005798647,7.724,153.098581,0.473269781,0.522711723
7,134,0.006126051,8.157,152.242879,0.465226333,0.515025467
7,134,0.006471942,8.582,160.787644,0.485083708,0.539308123
7,134,0.006837362,9.104,169.589589,0.505087994,0.562590317
7,134,0.007223414,9.612,171.709359,0.504655936,0.563502251
7,134,0.007631264,10.164,174.976095,0.507265685,0.567676320
7,134,0.008062142,10.716,174.137325,0.499117387,0.560169688
7,134,0.008517348,11.328,168.126139,0.477852712,0.537369642
7,134,0.008998256,11.978,158.985360,0.448550518,0.505376899
7,134,0.009506317,12.634,158.660704,0.443746904,0.501036788
7,134,0.010043064,13.351,176.498857,0.486086520,0.550734955
7,134,0.010610118,14.104,192.953165,0.523670067,0.595456725
7,134,0.011209188,14.910,190.664232,0.512558162,0.583976427
7,134,0.011842084,15.754,185.586220,0.493481626,0.563365885
7,134,0.012510714,16.642,186.396473,0.490835442,0.561291172
7,134,0.013217096,17.582,182.412809,0.475226847,0.544446402
7,134,0.013963362,18.567,178.945961,0.461915520,0.529869896
7,134,0.014751764,19.604,178.379390,0.456178686,0.524188924
7,134,0.015584681,20.709,180.662846,0.457067148,0.525785095
7,134,0.016464626,21.896,183.769685,0.460465117,0.530815900
7,134,0.017394255,23.149,192.313578,0.475776814,0.549897398
7,134,0.018376373,24.440,204.316277,0.498478483,0.578059043
7,134,0.019413943,25.806,199.898379,0.483077578,0.561202651
7,134,0.020510097,27.299,188.873816,0.453245431,0.527171300
7,134,0.021668142,28.791,185.323153,0.440631679,0.513429992
7,134,0.022891572,30.448,179.360045,0.422904681,0.493488493
7,134,0.024184081,32.164,186.909518,0.436362781,0.509952866
7,134,0.025549567,34.015,192.920380,0.445634113,0.521699892
7,134,0.026992151,35.896,205.713474,0.469172224,0.550298858
7,134,0.028516187,37.896,209.711682,0.473250271,0.556052142
7,134,0.030126274,40.052,206.098952,0.460952269,0.542314932
7,134,0.031827269,42.284,200.010985,0.443805013,0.522722048
7,134,0.033624306,44.731,192.041882,0.422785577,0.498602013
7,134,0.035522808,47.276,195.143942,0.424727318,0.501773183
7,134,0.037528504,49.918,197.545706,0.426211701,0.504065435
7,134,0.039647445,52.761,201.005358,0.429512160,0.508583811
7,134,0.041886027,55.731,200.811893,0.424811860,0.503812094
7,134,0.044251004,58.881,213.963326,0.447546396,0.531682780
7,134,0.046749512,62.127,223.496384,0.462500571,0.550255764
7,134,0.049389092,65.709,214.681045,0.439966846,0.524179062
7,134,0.052177708,69.388,201.613972,0.410713791,0.489742204
7,134,0.055123776,73.284,190.830526,0.386315950,0.461066246
7,134,0.058236185,77.440,195.678799,0.391985391,0.468579728
7,134,0.061524328,81.843,207.109524,0.410682206,0.491590556
7,134,0.064998126,86.410,224.620394,0.440529641,0.528068539
7,134,0.068668062,91.321,234.473405,0.454867608,0.545968124
7,134,0.072545212,96.507,225.580377,0.434681091,0.522152654
7,134,0.076641273,101.948,218.899478,0.417813102,0.502412240
7,134,0.080968607,107.694,219.060131,0.414166512,0.498558133
7,134,0.085540272,113.769,214.168314,0.401717908,0.484000559
7,134,0.090370063,120.201,206.884569,0.385102911,0.464379286
7,134,0.095472555,126.948,208.659523,0.385161419,0.464915418
7,134,0.100863144,134.134,231.677574,0.422309131,0.510470898
7,134,0.106558098,141.724,242.641414,0.437843766,0.529847458
7,134,0.112574601,149.694,242.405354,0.433360002,0.524946670
7,134,0.118930810,158.187,238.469870,0.422675743,0.512485419
7,134,0.125645904,167.090,233.301244,0.409720986,0.497322710
7,134,0.132740147,176.530,216.707137,0.378332636,0.459542799
7,134,0.140234946,186.485,208.510768,0.361421222,0.439323233
7,134,0.148152918,197.052,223.675552,0.383948861,0.467177028
7,134,0.156517956,208.157,245.218160,0.416430001,0.507217395
7,134,0.165355303,219.925,258.753303,0.433936465,0.529126725
7,134,0.174691625,232.343,254.871457,0.424425531,0.517854092
7,134,0.184555097,245.425,249.773925,0.412269074,0.503408820
7,134,0.194975482,259.291,239.188754,0.392063657,0.479071343
7,134,0.205984224,273.970,229.340571,0.373325331,0.456467669
7,134,0.217614544,289.448,238.994576,0.384758036,0.470920720
7,134,0.229901538,305.769,245.324105,0.391466318,0.479460646
7,134,0.242882282,323.052,243.224775,0.385157800,0.472071864
7,134,0.256595948,341.284,251.941400,0.394977190,0.484497683
7,134,0.271083917,360.530,277.756725,0.430107017,0.528152971
7,134,0.286389908,380.955,277.044205,0.425118609,0.522457248
7,134,0.302560109,402.448,262.548670,0.400238400,0.492143701
7,134,0.319643316,425.097,238.082007,0.360729846,0.443780741
7,134,0.337691077,449.104,231.385595,0.348014562,0.428388486
7,134,0.356757855,474.500,244.340950,0.364195414,0.448630681
7,134,0.376901184,501.276,270.256817,0.398248840,0.491024355
7,134,0.398181850,529.619,286.674735,0.418275103,0.516116632
7,134,0.420664069,559.515,287.769998,0.415829675,0.513458462
7,134,0.444415684,591.097,284.327937,0.407573609,0.503552411
7,134,0.469508366,624.515,269.999699,0.383873258,0.474531850
7,134,0.496017837,659.731,255.701874,0.360934931,0.446395437
7,134,0.524024090,696.993,251.582486,0.351893689,0.435471119
7,134,0.553611637,736.381,258.909436,0.359219940,0.444772230
7,134,0.584869762,777.918,270.733195,0.371686479,0.460548572
7,134,0.617892789,821.888,277.287999,0.377240771,0.467720927
7,134,0.652780369,868.239,299.539419,0.403507333,0.500621817
7,134,0.689637778,917.291,300.389260,0.401194382,0.498035930
7,134,0.728576237,969.067,286.305044,0.379410147,0.471227016
7,134,0.769713246,1023.769,266.630365,0.350789195,0.435888156
7,134,0.813172941,1081.575,254.919409,0.332887519,0.413826644
7,134,0.859086466,1142.634,253.820253,0.328963201,0.409140661
7,134,0.907592369,1207.201,268.862356,0.344865642,0.429175359
7,134,0.958837021,1275.328,315.400024,0.400192910,0.498354351
7,134,1.012975059,1347.321,334.602178,0.420070075,0.523427652
7,134,1.070169848,1423.381,321.904139,0.401240189,0.500161271
7,134,1.130593981,1503.769,291.155147,0.360794595,0.449887296
7,134,1.194429793,1588.724,296.489751,0.363738366,0.453799937
7,134,1.261869914,1678.381,304.383025,0.369832189,0.461639801
7,134,1.333117852,1773.157,285.411443,0.344317884,0.429948987
7,134,1.408388604,1873.254,304.087591,0.363069739,0.453607809
7,134,1.487909309,1979.030,319.565073,0.378368951,0.472935343
7,134,1.571919926,2090.739,338.166332,0.396624417,0.495986846
7,134,1.660673966,2208.836,343.860127,0.399574915,0.499897968
7,134,1.754439255,2333.575,333.621964,0.384435856,0.481156176
7,134,1.853498736,2465.291,310.935347,0.355919573,0.445612960
7,134,1.958151333,2604.470,283.070468,0.322222791,0.403531525
7,134,2.068712844,2751.552,285.465300,0.322331451,0.403826074
7,134,2.185516901,2906.896,320.112311,0.357919312,0.448605510
7,134,2.308915970,3071.037,362.193153,0.400228383,0.501901582
7,134,2.439282421,3244.455,356.514146,0.391485348,0.491074768
7,134,2.577009647,3427.619,361.188090,0.393212466,0.493416155
7,134,2.722513254,3621.127,353.579257,0.381730517,0.479176112
7,134,2.876232313,3825.634,325.783232,0.349600028,0.438954193
7,134,3.038630687,4041.575,311.685516,0.332041622,0.417030679
7,134,3.210198428,4269.813,316.879741,0.334322494,0.420057307
7,134,3.391453260,4510.873,350.910358,0.366625319,0.460823735
7,134,3.582942136,4765.582,360.388600,0.373473376,0.469581239
7,134,3.785242894,5034.642,367.969188,0.378222409,0.475706920
7,134,3.998965995,5318.948,389.574949,0.396455651,0.498828751
7,134,4.224756370,5619.209,372.847719,0.376606594,0.473991185
7,134,4.463295365,5936.515,358.729346,0.359354143,0.452417320
7,134,4.715302793,6271.731,327.787671,0.326383582,0.410999439
7,134,4.981539113,6625.836,305.463361,0.301798461,0.380144737
7,134,5.262807718,6999.948,335.235484,0.328236775,0.413577540
7,134,5.559957364,7395.127,395.919495,0.383195528,0.483015752
7,134,5.873884730,7812.701,421.597624,0.403360279,0.508631061
7,134,6.205537122,8253.836,415.677292,0.394863112,0.498032484
7,134,6.555915335,8719.888,399.108312,0.376381007,0.474834704
7,134,6.926076668,9212.172,366.978018,0.343760928,0.433775017
7,134,7.317138121,9732.306,357.529344,0.331897361,0.418927871
7,134,7.730279760,10281.791,369.852903,0.339999820,0.429283005
7,134,8.166748280,10862.425,390.142623,0.355482329,0.448953412
7,134,8.627860768,11475.664,392.782173,0.354407603,0.447728626
7,134,9.115008677,12123.716,414.500015,0.370222295,0.467847376
7,134,9.629662024,12808.142,445.843692,0.394317261,0.498436867
7,134,10.173373825,13531.306,443.565626,0.389378790,0.492300154
7,134,10.747784785,14295.366,394.920423,0.344063690,0.435100127
7,134,11.354628245,15102.493,365.058164,0.316313741,0.400069635
7,134,11.995735416,15955.216,368.058252,0.316380380,0.400240676
7,134,12.673040902,16856.119,388.901714,0.331570267,0.419551105
7,134,13.388588538,17807.843,408.980743,0.346281497,0.438247228
7,134,14.144537560,18813.313,460.635785,0.385852386,0.488465667
7,134,14.943169119,19875.552,487.471168,0.404607102,0.512324165
7,134,15.786893164,20997.761,453.490271,0.374342753,0.474067617
7,134,16.678255717,22183.328,421.290864,0.344919336,0.436894122
7,134,17.619946550,23435.881,407.541263,0.331162596,0.419545697
7,134,18.614807310,24759.075,404.053037,0.325690569,0.412692779
7,134,19.665840086,26157.022,422.945289,0.337978066,0.428351576
7,134,20.776216474,27633.940,443.366212,0.351446186,0.445504845
7,134,21.949287145,29194.201,484.951613,0.380750917,0.482758389
7,134,23.188591953,30842.493,477.189103,0.371704497,0.471371880
7,134,24.497870624,32583.993,471.043077,0.363842815,0.461488911
7,134,25.881074036,34423.754,481.433619,0.368640494,0.467663542
7,134,27.342376141,36367.410,444.250948,0.338796456,0.429840910
7,134,28.886186562,38420.776,407.757080,0.309931004,0.393246808
7,134,30.517163899,40590.127,405.614052,0.306499249,0.388940772
7,134,32.240229788,42881.910,491.505133,0.368113446,0.467214571
7,134,34.060583749,45303.164,542.799305,0.402834716,0.511379128
7,134,35.983718881,47861.052,544.518289,0.401460030,0.509701024
7,134,38.015438433,50563.410,523.084042,0.383556743,0.487023548
7,134,40.161873319,53418.291,498.867054,0.363616793,0.461759691
7,134,42.429500618,56434.358,479.836862,0.348008661,0.441981448
7,134,44.825163119,59620.828,462.582845,0.333245084,0.423286285
7,134,47.356089970,62987.097,492.622672,0.352152086,0.447367257
7,134,50.029918492,66543.545,501.322323,0.355872264,0.452152360
7,134,52.854717227,70300.716,520.988413,0.367485944,0.466963649
7,134,55.839010283,74270.060,570.771555,0.398707666,0.506726717
8,134,0.001000000,6.239,561.280281,0.501264136,0.548306146
8,134,0.001060629,6.604,558.499906,0.492584048,0.540044714
8,134,0.001124935,7.015,537.283430,0.468915595,0.515053549
8,134,0.001193139,7.440,516.511096,0.446919440,0.491739309
8,134,0.001265479,7.888,505.878563,0.432932758,0.477674184
8,134,0.001342204,8.358,532.822422,0.450451217,0.498446027
8,134,0.001423581,8.851,586.079931,0.487936024,0.541739417
8,134,0.001509892,9.418,611.899139,0.502852219,0.559549288
8,134,0.001601436,9.978,612.904167,0.498468398,0.555882617
8,134,0.001698530,10.604,593.889424,0.478444314,0.534665834
8,134,0.001801511,11.231,572.256244,0.455474561,0.510567261
8,134,0.001910736,11.896,559.644929,0.441079248,0.495677846
8,134,0.002026583,12.649,550.116392,0.429647901,0.484001074
8,134,0.002149453,13.403,561.459544,0.434448473,0.490291671
8,134,0.002279774,14.224,606.682543,0.462591267,0.524146066
8,134,0.002417995,15.067,644.261805,0.485292737,0.551085948
8,134,0.002564597,15.970,671.844024,0.499581530,0.568406357
8,134,0.002720087,16.978,665.782537,0.490687411,0.559369777
8,134,0.002885005,17.985,605.298924,0.443190158,0.505635723
8,134,0.003059921,19.104,578.826272,0.419956019,0.479939455
8,134,0.003245442,20.246,603.813422,0.433296150,0.496058997
8,134,0.003442212,21.448,656.500809,0.465076138,0.533885293
8,134,0.003650911,22.769,689.619253,0.483852409,0.556546357
8,134,0.003872264,24.119,692.637007,0.481331017,0.554948418
8,134,0.004107038,25.627,709.006405,0.486758467,0.562427273
8,134,0.004356045,27.149,681.662453,0.463614374,0.536851309
8,134,0.004620150,28.784,656.606321,0.443952741,0.514741123
8,134,0.004900267,30.537,636.246361,0.425282980,0.493936198
8,134,0.005197368,32.410,641.587067,0.424985541,0.494323072
8,134,0.005512482,34.358,657.621279,0.431466291,0.502877988
8,134,0.005846700,36.470,713.949922,0.463055396,0.540661927
8,134,0.006201183,38.627,758.207438,0.485801723,0.568274904
8,134,0.006577157,40.993,749.921934,0.476281566,0.557890606
8,134,0.006975927,43.515,714.395799,0.450508456,0.528340748
8,134,0.007398874,46.075,659.539855,0.413241422,0.485114954
8,134,0.007847464,48.963,636.073149,0.395357341,0.464701461
8,134,0.008323251,51.888,702.761271,0.431836386,0.508402765
8,134,0.008827886,55.075,782.148698,0.475034574,0.560321651
8,134,0.009363116,58.358,819.202079,0.492371676,0.581673458
8,134,0.009930797,61.888,794.041797,0.474119974,0.560656503
8,134,0.010532896,65.709,762.551693,0.451344589,0.534499231
8,134,0.011171500,69.664,753.795037,0.441935179,0.524105348
8,134,0.011848822,73.821,733.833669,0.427034863,0.507057268
8,134,0.012567210,78.336,699.027185,0.404101054,0.480331730
8,134,0.013329153,83.112,727.537560,0.416742882,0.495993459
8,134,0.014137293,88.075,796.482902,0.450450927,0.537051988
8,134,0.014994430,93.507,877.696058,0.491339944,0.586570108
8,134,0.015903534,99.179,875.074479,0.485627535,0.580276667
8,134,0.016867757,105.179,811.774752,0.447876937,0.535560448
8,134,0.017890441,111.597,741.714295,0.406395655,0.486362740
8,134,0.018975129,118.284,731.744923,0.398022270,0.476772298
8,134,0.020125581,125.463,778.645873,0.419095840,0.502702381
8,134,0.021345785,133.067,838.324261,0.447441592,0.537238737
8,134,0.022639968,141.127,892.447178,0.471365790,0.566648714
8,134,0.024012618,149.731,909.391497,0.475973880,0.572819160
8,134,0.025468491,158.761,860.067434,0.447526988,0.539023708
8,134,0.027012632,168.410,836.919516,0.431493308,0.520301071
8,134,0.028650394,178.590,791.008139,0.405255423,0.489040807
8,134,0.030387452,189.440,789.983749,0.401631004,0.485099219
8,134,0.032229828,200.896,832.854661,0.419235913,0.506944740
8,134,0.034183906,213.097,861.203459,0.430096285,0.520485537
8,134,0.036256458,225.985,924.399057,0.456919089,0.553582576
8,134,0.038454668,239.724,966.652153,0.473326905,0.574003649
8,134,0.040786155,254.254,931.723960,0.452388742,0.549082541
8,134,0.043258998,269.664,852.854674,0.412059212,0.500386464
8,134,0.045881769,286.067,778.782858,0.374310684,0.454788357
8,134,0.048663557,303.366,847.604669,0.403352088,0.490552853
8,134,0.051614003,321.769,989.795770,0.465328510,0.566597185
8,134,0.054743333,341.276,1029.371451,0.480485344,0.585446832
8,134,0.058062393,361.978,1034.338562,0.478837978,0.583888439
8,134,0.061582686,383.873,993.659428,0.456630053,0.557206474
8,134,0.065316412,407.164,956.856429,0.436384949,0.532916640
8,134,0.069276512,431.866,929.109023,0.420466487,0.513810959
8,134,0.073476711,458.075,893.879861,0.401521180,0.491029181
8,134,0.077931566,485.806,897.541851,0.400234258,0.489762121
8,134,0.082656517,515.284,963.662288,0.426164928,0.521899921
8,134,0.087667938,546.500,1083.222104,0.473845487,0.580853073
8,134,0.092983200,579.634,1104.377152,0.478733236,0.587269307
8,134,0.098620723,614.784,1048.371557,0.452058795,0.554792089
8,134,0.104600047,652.090,976.913503,0.418046903,0.513355495
8,134,0.110941893,691.545,910.064734,0.386978468,0.475443922
8,134,0.117668243,733.545,917.398329,0.387012491,0.475783972
8,134,0.124802407,778.022,1029.209626,0.430532028,0.529670637
8,134,0.132369112,825.172,1118.676988,0.463222645,0.570359204
8,134,0.140394583,875.254,1153.248773,0.473556509,0.583463788
8,134,0.148906634,928.261,1119.516734,0.456518237,0.562787748
8,134,0.157934766,984.552,1038.842051,0.421150890,0.519415249
8,134,0.167510269,1044.269,974.051768,0.391734213,0.483428603
8,134,0.177666330,1107.575,1002.025811,0.399485739,0.493293586
8,134,0.188438147,1174.701,1000.536111,0.396047761,0.489307555
8,134,0.199863054,1245.978,1053.776038,0.413696249,0.511419084
8,134,0.211980647,1321.433,1122.960715,0.436952511,0.540506713
8,134,0.224832924,1401.597,1213.709013,0.467762028,0.578987687
8,134,0.238464428,1486.582,1213.217067,0.463811740,0.574406726
8,134,0.252922402,1576.664,1090.644853,0.414895334,0.513998317
8,134,0.268256956,1672.276,970.762628,0.367079455,0.454945517
8,134,0.284521236,1773.657,1035.748727,0.388191626,0.481384048
8,134,0.301771612,1881.239,1129.769162,0.419891791,0.520974881
8,134,0.320067868,1995.269,1282.686674,0.471844441,0.585811524
8,134,0.339473417,2116.291,1303.380683,0.475849650,0.591072532
8,134,0.360055514,2244.627,1231.597832,0.446923667,0.555352436
8,134,0.381885493,2380.634,1199.047153,0.431282492,0.536210453
8,134,0.405039012,2525.000,1146.715256,0.409468767,0.509313173
8,134,0.429596318,2678.052,1102.713651,0.390893305,0.486424900
8,134,0.455642520,2840.418,1083.814635,0.381585154,0.475027906
8,134,0.483267889,3012.619,1192.626925,0.415402658,0.517452268
8,134,0.512568171,3195.321,1315.293687,0.454006629,0.565826962
8,134,0.543644913,3389.022,1346.366131,0.460828337,0.574592302
8,134,0.576605822,3594.500,1325.133136,0.450180917,0.561548169
8,134,0.611565134,3812.440,1229.983094,0.414668331,0.517459331
8,134,0.648644011,4043.560,1122.079522,0.376296149,0.469705265
8,134,0.687970961,4288.687,1081.141388,0.360028398,0.449563373
8,134,0.729682284,4548.776,1213.403266,0.400137804,0.499895755
8,134,0.773922542,4824.552,1384.222289,0.451819823,0.564761469
8,134,0.820845065,5117.045,1485.738558,0.480996201,0.601474971
8,134,0.870612475,5427.336,1418.285830,0.455585195,0.569922075
8,134,0.923397258,5756.381,1310.615686,0.417970940,0.523050187
8,134,0.979382355,6105.381,1237.159910,0.392366638,0.491139499
8,134,1.038761799,6475.545,1261.574785,0.396247275,0.496221452
8,134,1.101741388,6868.179,1300.392184,0.404970784,0.507345959
8,134,1.168539397,7284.582,1302.327525,0.402709798,0.504677264
8,134,1.239387335,7726.216,1404.953627,0.430344724,0.539539051
8,134,1.314530747,8194.679,1547.115481,0.468635311,0.587832030
8,134,1.394230064,8691.545,1553.333839,0.466855049,0.585796899
8,134,1.478761510,9218.463,1432.838306,0.428142226,0.537352935
8,134,1.568418053,9777.388,1281.027114,0.380532707,0.477720074
8,134,1.663510426,10370.187,1212.067913,0.357248815,0.448635362
8,134,1.764368201,10998.903,1411.539827,0.411885855,0.517462396
8,134,1.871340930,11665.784,1609.999335,0.465203656,0.584676563
8,134,1.984799360,12373.090,1626.445413,0.466317695,0.586256054
8,134,2.105136716,13123.209,1624.389569,0.461383750,0.580260919
8,134,2.232770063,13918.888,1549.613907,0.437048319,0.549805931
8,134,2.368141754,14762.791,1419.966075,0.397640082,0.500365633
8,134,2.511720961,15657.873,1378.349490,0.382691175,0.481709293
8,134,2.664005300,16607.216,1400.497626,0.385809674,0.485774457
8,134,2.825522560,17614.060,1545.190719,0.421431448,0.530818858
8,134,2.996832527,18682.045,1605.602732,0.434307346,0.547195113
8,134,3.178528929,19814.694,1714.203288,0.459285258,0.578854060
8,134,3.371241490,21016.075,1721.524378,0.457448678,0.576700209
8,134,3.575638113,22290.276,1599.229546,0.421948950,0.532071780
8,134,3.792427198,23641.687,1472.485384,0.385875634,0.486692950
8,134,4.022360092,25075.045,1343.111310,0.349392467,0.440783590
8,134,4.266233698,26595.328,1455.013411,0.375335804,0.473642031
8,134,4.524893235,28207.843,1696.781758,0.433133319,0.546757930
8,134,4.799235165,29918.037,1920.868755,0.484905919,0.612324674
8,134,5.090210304,31731.940,1887.703059,0.473049617,0.597486967
8,134,5.398827115,33655.843,1712.840384,0.426790854,0.539151471
8,134,5.726155204,35696.343,1596.647072,0.394082450,0.497972770
8,134,6.073329024,37860.634,1658.520485,0.405597091,0.512661554
8,134,6.441551813,40156.157,1626.702462,0.394856782,0.499191999
8,134,6.832099759,42590.739,1706.864083,0.410099547,0.518611574
8,134,7.246326424,45173.015,1804.376354,0.430089195,0.544009525
8,134,7.685667438,47911.828,1947.164942,0.459571252,0.581455516
8,134,8.151645469,50816.694,2019.897794,0.472551687,0.598019067
8,134,8.645875506,53897.672,1853.000684,0.430580971,0.545001639
8,134,9.170070454,57165.478,1670.548125,0.385922717,0.488549736
8,134,9.726047070,60631.381,1565.195891,0.358988139,0.454536012
8,134,10.315732260,64307.410,1696.349001,0.385781218,0.488564206
8,134,10.941169758,68206.343,1972.974670,0.443271059,0.561540257
8,134,11.604527206,72341.664,2074.936389,0.463140495,0.586803766
8,134,12.308103672,76727.701,2108.899414,0.466706603,0.591443410
8,134,13.054337615,81379.642,2000.134101,0.438933981,0.556358206
8,134,13.845815335,86313.664,1838.001869,0.400876271,0.508191899
8,134,14.685279938,91546.828,1740.888103,0.376899657,0.477877590
8,134,15.575640845,97097.306,1768.757059,0.379109328,0.480787585
8,134,16.519983872,102984.224,1926.606995,0.409073548,0.518896245
8,134,17.521581927,109228.112,2029.773883,0.427650053,0.542551242
8,134,18.583906353,115850.545,2110.630724,0.440522060,0.558993831
8,134,19.710638958,122874.530,2129.809665,0.440903731,0.559573956
8,134,20.905684776,130324.299,2098.988633,0.430833387,0.546889027
8,134,22.173185602,138225.821,1910.713053,0.389591849,0.494604606
8,134,23.517534346,146606.388,1699.817828,0.344133992,0.436955931
8,134,24.943390258,155495.082,1740.477650,0.349422201,0.443743708
8,134,26.455695074,164922.627,2132.926194,0.423313992,0.537701836
8,134,28.059690146,174921.799,2450.525384,0.480550710,0.610543534
8,134,29.760934608,185527.276,2407.677167,0.468701891,0.595570858
8,134,31.565324639,196775.634,2249.761789,0.434781646,0.552542703
8,134,33.479113903,208706.067,2064.201166,0.396135233,0.503492594
8,134,35.508935217,221359.776,1975.143870,0.375536740,0.477390540
8,134,37.661823544,234780.731,2100.408077,0.395472582,0.502818977
8,134,39.945240374,249015.261,2137.437488,0.398694810,0.506996993
8,134,42.367099583,264113.000,2209.481986,0.408217300,0.519189495
8,134,44.935794859,280126.067,2488.399819,0.454767166,0.578497228
8,134,47.660228798,297109.933,2534.058950,0.459426849,0.584499872
8,134,50.549843754,315123.642,2409.898008,0.433083916,0.551062569
8,134,53.614654566,334229.336,2145.829471,0.383553012,0.488079849
8,134,56.865283268,354493.515,1993.410152,0.353609911,0.450029554
8,134,60.312995902,375986.239,2122.834664,0.373328376,0.475187142
8,134,63.969741566,398782.127,2253.081871,0.393413853,0.500806295
8,134,67.848193823,422960.067,2663.639641,0.460095802,0.585784072
8,134,71.961794628,448603.940,2785.129474,0.476660446,0.606954613
8,134,76.324800918,475802.507,2627.147288,0.447097863,0.569356799
8,134,80.952334016,504650.239,2343.425786,0.395430287,0.503620882
8,134,85.860432046,535246.888,2164.001434,0.362295743,0.461470722
8,134,91.066105514,567698.634,2184.537583,0.362677028,0.462009133
8,134,96.587396265,602117.910,2472.301285,0.406803760,0.518283252
8,134,102.443440011,638624.000,2576.444690,0.419972903,0.535127267
8,134,108.654532652,677343.433,2679.579968,0.433458301,0.552364629
8,134,115.242200619,718410.396,2636.587237,0.422600762,0.538591311
8,134,122.229275479,761967.254,2693.969067,0.427760208,0.545230599
9,134,0.001000000,7.015,1051.192545,0.433086642,0.471215296
9,134,0.001065801,7.470,1096.218580,0.447529995,0.488287165
9,134,0.001135932,7.970,1070.444961,0.432046993,0.472670961
9,134,0.001210677,8.515,1131.532893,0.449485293,0.493115063
9,134,0.001290341,9.082,1154.431293,0.451790001,0.497355505
9,134,0.001375247,9.672,1165.155935,0.450271520,0.496632915
9,134,0.001465740,10.284,1203.782085,0.459169985,0.508068255
9,134,0.001562187,10.978,1220.129979,0.460557766,0.510726051
9,134,0.001664981,11.709,1184.137702,0.442139641,0.491609721
9,134,0.001774538,12.478,1169.006931,0.431540204,0.481004299
9,134,0.001891305,13.291,1194.766566,0.436291632,0.487256993
9,134,0.002015755,14.164,1184.056212,0.428484761,0.479675825
9,134,0.002148393,15.082,1282.499394,0.455711193,0.512518538
9,134,0.002289760,16.082,1356.398209,0.473868888,0.535741735
9,134,0.002440429,17.164,1301.679309,0.451356427,0.511300046
9,134,0.002601011,18.276,1279.091265,0.440495261,0.499925619
9,134,0.002772161,19.470,1279.915109,0.436034138,0.496113904
9,134,0.002954572,20.761,1320.118302,0.444803171,0.507192613
9,134,0.003148986,22.134,1321.493000,0.439276589,0.501912674
9,134,0.003356192,23.560,1352.029841,0.444797682,0.509150662
9,134,0.003577034,25.127,1397.644075,0.454461718,0.520918627
9,134,0.003812406,26.799,1358.654951,0.437400093,0.502138536
9,134,0.004063267,28.552,1398.313161,0.445780819,0.512759643
9,134,0.004330634,30.418,1329.116065,0.420231363,0.484235287
9,134,0.004615594,32.425,1269.260337,0.398450414,0.459872368
9,134,0.004919305,34.567,1362.398205,0.422305843,0.488702711
9,134,0.005243001,36.851,1436.443747,0.439648865,0.510161901
9,134,0.005587996,39.246,1444.355086,0.437725359,0.508910502
9,134,0.005955692,41.851,1468.998410,0.440159990,0.512680744
9,134,0.006347583,44.612,1406.427585,0.418445098,0.487988480
9,134,0.006765260,47.522,1389.240747,0.410432955,0.479269598
9,134,0.007210422,50.672,1360.166295,0.398251956,0.465703623
9,134,0.007684875,53.985,1398.224710,0.405007506,0.474379072
9,134,0.008190548,57.560,1493.883905,0.426956229,0.501152126
9,134,0.008729495,61.358,1517.799873,0.430076220,0.505561191
9,134,0.009303905,65.381,1505.639567,0.423535853,0.498380300
9,134,0.009916112,69.642,1488.369937,0.414267595,0.488180537
9,134,0.010568603,74.261,1451.034951,0.400424144,0.472494321
9,134,0.011264028,79.112,1401.122052,0.384148056,0.453758144
9,134,0.012005213,84.381,1400.580935,0.380571240,0.450110802
9,134,0.012795169,89.940,1532.778996,0.411650168,0.487737967
9,134,0.013637104,95.799,1602.336845,0.425777833,0.505363471
9,134,0.014534440,102.149,1597.154122,0.419860885,0.499222359
9,134,0.015490822,108.873,1537.890255,0.402121708,0.478488927
9,134,0.016510135,115.970,1460.566935,0.379631855,0.452153623
9,134,0.017596519,123.687,1470.829104,0.378545452,0.451446691
9,134,0.018754389,131.813,1641.923266,0.417815078,0.498969842
9,134,0.019988448,140.388,1626.029794,0.410371812,0.490577734
9,134,0.021303709,149.694,1601.160934,0.400610358,0.479398129
9,134,0.022705516,159.515,1726.778751,0.427168288,0.511909322
9,134,0.024199563,170.030,1681.383334,0.413388336,0.495749743
9,134,0.025791920,181.194,1588.791834,0.388137375,0.465831009
9,134,0.027489056,193.142,1609.560952,0.389320576,0.467827013
9,134,0.029297865,205.799,1624.272356,0.389856651,0.468947430
9,134,0.031225695,219.388,1699.918472,0.404436102,0.487063557
9,134,0.033280380,233.799,1807.838422,0.425202453,0.512811898
9,134,0.035470264,249.216,1837.465707,0.428574895,0.517390166
9,134,0.037804245,265.612,1714.296451,0.397283702,0.479940982
9,134,0.040291805,283.075,1631.636140,0.375871230,0.454392800
9,134,0.042943049,301.724,1653.381567,0.378258925,0.457597298
9,134,0.045768747,321.575,1676.692905,0.379283305,0.459403977
9,134,0.048780379,342.724,1836.490709,0.411383819,0.498798368
9,134,0.051990180,365.239,1878.052034,0.417008820,0.506101407
9,134,0.055411190,389.299,1814.398229,0.400527070,0.486374484
9,134,0.059057305,414.955,1796.180773,0.393006889,0.477680646
9,134,0.062943339,442.276,1788.912035,0.388404538,0.472449762
9,134,0.067085077,471.306,1674.825471,0.361194786,0.439630265
9,134,0.071499347,502.358,1690.432198,0.361886235,0.440806792
9,134,0.076204080,535.410,1910.163798,0.404271103,0.492991978
9,134,0.081218390,570.649,2007.489759,0.420891427,0.513743988
9,134,0.086562647,608.172,1995.819387,0.415269712,0.507243553
9,134,0.092258561,648.187,1876.065967,0.388210842,0.474446376
9,134,0.098329273,690.843,1761.252450,0.362100000,0.442806631
9,134,0.104799444,736.313,1823.602861,0.372070846,0.455307126
9,134,0.111695359,784.761,1873.813992,0.378791290,0.463895175
9,134,0.119045033,836.410,1967.256714,0.394172726,0.483088605
9,134,0.126878323,891.478,2063.469838,0.409317716,0.502073236
9,134,0.135227052,950.127,2020.298433,0.398514191,0.489040575
9,134,0.144125136,1012.642,1968.750172,0.385210631,0.473034341
9,134,0.153608723,1079.246,1889.659767,0.367361148,0.451360778
9,134,0.163716341,1150.254,1826.594692,0.352596148,0.433476755
9,134,0.174489051,1225.963,1925.977495,0.368210673,0.453036484
9,134,0.185970617,1306.657,2036.894898,0.386672005,0.476023927
9,134,0.198207681,1392.649,2180.225798,0.409457365,0.504501289
9,134,0.211249958,1484.239,2140.515807,0.398621067,0.491471611
9,134,0.225150431,1581.948,2096.135581,0.387733472,0.478286843
9,134,0.239965569,1686.000,1945.855728,0.358254173,0.442084005
9,134,0.255755559,1796.970,1888.622636,0.345430368,0.426463328
9,134,0.272584548,1915.201,2283.312013,0.412486344,0.509693448
9,134,0.290520902,2041.201,2356.204440,0.422332406,0.522145356
9,134,0.309637487,2175.537,2313.664908,0.411533586,0.509071018
9,134,0.330011964,2318.679,2325.337260,0.410687436,0.508265466
9,134,0.351727103,2471.246,2273.496670,0.398535072,0.493479605
9,134,0.374871121,2633.873,2155.793310,0.375106729,0.464697197
9,134,0.399538041,2807.164,2143.038493,0.370125034,0.458753087
9,134,0.425828070,2991.896,2161.516124,0.370730208,0.459709582
9,134,0.453848011,3188.761,2291.908440,0.389614409,0.483407561
9,134,0.483711694,3398.560,2585.329066,0.434652562,0.539677868
9,134,0.515540439,3622.239,2524.186109,0.421530291,0.523607003
9,134,0.549463549,3860.552,2292.411954,0.380520515,0.472842335
9,134,0.585618837,4114.612,2230.029582,0.367826855,0.457247174
9,134,0.624153181,4385.351,2253.498159,0.368924757,0.458818602
9,134,0.665223125,4673.851,2360.866322,0.383422376,0.477073163
9,134,0.708995516,4981.410,2510.000622,0.403464505,0.502307747
9,134,0.755648177,5309.216,2652.262258,0.422792826,0.526616816
9,134,0.805370633,5658.619,2525.301985,0.399794297,0.498162169
9,134,0.858364879,6030.925,2445.212416,0.384847369,0.479693238
9,134,0.914846204,6427.716,2381.306300,0.371536579,0.463324279
9,134,0.975044059,6850.672,2310.156495,0.357748313,0.446314301
9,134,1.039202998,7301.500,2410.666041,0.370421628,0.462318996
9,134,1.107583663,7781.858,2537.062018,0.386595534,0.482722357
9,134,1.180463849,8293.948,2691.416727,0.406058595,0.507288715
9,134,1.258139629,8839.731,2759.136816,0.412801679,0.515932965
9,134,1.340926558,9421.366,2526.558470,0.375673400,0.469674530
9,134,1.429160956,10041.313,2332.051737,0.345055597,0.431499252
9,134,1.523201270,10702.082,2427.491148,0.356009640,0.445389377
9,134,1.623429538,11406.299,2632.113428,0.382760307,0.479050895
9,134,1.730252933,12156.806,2881.541707,0.414735810,0.519323197
9,134,1.844105421,12956.761,2904.669027,0.414989576,0.519819731
9,134,1.965449523,13809.254,2782.812424,0.394883172,0.494787237
9,134,2.094778198,14718.007,2724.255508,0.383192268,0.480329513
9,134,2.232616837,15686.455,2659.183628,0.371370488,0.465658281
9,134,2.379525405,16718.619,2493.907831,0.346047748,0.434029621
9,134,2.536100714,17818.739,2598.570272,0.357126661,0.448111487
9,134,2.702978845,18991.224,3055.427333,0.415557215,0.521658700
9,134,2.880837735,20240.858,3065.511020,0.413742316,0.519547658
9,134,3.070399929,21572.709,2947.954356,0.394684434,0.495781360
9,134,3.272435519,22992.209,2882.995993,0.382839854,0.481064057
9,134,3.487765265,24505.142,2642.721218,0.349076308,0.438731309
9,134,3.717263938,26117.575,2554.199766,0.334971508,0.421122538
9,134,3.961863869,27836.216,2999.446589,0.389477609,0.489833997
9,134,4.222558735,29667.836,3255.720815,0.418040868,0.525979687
9,134,4.500407603,31619.978,3156.247882,0.402365787,0.506392531
9,134,4.796539221,33700.634,3228.336885,0.408146575,0.513824887
9,134,5.112156616,35918.172,3011.749185,0.378533528,0.476646043
9,134,5.448541972,38281.642,2829.893893,0.352991138,0.444604220
9,134,5.807061844,40800.612,3096.370902,0.382362944,0.481770015
9,134,6.189172705,43485.299,3056.536846,0.374643180,0.472165175
9,134,6.596426868,46346.701,3211.542481,0.390093490,0.491791303
9,134,7.030478789,49396.351,3557.117257,0.427100595,0.538655422
9,134,7.493091789,52646.716,3529.938742,0.420339845,0.530272300
9,134,7.986145218,56110.866,3212.833799,0.380265172,0.479810885
9,134,8.511642089,59803.052,2914.799335,0.342943780,0.432801584
9,134,9.071717214,63738.134,3150.190639,0.367515779,0.463934916
9,134,9.668645879,67932.194,3405.655369,0.393104635,0.496400742
9,134,10.304853087,72402.194,3676.235181,0.420304378,0.530901728
9,134,10.982923407,77166.336,3710.498088,0.420225066,0.530951018
9,134,11.705611478,82243.963,3528.348446,0.396671459,0.501299167
9,134,12.475853194,87655.746,3406.135860,0.379777450,0.480063148
9,134,13.296777636,93423.582,3235.967439,0.358016321,0.452655845
9,134,14.171719782,99570.933,3156.990547,0.346513369,0.438209385
9,134,15.104234055,106122.761,3456.023850,0.375414367,0.474893512
9,134,16.098108760,113105.821,3658.218691,0.393906286,0.498403852
9,134,17.157381481,120548.306,3865.454164,0.412154977,0.521629618
9,134,18.286355476,128480.485,3799.608508,0.401646914,0.508445057
9,134,19.489617164,136934.649,3478.304958,0.365085427,0.462246211
9,134,20.772054754,145945.067,3223.947868,0.335916494,0.425393109
9,134,22.138878104,155548.403,3249.252575,0.335973260,0.425546087
9,134,23.595639889,165783.664,3485.391828,0.356664240,0.451868046
9,134,25.148258152,176692.418,4045.177456,0.409358381,0.518765951
9,134,26.803040352,188318.948,4190.755767,0.420106356,0.532504221
9,134,28.566708986,200710.515,3881.283325,0.386624211,0.490135642
9,134,30.446428896,213917.537,3706.924520,0.366204578,0.464336628
9,134,32.449836380,227993.552,3805.376539,0.371937948,0.471718978
9,134,34.585070213,242995.754,3672.794998,0.356280319,0.451936150
9,134,36.860804709,258985.149,3846.390528,0.369172685,0.468397918
9,134,39.286284961,276026.627,4181.573897,0.397936767,0.504984405
9,134,41.871364400,294189.463,4384.100550,0.412959704,0.524160529
9,134,44.626544822,313547.448,4235.557337,0.395467766,0.502048621
9,134,47.563019054,334179.179,3994.919365,0.370448025,0.470350728
9,134,50.692716421,356168.507,3592.947996,0.331176339,0.420538424
9,134,54.028351212,379604.799,3553.035404,0.324841920,0.412560417
9,134,57.583474329,404583.231,4524.617389,0.408585528,0.519040580
9,134,61.372528337,431205.201,4618.097247,0.413539695,0.525417049
9,134,65.410906139,459578.940,4550.450600,0.404097474,0.513499512
9,134,69.715013506,489819.784,4612.654029,0.405981244,0.515976968
9,134,74.302335728,522050.410,4227.506955,0.369604230,0.469800289
9,134,79.191508642,556401.933,3957.801869,0.343304035,0.436431106
9,134,84.402394348,593013.776,4211.538189,0.361515249,0.459665719
9,134,89.956161889,632034.642,4541.780254,0.386052198,0.490946310
9,134,95.875373255,673623.254,4691.693165,0.395454421,0.502973871
9,134,102.184075041,717948.336,4926.902133,0.411101726,0.522962257
9,134,108.907896131,765190.119,4807.075600,0.397875944,0.506203694
9,134,116.074151818,815540.500,4405.352734,0.361500141,0.459986785
9,134,123.711954770,869203.881,4123.806699,0.336194625,0.427830699
9,134,131.852333299,926398.455,4070.239539,0.329002936,0.418733810
9,134,140.528357416,987356.433,4684.876848,0.374396184,0.476589186
9,134,149.775273170,1052325.560,5364.377951,0.423172254,0.538781724
9,134,159.630645840,1121569.701,5354.455174,0.418922215,0.533433844
9,134,170.134512540,1195370.142,4949.429270,0.384276106,0.489370408
9,134,181.329544869,1274026.799,4637.222588,0.357350272,0.455128383
9,134,193.261222261,1357859.104,4683.464865,0.357162229,0.454954194
9,134,205.978016748,1447207.701,4732.035659,0.357278372,0.455163439
9,134,219.531589870,1542435.515,5007.998307,0.374312489,0.476928066
9,134,233.977002556,1643929.381,5191.260405,0.383854540,0.489154186
9,134,249.372938799,1752101.642,5586.473822,0.408686425,0.520868496
9,134,265.781944062,1867391.896,5522.793694,0.400528879,0.510526865
9,134,283.270679367,1990268.224,4804.248849,0.346134671,0.441229749
9,134,301.910192102,2121230.090,4560.698611,0.326202340,0.415857860
9,134,321.776204650,2260809.239,4975.732782,0.352676654,0.449656877
