k,n_samples,Kprime_over_K,mean_Kprime,rms_S,rms_sqrt_sumR2_all,rms_sqrt_sumR2_sf,C_rms_all,C_rms_sf,rms_SM,rms_sqrt_Diag,C_rms_M,C_rms_M_all
6,541,0.001000000,1.000,55.519908,55.519908,55.519908,1.000000000,1.000000000,17.659387,17.659387,1.000000000,1.000000000
6,541,0.001122018,1.000,55.519908,55.519908,55.519908,1.000000000,1.000000000,17.659387,17.659387,1.000000000,1.000000000
6,541,0.001258925,1.000,55.519908,55.519908,55.519908,1.000000000,1.000000000,17.659387,17.659387,1.000000000,1.000000000
6,541,0.001412538,1.000,55.519908,55.519908,55.519908,1.000000000,1.000000000,17.659387,17.659387,1.000000000,1.000000000
6,541,0.001584893,1.000,55.519908,55.519908,55.519908,1.000000000,1.000000000,17.659387,17.659387,1.000000000,1.000000000
6,541,0.001778279,1.000,55.519908,55.519908,55.519908,1.000000000,1.000000000,17.659387,17.659387,1.000000000,1.000000000
6,541,0.001995262,1.000,55.519908,55.519908,55.519908,1.000000000,1.000000000,17.659387,17.659387,1.000000000,1.000000000
6,541,0.002238721,1.039,53.680371,56.672283,56.672283,0.947206791,0.947206791,17.659387,17.659387,1.000000000,0.991878413
6,541,0.002511886,1.111,50.071151,58.519828,58.519828,0.855627107,0.855627107,17.659387,17.659387,1.000000000,0.974265070
6,541,0.002818383,1.179,46.296283,60.079232,60.079232,0.770587122,0.770587122,17.659387,17.659387,1.000000000,0.962906885
6,541,0.003162278,1.242,44.044296,61.744867,61.744867,0.713327237,0.713327237,17.659387,17.659387,1.000000000,0.954138303
6,541,0.003548134,1.311,41.787318,63.110030,63.110030,0.662134340,0.662134340,17.621871,17.733659,0.993696291,0.942984878
6,541,0.003981072,1.442,39.156075,65.174302,65.174302,0.600790090,0.600790090,18.332694,17.928587,1.022539772,0.964158313
6,541,0.004466836,1.564,36.902910,67.048759,67.048759,0.550389162,0.550389162,18.268089,18.002939,1.014728119,0.952346632
6,541,0.005011872,1.693,35.695010,69.144891,68.948419,0.516234969,0.517706000,17.907591,18.205913,0.983614002,0.918021385
6,541,0.005623413,1.876,36.261555,71.831842,70.421792,0.504811711,0.514919517,17.317775,18.669848,0.927579866,0.867501351
6,541,0.006309573,2.048,33.524975,73.708911,71.521950,0.454829334,0.468736867,17.171416,18.746439,0.915982838,0.846852585
6,541,0.007079458,2.285,36.086468,76.066522,73.300843,0.474406700,0.492306314,17.448268,19.167548,0.910302570,0.851741678
6,541,0.007943282,2.529,37.665404,78.441807,75.133478,0.480170024,0.501313198,17.973556,19.725590,0.911179650,0.862960889
6,541,0.008912509,2.810,37.459705,81.024127,77.268167,0.462327777,0.484801261,17.237143,20.354105,0.846863221,0.809639176
6,541,0.010000000,3.139,41.432666,83.845068,79.719869,0.494157461,0.519728225,18.287361,22.468620,0.813906706,0.826874497
6,541,0.011220185,3.503,41.005525,85.915091,81.400616,0.477279658,0.503749566,18.561399,23.448395,0.791585062,0.822685108
6,541,0.012589254,3.911,41.954687,88.460883,83.075395,0.474273882,0.505019402,19.269836,24.305004,0.792834087,0.841513007
6,541,0.014125375,4.381,45.315321,91.466255,84.979068,0.495432124,0.533252741,20.965628,25.595758,0.819105582,0.894604943
6,541,0.015848932,4.902,45.131270,93.922420,86.721537,0.480516478,0.520415946,19.373677,26.539880,0.729983599,0.812490803
6,541,0.017782794,5.494,46.704229,96.712965,88.557956,0.482915910,0.527386037,20.632024,27.548844,0.748925221,0.850340872
6,541,0.019952623,6.157,47.129810,99.186053,90.350839,0.475165697,0.521631128,21.393347,28.738675,0.744409650,0.866270257
6,541,0.022387211,6.906,48.480385,102.473553,92.830088,0.473101431,0.522248617,21.647987,30.513479,0.709456548,0.855926113
6,541,0.025118864,7.758,50.533456,105.435436,94.981393,0.479283415,0.532035324,22.217515,31.240279,0.711181728,0.867882121
6,541,0.028183829,8.704,51.854436,108.127884,96.863514,0.479565805,0.535335068,26.297905,32.864572,0.800190088,1.006314561
6,541,0.031622777,9.771,48.871826,110.476824,98.536682,0.442371751,0.495975964,24.510472,34.012338,0.720634718,0.923569526
6,541,0.035481339,10.965,54.157950,113.972562,101.033163,0.475184107,0.536041317,25.656374,35.279329,0.727235318,0.950902925
6,541,0.039810717,12.296,54.551007,116.977259,103.031344,0.466338560,0.529460302,27.508276,37.152654,0.740412142,0.996053672
6,541,0.044668359,13.799,54.417443,119.497079,104.719359,0.455387225,0.519650273,29.250620,38.547010,0.758829804,1.040843846
6,541,0.050118723,15.484,54.950236,122.813930,107.062201,0.447426738,0.513255244,29.412261,40.300338,0.729826649,1.028829628
6,541,0.056234133,17.370,53.909364,125.688153,109.159798,0.428913644,0.493857308,28.580803,41.277712,0.692402795,0.987753491
6,541,0.063095734,19.499,61.548431,129.652333,112.131727,0.474719039,0.548893990,33.320165,42.387131,0.786091553,1.136606835
6,541,0.070794578,21.865,57.682859,132.114122,113.905460,0.436613875,0.506409955,37.048980,43.070567,0.860192523,1.254597263
6,541,0.079432823,24.538,56.842649,134.926942,115.829921,0.421284646,0.490742362,35.397287,43.762308,0.808853285,1.190143240
6,541,0.089125094,27.542,61.977747,138.828271,118.556108,0.446434624,0.522771439,37.377422,44.703326,0.836121709,1.244326590
6,541,0.100000000,30.889,62.265207,142.212770,120.950016,0.437831335,0.514801144,40.610338,46.064649,0.881594430,1.331577037
6,541,0.112201845,34.664,60.083991,145.098842,123.048611,0.414090080,0.488294752,39.633251,46.993521,0.843376931,1.287043048
6,541,0.125892541,38.885,57.956678,148.361546,125.403722,0.390644880,0.462160750,39.761091,48.233623,0.824343865,1.277290560
6,541,0.141253754,43.634,61.260596,152.197190,128.186498,0.402508063,0.477902097,40.313427,49.199185,0.819392178,1.283562567
6,541,0.158489319,48.967,66.291846,155.870129,130.859847,0.425301802,0.506586611,42.337262,50.003657,0.846683325,1.337661091
6,541,0.177827941,54.922,60.783851,158.836665,133.040326,0.382681485,0.456882906,44.377398,50.897708,0.871893833,1.393220003
6,541,0.199526231,61.662,58.100743,162.000331,135.320509,0.358645830,0.429356523,44.047602,51.578559,0.853990547,1.375610479
6,541,0.223872114,69.170,69.854236,166.592389,138.664283,0.419312292,0.503765172,44.114615,52.592581,0.838799191,1.366416265
6,541,0.251188643,77.597,67.377133,169.831152,141.007021,0.396730115,0.477828211,51.141240,53.148157,0.962239188,1.576121327
6,541,0.281838293,87.068,67.339398,173.761813,143.868821,0.387538536,0.468061098,49.770850,54.343671,0.915853653,1.518774339
6,541,0.316227766,97.682,64.085293,177.361170,146.538875,0.361326513,0.437326224,51.015880,55.404154,0.920795217,1.546518382
6,541,0.354813389,109.625,70.137821,181.371980,149.526573,0.386707038,0.469065932,51.341722,56.374364,0.910728182,1.546808242
6,541,0.398107171,122.983,73.906800,185.508005,152.593093,0.398402214,0.484339088,55.929222,57.310365,0.975900646,1.674586526
6,541,0.446683592,137.989,63.663244,188.283219,154.643157,0.338124896,0.411678378,57.053772,58.373161,0.977397335,1.698579649
6,541,0.501187234,154.880,67.925701,192.414497,157.699754,0.353017587,0.430728011,56.746241,59.325574,0.956522407,1.680433146
6,541,0.562341325,173.710,76.776042,196.679171,160.828411,0.390361832,0.477378600,59.560730,60.373372,0.986539728,1.751864221
6,541,0.630957344,194.911,77.125876,200.579395,163.717101,0.384515446,0.471092361,64.396355,60.965201,1.056280525,1.887328018
6,541,0.707945784,218.706,69.742400,203.973878,166.264854,0.341918290,0.419465679,63.107760,61.813574,1.020936919,1.841906587
6,541,0.794328235,245.373,73.845025,208.731691,169.825596,0.353779654,0.434828595,63.795660,62.489202,1.020906937,1.856486639
6,541,0.891250938,275.320,80.732894,213.002752,173.017468,0.379022775,0.466617011,63.035226,63.463586,0.993250305,1.826252726
6,541,1.000000000,308.921,81.552181,217.206312,176.165519,0.375459535,0.462929303,64.855242,64.304797,1.008559936,1.873819992
7,2400,0.001000000,1.532,121.469901,210.833641,210.833641,0.576140983,0.576140983,54.863161,58.015058,0.945671049,0.866772720
7,2400,0.001122018,1.647,121.005237,216.567581,216.567581,0.558741230,0.558741230,54.443421,58.775166,0.926299740,0.847592629
7,2400,0.001258925,1.827,113.034908,222.965942,220.009470,0.506960420,0.513772921,55.289239,59.759238,0.925199880,0.847153015
7,2400,0.001412538,1.999,107.291631,228.824962,223.941723,0.468880800,0.479105145,55.859073,60.278974,0.926675904,0.838457532
7,2400,0.001584893,2.219,121.966981,237.407069,229.983477,0.513746205,0.530329318,59.830824,64.712130,0.924568916,0.872899487
7,2400,0.001778279,2.445,131.226775,244.691980,235.422912,0.536293732,0.557408681,59.569374,66.868870,0.890838664,0.851948850
7,2400,0.001995262,2.727,125.523899,251.365711,240.935990,0.499367626,0.520984427,62.751633,68.755303,0.912680618,0.886739769
7,2400,0.002238721,3.038,126.040853,258.798637,247.404956,0.487022861,0.509451608,64.700940,71.587553,0.903801525,0.896754677
7,2400,0.002511886,3.385,131.554870,265.651465,253.110496,0.495216053,0.519752726,62.409631,76.535447,0.815434325,0.841309997
7,2400,0.002818383,3.780,146.620426,275.068079,259.196438,0.533033228,0.565672997,64.574793,83.276365,0.775427612,0.841974459
7,2400,0.003162278,4.228,147.501475,282.493573,263.715087,0.522140996,0.559321339,73.108535,87.396593,0.836514702,0.934552827
7,2400,0.003548134,4.733,139.818490,288.824957,268.236923,0.484094211,0.521249977,71.333961,88.975915,0.801722133,0.903013974
7,2400,0.003981072,5.298,149.626004,297.102139,273.737899,0.503618062,0.546603171,69.379255,90.959562,0.762748335,0.867754335
7,2400,0.004466836,5.942,164.750333,305.948126,279.967403,0.538491069,0.588462555,75.719472,95.537235,0.792565038,0.927975762
7,2400,0.005011872,6.660,161.558626,313.331687,285.600459,0.515615346,0.565680556,79.962044,100.794252,0.793319488,0.961509013
7,2400,0.005623413,7.470,157.840531,321.032235,291.236744,0.491665676,0.541966403,83.893371,103.968556,0.806911001,0.993730592
7,2400,0.006309573,8.383,161.356698,328.736772,296.656834,0.490838604,0.543917012,80.044881,106.939833,0.748503887,0.935890381
7,2400,0.007079458,9.413,175.434635,337.775380,302.878155,0.519382542,0.579225119,80.829644,113.957626,0.709295613,0.921539452
7,2400,0.007943282,10.564,176.563184,347.353348,309.866196,0.508310010,0.569804601,95.202115,119.240602,0.798403505,1.063047367
7,2400,0.008912509,11.859,165.104238,353.565523,314.045241,0.466969282,0.525733929,106.886850,124.003675,0.861965177,1.170460129
7,2400,0.010000000,13.301,178.356066,362.371168,319.937159,0.492191657,0.557472181,97.758949,130.559457,0.748769574,1.042899569
7,2400,0.011220185,14.921,195.239081,371.804200,326.387158,0.525112628,0.598182484,113.117981,135.847661,0.832682584,1.187409216
7,2400,0.012589254,16.739,189.645055,380.073170,332.340549,0.498969855,0.570634715,111.601286,139.325987,0.801008404,1.158942847
7,2400,0.014125375,18.785,181.849760,388.079531,338.305375,0.468588898,0.537531394,120.096363,143.133840,0.839049401,1.230935013
7,2400,0.015848932,21.080,185.773513,396.210519,344.216519,0.468875774,0.539699587,121.007463,146.022832,0.828688647,1.228090490
7,2400,0.017782794,23.647,201.005137,406.314889,351.099289,0.494702858,0.572502262,115.543003,149.208499,0.774372794,1.160051717
7,2400,0.019952623,26.535,199.084779,414.990343,357.025235,0.479733521,0.557621029,141.635490,152.612328,0.928073719,1.407136974
7,2400,0.022387211,29.770,185.560530,422.279877,362.114468,0.439425462,0.512436112,137.470058,155.386289,0.884698762,1.353385574
7,2400,0.025118864,33.403,193.608178,431.087328,368.460443,0.449115910,0.525451731,135.333663,156.803724,0.863076839,1.325897099
7,2400,0.028183829,37.480,214.967423,441.992917,376.297907,0.486359429,0.571269249,141.319944,158.671231,0.890646296,1.377331081
7,2400,0.031622777,42.053,205.186670,450.173839,382.220539,0.455794301,0.536827956,153.771412,161.423611,0.952595539,1.487492388
7,2400,0.035481339,47.183,197.860257,459.034921,388.586412,0.431035304,0.509179557,148.931389,164.400260,0.905907256,1.428105509
7,2400,0.039810717,52.943,205.971817,468.008696,395.166230,0.440102542,0.521228286,151.526851,166.409757,0.910564702,1.446110753
7,2400,0.044668359,59.401,219.979803,478.885646,402.936013,0.459357687,0.545942274,151.709916,169.062564,0.897359609,1.438628235
7,2400,0.050118723,66.649,216.343899,488.614805,409.967644,0.442769839,0.527709691,166.674694,172.414708,0.966708097,1.567632429
7,2400,0.056234133,74.786,195.894570,495.670011,415.036055,0.395211664,0.471994102,167.288645,174.915146,0.956398854,1.562812204
7,2400,0.063095734,83.907,216.310289,506.245359,422.648752,0.427283500,0.511796825,166.053313,176.419909,0.941239078,1.545423539
7,2400,0.070794578,94.146,236.920579,517.260387,430.693685,0.458029621,0.550090673,182.125933,178.556539,1.019990275,1.687739717
7,2400,0.079432823,105.634,222.382059,526.730751,437.736409,0.422193044,0.508027330,179.555613,181.714269,0.988120601,1.653699075
7,2400,0.089125094,118.522,213.619242,536.074084,444.605122,0.398488284,0.480469593,186.766371,184.281205,1.013485727,1.711503399
7,2400,0.100000000,132.983,234.919272,547.254423,452.796192,0.429268842,0.518819010,183.662894,187.358832,0.980273475,1.674217321
7,2400,0.112201845,149.210,246.499036,558.726035,461.257559,0.441180508,0.534406496,187.773778,190.211337,0.987184995,1.703539235
7,2400,0.125892541,167.414,237.787327,569.324499,468.960433,0.417665721,0.507052004,200.628672,192.099741,1.044398451,1.814059312
7,2400,0.141253754,187.845,212.596215,577.248972,474.787436,0.368292064,0.447771359,202.990724,194.569434,1.043281672,1.827283673
7,2400,0.158489319,210.762,254.350270,590.265077,484.472794,0.430908552,0.525004237,204.808249,196.669402,1.041383392,1.837862363
7,2400,0.177827941,236.489,258.891004,601.859889,493.112640,0.430151616,0.525013927,213.778492,199.339794,1.072432590,1.910661286
7,2400,0.199526231,265.339,236.618066,611.288721,500.112055,0.387080701,0.473130100,219.343318,201.652735,1.087727958,1.954762571
7,2400,0.223872114,297.717,250.895624,623.840235,509.453494,0.402179293,0.492479936,222.928310,204.034995,1.092598402,1.981076729
7,2400,0.251188643,334.045,251.995634,634.767122,517.598384,0.396989108,0.486855526,220.413734,206.397734,1.067907720,1.954522962
7,2400,0.281838293,374.802,284.271059,649.918239,528.910077,0.437395109,0.537465765,228.241182,208.716271,1.093547623,2.019497117
7,2400,0.316227766,420.537,247.407079,658.996576,535.674672,0.375429992,0.461860701,239.241193,210.727651,1.135309923,2.112317824
7,2400,0.354813389,471.853,248.622826,670.078947,543.946611,0.371035126,0.457072113,240.950801,212.545535,1.133643207,2.123285629
7,2400,0.398107171,529.422,293.340303,685.135809,555.215037,0.428149133,0.528336380,246.620981,214.975042,1.147207502,2.168997625
7,2400,0.446683592,594.022,288.149139,697.802001,564.733771,0.412938253,0.510238902,252.741293,217.226210,1.163493542,2.218540262
7,2400,0.501187234,666.502,259.032069,709.409990,573.488617,0.365137330,0.451677787,253.379220,219.584475,1.153903163,2.220141072
7,2400,0.562341325,747.828,267.756911,722.444791,583.322141,0.370626122,0.459020654,254.179093,222.082895,1.144523506,2.223179765
7,2400,0.630957344,839.067,295.922807,737.312245,594.497225,0.401353441,0.497769871,251.374107,224.970082,1.117366829,2.195015988
7,2400,0.707945784,941.458,300.095922,751.664368,605.298528,0.399241915,0.495781681,260.673929,227.513292,1.145752528,2.272778769
7,2400,0.794328235,1056.335,258.704478,762.931863,613.799073,0.339092507,0.421480725,263.414248,230.033866,1.145110727,2.293242894
7,2400,0.891250938,1185.228,262.557641,776.349590,623.946528,0.338195117,0.420801509,267.736512,232.479948,1.151654215,2.327906343
7,2400,1.000000000,1329.846,339.226959,794.760500,637.872326,0.426829164,0.531810122,272.154250,235.915632,1.153608379,2.363236606
8,11822,0.001000000,6.239,583.804630,1118.401152,1023.546524,0.521999311,0.570374298,301.223144,376.061372,0.800994641,0.907821902
8,11822,0.001122018,6.993,557.863490,1144.087509,1042.574408,0.487605612,0.535082663,338.074259,395.618502,0.854546128,0.997277779
8,11822,0.001258925,7.843,528.952852,1165.640756,1057.896030,0.453787198,0.500004572,334.849456,402.717338,0.831475143,0.979925336
8,11822,0.001412538,8.800,593.265190,1197.560731,1079.820721,0.495394659,0.549410822,342.556495,423.024359,0.809779598,0.984007098
8,11822,0.001584893,9.872,631.596588,1225.832579,1100.380298,0.515238866,0.573980276,378.607834,435.227771,0.869907344,1.076548107
8,11822,0.001778279,11.078,600.352948,1251.892390,1118.400117,0.479556353,0.536796213,369.532315,447.469150,0.825827468,1.039117399
8,11822,0.001995262,12.435,576.784918,1276.763835,1134.353302,0.451755369,0.508470260,399.475589,457.987769,0.872240737,1.111058574
8,11822,0.002238721,13.957,606.237439,1304.397150,1153.209229,0.464764461,0.525695965,395.166584,477.738133,0.827161485,1.081151276
8,11822,0.002511886,15.656,692.456343,1338.134409,1177.025662,0.517478916,0.588310319,405.983133,494.030855,0.821776877,1.096510672
8,11822,0.002818383,17.564,648.631208,1361.343849,1194.174939,0.476463906,0.543162636,471.960206,507.896144,0.929245501,1.260085005
8,11822,0.003162278,19.706,614.872129,1385.832539,1212.199002,0.443684292,0.507236953,468.607145,520.234219,0.900761863,1.238448771
8,11822,0.003548134,22.114,697.369602,1418.231109,1234.611970,0.491717885,0.564849215,486.059092,537.142798,0.904897346,1.268844268
8,11822,0.003981072,24.813,717.420570,1445.843819,1253.377350,0.496195066,0.572389927,472.258201,550.038109,0.858591785,1.220238791
8,11822,0.004466836,27.837,689.124175,1473.663953,1272.618315,0.467626404,0.541501067,547.234724,581.077930,0.941757888,1.379685891
8,11822,0.005011872,31.236,658.993066,1501.394409,1292.375753,0.438920687,0.509908256,530.495127,593.878515,0.893272131,1.323658075
8,11822,0.005623413,35.048,706.598869,1528.667728,1311.755433,0.462231822,0.538666623,521.946267,605.473547,0.862046359,1.291292342
8,11822,0.006309573,39.322,778.874617,1565.223539,1338.019564,0.497612384,0.582110037,554.154888,613.115446,0.903834492,1.363606432
8,11822,0.007079458,44.123,719.930250,1587.776113,1354.136156,0.453420507,0.531652779,587.335580,620.889039,0.945959009,1.437252218
8,11822,0.007943282,49.505,663.155708,1610.595886,1370.762700,0.411745562,0.483785930,586.724197,631.462332,0.929151538,1.425535407
8,11822,0.008912509,55.546,801.801873,1648.045490,1397.547332,0.486516834,0.573720728,602.946928,640.868948,0.940827184,1.457524763
8,11822,0.010000000,62.325,802.831463,1675.410597,1417.171182,0.479184902,0.566502814,642.565935,651.551881,0.986208396,1.543310337
8,11822,0.011220185,69.928,763.005139,1705.883665,1438.885209,0.447278530,0.530275198,642.105991,659.269969,0.973965175,1.534774354
8,11822,0.012589254,78.460,714.332469,1729.479456,1455.628794,0.413033220,0.490738073,649.401063,669.957508,0.969316794,1.541341133
8,11822,0.014125375,88.035,816.268032,1767.306331,1482.960149,0.461871277,0.550431535,664.200979,681.083257,0.975212608,1.567283369
8,11822,0.015848932,98.776,896.918242,1800.389098,1507.342298,0.498180223,0.595032889,723.104945,690.411371,1.047353759,1.698475146
8,11822,0.017782794,110.829,769.695371,1823.094955,1523.953701,0.422191597,0.505064800,722.830720,698.142694,1.035362435,1.691887376
8,11822,0.019952623,124.352,794.636831,1854.527983,1546.925900,0.428484681,0.513687715,729.630543,705.594372,1.034065139,1.701633100
8,11822,0.022387211,139.525,890.406054,1888.482830,1571.752126,0.471492798,0.566505392,723.594548,713.951980,1.013505906,1.682520523
8,11822,0.025118864,156.550,892.256356,1917.988495,1593.170627,0.465204228,0.560050720,770.302401,722.264914,1.066509512,1.784860032
8,11822,0.028183829,175.652,820.436727,1947.982848,1614.913004,0.421172459,0.508037724,775.911534,728.666986,1.064836955,1.792847364
8,11822,0.031622777,197.084,808.918257,1977.526931,1636.655148,0.409055494,0.494250886,773.393183,736.946527,1.049456310,1.780922600
8,11822,0.035481339,221.131,919.458853,2013.997959,1663.645772,0.456534154,0.552677060,775.853416,749.443179,1.035239813,1.778579338
8,11822,0.039810717,248.114,964.856291,2052.444837,1691.965156,0.470100961,0.570257778,786.566286,757.996763,1.037690824,1.797649488
8,11822,0.044668359,278.389,825.609323,2074.885658,1708.532402,0.397905937,0.483227196,835.076357,766.369440,1.089652474,1.903405185
8,11822,0.050118723,312.358,953.112672,2115.115868,1738.342199,0.450619603,0.548288290,880.097198,774.484079,1.136365771,2.001716432
8,11822,0.056234133,350.470,1044.004324,2148.619064,1763.180673,0.485895495,0.592114206,881.978496,785.668688,1.122583233,2.000590964
8,11822,0.063095734,393.235,994.736547,2184.442379,1789.651126,0.455373214,0.555827073,901.497574,793.400672,1.136245035,2.040777263
8,11822,0.070794578,441.216,924.187057,2213.686513,1811.318700,0.417487775,0.510228850,911.878400,800.357144,1.139339364,2.060190624
8,11822,0.079432823,495.052,920.232510,2247.060862,1836.044269,0.409527185,0.501203879,909.994655,807.582319,1.126813494,2.052751859
8,11822,0.089125094,555.458,1105.625778,2293.011997,1870.287088,0.482171824,0.591152976,933.736726,816.660019,1.143360401,2.102157380
8,11822,0.100000000,623.233,1045.448368,2321.812058,1891.829589,0.450272607,0.552612336,967.830954,823.778006,1.174868650,2.175854299
8,11822,0.112201845,699.282,918.027826,2354.440474,1916.296788,0.389913372,0.479063489,976.088085,829.926176,1.176114350,2.191902584
8,11822,0.125892541,784.604,1049.196552,2393.678009,1945.588475,0.438319836,0.539269514,978.114447,837.968647,1.167244683,2.193980547
8,11822,0.141253754,880.343,1158.663940,2436.545583,1977.574898,0.475535508,0.585901420,1010.506961,847.692315,1.192068093,2.263404885
8,11822,0.158489319,987.762,1050.074047,2466.854904,2000.256899,0.425673210,0.524969591,1024.874883,854.448565,1.199457668,2.293300177
8,11822,0.177827941,1108.285,1013.228361,2507.793605,2030.983356,0.404031799,0.498885605,1023.391261,862.173144,1.186990419,2.287467386
8,11822,0.199526231,1243.517,1064.748429,2545.830949,2059.529492,0.418232180,0.516986250,1024.036838,871.053131,1.175630741,2.286807511
8,11822,0.223872114,1395.250,1231.572908,2592.109658,2094.356824,0.475123768,0.588043496,1024.353362,881.520094,1.162030643,2.285556565
8,11822,0.251188643,1565.495,1111.989623,2626.788584,2120.502903,0.423326654,0.524399010,1088.805788,892.885258,1.219424083,2.427418070
8,11822,0.281838293,1756.513,1033.670465,2663.482517,2148.149574,0.388089825,0.481191104,1117.240002,903.959606,1.235940184,2.489002245
8,11822,0.316227766,1970.845,1260.554727,2712.099905,2184.821619,0.464789193,0.576960021,1111.539868,914.458342,1.215517226,2.474841581
8,11822,0.354813389,2211.318,1260.202043,2749.213861,2212.844171,0.458386326,0.569494255,1168.665853,925.398144,1.262878968,2.600297459
8,11822,0.398107171,2481.145,1170.527646,2794.570367,2247.076715,0.418857818,0.520911297,1160.857845,935.245318,1.241233527,2.581316573
8,11822,0.446683592,2783.886,1087.947659,2831.619793,2275.090987,0.384213891,0.478199626,1168.714249,944.203850,1.237777466,2.597346942
8,11822,0.501187234,3123.574,1311.611405,2888.776868,2318.342972,0.454036938,0.565753825,1195.299363,954.823554,1.251853662,2.654990756
8,11822,0.562341325,3504.711,1353.390679,2933.063654,2351.920826,0.461425608,0.575440578,1203.843505,964.869553,1.247674881,2.672644062
8,11822,0.630957344,3932.345,1197.135952,2972.449562,2381.815713,0.402743908,0.502614852,1225.728438,975.072296,1.257064162,2.720096290
8,11822,0.707945784,4412.163,1161.181182,3015.973528,2414.867501,0.385010402,0.480846747,1260.377672,987.637272,1.276154423,2.795757839
8,11822,0.794328235,4950.530,1486.831535,3078.437378,2462.295002,0.482982550,0.603839724,1307.166801,1000.831199,1.306081187,2.898387254
8,11822,0.891250938,5554.587,1400.436614,3122.617306,2495.863046,0.448481667,0.561103149,1299.202596,1014.003920,1.281259934,2.879681515
8,11822,1.000000000,6232.348,1256.978724,3162.113481,2525.896878,0.397512212,0.497636596,1322.935849,1025.838110,1.289614645,2.931289052
9,16686,0.001000000,7.019,1032.938574,2423.378143,2224.359364,0.426239123,0.464375761,560.418045,828.756765,0.676215348,0.763399493
9,16686,0.001122018,7.880,1051.292210,2468.157229,2254.419530,0.425942156,0.466325010,578.617633,857.386669,0.674861943,0.778231320
9,16686,0.001258925,8.853,1130.696704,2537.576589,2305.896208,0.445581311,0.490350216,575.845099,889.680311,0.647249458,0.764266828
9,16686,0.001412538,9.916,1160.704550,2599.632935,2351.322558,0.446487862,0.493639014,603.985820,913.920112,0.660873759,0.792542294
9,16686,0.001584893,11.138,1188.470342,2653.485616,2388.958842,0.447890252,0.497484645,649.683351,941.045015,0.690384988,0.843313835
9,16686,0.001778279,12.491,1134.698992,2706.771471,2425.646976,0.419207533,0.467792306,644.420317,1001.746194,0.643296996,0.818449243
9,16686,0.001995262,14.024,1152.232933,2754.216065,2460.192731,0.418352412,0.468350678,647.089952,1092.973857,0.592045224,0.792376957
9,16686,0.002238721,15.727,1312.937824,2844.475746,2518.774715,0.461574625,0.521260523,812.193563,1167.672293,0.695566356,0.964631883
9,16686,0.002511886,17.645,1259.189966,2890.058663,2547.181456,0.435697026,0.494346393,855.759538,1207.033594,0.708977399,0.998419101
9,16686,0.002818383,19.800,1256.706905,2939.541963,2580.781283,0.427517933,0.486948240,820.300365,1252.655133,0.654849322,0.943740409
9,16686,0.003162278,22.215,1279.559352,3006.560322,2629.461697,0.425589117,0.486624070,833.803418,1276.634062,0.653126407,0.951224221
9,16686,0.003548134,24.927,1352.107244,3068.384551,2676.218985,0.440657689,0.505230421,876.872922,1296.657625,0.676256326,0.992956669
9,16686,0.003981072,27.965,1336.716873,3123.000956,2715.936186,0.428023203,0.492175361,875.018069,1312.363872,0.666749587,0.985686547
9,16686,0.004466836,31.381,1241.987614,3170.303218,2747.999595,0.391756727,0.451960625,935.341998,1330.320679,0.703095135,1.047495783
9,16686,0.005011872,35.209,1341.957909,3234.341614,2792.052586,0.414909143,0.480634898,915.148951,1354.086330,0.675842397,1.016924524
9,16686,0.005623413,39.508,1404.663112,3301.524556,2838.047512,0.425458932,0.494939957,962.244667,1369.479349,0.702635398,1.063081905
9,16686,0.006309573,44.329,1363.589036,3356.844405,2877.553825,0.406211570,0.473870905,1063.607025,1399.269133,0.760116121,1.163104317
9,16686,0.007079458,49.737,1307.773357,3404.600709,2911.709080,0.384119451,0.449142865,1039.939694,1414.463667,0.735218386,1.132252572
9,16686,0.007943282,55.804,1410.454756,3477.734397,2964.428240,0.405567129,0.475793186,1033.760687,1431.314745,0.722245537,1.119547047
9,16686,0.008912509,62.614,1470.854574,3536.793243,3006.314944,0.415872366,0.489254985,1138.618016,1449.620187,0.785459548,1.226060500
9,16686,0.010000000,70.254,1436.510091,3594.794401,3048.881971,0.399608414,0.471159627,1122.509452,1469.323563,0.763963418,1.202649359
9,16686,0.011220185,78.826,1344.859639,3644.392166,3084.413121,0.369021658,0.436018000,1166.343025,1483.357289,0.786285970,1.245315641
9,16686,0.012589254,88.444,1455.320704,3712.714974,3133.427073,0.391982879,0.464450159,1178.186947,1504.995543,0.782850788,1.250720058
9,16686,0.014125375,99.236,1568.614494,3787.418247,3186.470569,0.414164582,0.492273335,1177.964109,1525.114141,0.772377671,1.243504414
9,16686,0.015848932,111.345,1453.561058,3830.325213,3216.847308,0.379487636,0.451858891,1280.692012,1533.968312,0.834888180,1.348803831
9,16686,0.017782794,124.931,1420.165885,3889.734283,3259.928025,0.365106144,0.435643325,1265.365136,1554.202378,0.814157252,1.327420096
9,16686,0.019952623,140.175,1574.746210,3959.851859,3311.936528,0.397678061,0.475475963,1280.605275,1579.880144,0.810571156,1.336517698
9,16686,0.022387211,157.279,1641.836254,4027.567316,3361.585786,0.407649612,0.488411231,1243.352973,1604.914721,0.774715913,1.290956143
9,16686,0.025118864,176.471,1542.562337,4076.021878,3396.997651,0.378448002,0.454095791,1414.978164,1632.687231,0.866655987,1.461748155
9,16686,0.028183829,198.003,1555.903995,4143.270107,3446.177915,0.375525601,0.451486845,1442.107110,1647.455532,0.875354195,1.486312286
9,16686,0.031622777,222.163,1671.538759,4211.875713,3495.557560,0.396863268,0.478189454,1423.271479,1666.209729,0.854197076,1.462125177
9,16686,0.035481339,249.271,1784.599189,4286.043706,3549.602731,0.416374473,0.502760259,1492.656260,1679.504789,0.888747844,1.529654579
9,16686,0.039810717,279.687,1578.289087,4334.050245,3585.102392,0.364160311,0.440235428,1517.865694,1692.868990,0.896623249,1.552369144
9,16686,0.044668359,313.814,1600.277924,4397.524042,3631.852171,0.363904304,0.440623089,1521.644560,1711.442172,0.889100774,1.552249545
9,16686,0.050118723,352.105,1845.129607,4480.636023,3693.141409,0.411800824,0.499609791,1508.513082,1732.018912,0.870956473,1.534722881
9,16686,0.056234133,395.068,1761.151782,4537.132131,3734.893993,0.388164094,0.471539965,1571.028188,1749.902187,0.897780573,1.595230994
9,16686,0.063095734,443.274,1730.350138,4605.172484,3785.308286,0.375740571,0.457122646,1614.744029,1773.627026,0.910419161,1.636154952
9,16686,0.070794578,497.361,1627.103353,4662.981946,3828.158149,0.348940522,0.425035563,1623.783009,1791.527707,0.906367790,1.642421819
9,16686,0.079432823,558.050,1925.258997,4749.085487,3891.790330,0.405395734,0.494697513,1661.804194,1805.893921,0.920211412,1.678311596
9,16686,0.089125094,626.141,1901.376319,4817.118225,3942.075599,0.394712405,0.482328730,1732.257568,1819.980308,0.951800171,1.746823210
9,16686,0.100000000,702.542,1724.826147,4871.635704,3982.499869,0.354054829,0.433101370,1741.280117,1836.424779,0.948190276,1.753791162
9,16686,0.112201845,788.265,1831.900485,4948.369349,4039.707005,0.370202860,0.453473602,1752.617255,1850.917466,0.946891089,1.763191044
9,16686,0.125892541,884.448,2040.048217,5035.361044,4104.785753,0.405144378,0.496992618,1788.675550,1867.912326,0.957580035,1.797242835
9,16686,0.141253754,992.367,1943.057575,5094.214836,4148.881422,0.381424349,0.468332878,1789.837723,1883.462720,0.950291027,1.796667248
9,16686,0.158489319,1113.454,1804.857863,5160.263329,4198.116079,0.349760806,0.429920905,1816.858044,1904.730607,0.953866146,1.821743893
9,16686,0.177827941,1249.316,1915.654160,5243.232206,4259.974153,0.365357490,0.449686803,1849.092903,1922.622402,0.961755622,1.852196277
9,16686,0.199526231,1401.754,2144.526372,5328.945471,4324.090439,0.402429783,0.495948547,1848.110213,1939.142754,0.953055266,1.849539571
9,16686,0.223872114,1572.795,2036.037095,5402.641867,4379.361912,0.376859534,0.464916382,1923.491043,1954.535984,0.984116465,1.923491096
9,16686,0.251188643,1764.706,1751.405682,5450.986360,4415.605067,0.321300691,0.396640020,1930.492212,1977.412930,0.976271664,1.929114463
9,16686,0.281838293,1980.031,2320.231625,5559.971135,4497.567120,0.417310013,0.515885936,2096.071620,2001.234294,1.047389417,2.093237030
9,16686,0.316227766,2221.632,2264.296189,5633.909297,4553.165235,0.401904977,0.497301563,2090.188656,2028.164595,1.030581375,2.085984770
9,16686,0.354813389,2492.711,2200.697558,5708.947289,4609.656581,0.385482200,0.477410306,2106.001729,2053.181393,1.025726093,2.100564768
9,16686,0.398107171,2796.871,2059.953363,5785.886931,4667.653354,0.356030698,0.441325267,2105.030352,2077.422929,1.013289265,2.098497599
9,16686,0.446683592,3138.141,2176.611589,5865.656677,4727.769049,0.371077223,0.460388730,2113.761891,2099.191163,1.006941115,2.106179643
9,16686,0.501187234,3521.051,2526.976299,5971.012033,4807.170251,0.423207370,0.525668151,2204.949683,2117.625131,1.041237021,2.196124099
9,16686,0.562341325,3950.683,2185.810681,6040.080775,4859.318619,0.361884346,0.449818350,2224.355411,2136.204580,1.041265163,2.214601939
9,16686,0.630957344,4432.739,2202.478082,6115.887081,4916.593206,0.360124059,0.447968337,2258.671632,2157.098077,1.047088056,2.247950578
9,16686,0.707945784,4973.617,2463.679670,6218.618184,4994.389410,0.396177993,0.493289463,2263.433362,2178.146837,1.039155544,2.251894990
9,16686,0.794328235,5580.490,2511.729590,6305.376787,5060.162538,0.398347264,0.496373302,2307.432005,2201.567907,1.048085775,2.294888048
9,16686,0.891250938,6261.411,2340.870152,6381.488323,5117.859808,0.366821975,0.457392394,2324.409549,2229.820723,1.042419924,2.311070563
9,16686,1.000000000,7025.419,2247.262691,6473.644544,5187.692277,0.347140266,0.433191209,2333.375692,2258.208291,1.033286301,2.319322439
