type,m,b,gcd,H_or_m,abs_S,sqrt_2gm,ratio
complete,36,1,1,36,8.48528137423857,8.48528137423857,1.414213562373095
complete,36,2,2,36,2.7493423454386096e-15,12.0,4.582237242397682e-16
complete,36,3,3,36,14.69693845669907,14.696938456699069,2.4494897427831783
complete,36,4,4,36,12.000000000000004,16.97056274847714,2.0000000000000004
complete,36,5,1,36,8.485281374238573,8.48528137423857,1.4142135623730956
complete,36,6,6,36,1.526142792357595e-14,20.784609690826528,2.5435713205959913e-15
complete,36,7,1,36,8.485281374238564,8.48528137423857,1.414213562373094
complete,36,8,4,36,12.000000000000014,16.97056274847714,2.000000000000002
complete,36,9,9,36,25.455844122715742,25.45584412271571,4.24264068711929
complete,36,10,2,36,3.9747828632135916e-14,12.0,6.624638105355986e-15
complete,36,11,1,36,8.485281374238493,8.48528137423857,1.4142135623730823
complete,36,12,12,36,20.784609690826535,29.393876913398138,3.4641016151377557
complete,36,13,1,36,8.485281374238582,8.48528137423857,1.414213562373097
complete,36,14,2,36,4.496273023151523e-14,12.0,7.493788371919205e-15
complete,36,15,3,36,14.696938456699064,14.696938456699069,2.4494897427831774
complete,36,16,4,36,12.000000000000004,16.97056274847714,2.0000000000000004
complete,36,17,1,36,8.485281374238557,8.48528137423857,1.414213562373093
complete,36,18,18,36,8.036406517207625e-14,36.0,1.3394010862012708e-14
complete,36,19,1,36,8.485281374238578,8.48528137423857,1.4142135623730965
complete,36,20,4,36,11.999999999999936,16.97056274847714,1.9999999999999893
complete,36,21,3,36,14.696938456699058,14.696938456699069,2.4494897427831765
complete,36,22,2,36,9.94899825938306e-14,12.0,1.6581663765638434e-14
complete,36,23,1,36,8.485281374238618,8.48528137423857,1.414213562373103
complete,36,24,12,36,20.78460969082651,29.393876913398138,3.4641016151377517
complete,36,25,1,36,8.485281374238623,8.48528137423857,1.4142135623731038
complete,36,26,2,36,6.265176933951674e-14,12.0,1.0441961556586123e-14
complete,36,27,9,36,25.45584412271576,25.45584412271571,4.242640687119294
complete,36,28,4,36,11.99999999999997,16.97056274847714,1.999999999999995
complete,36,29,1,36,8.48528137423859,8.48528137423857,1.4142135623730985
complete,36,30,6,36,1.1882105839225076e-13,20.784609690826528,1.9803509732041795e-14
complete,36,31,1,36,8.48528137423858,8.48528137423857,1.4142135623730967
complete,36,32,4,36,11.999999999999957,16.97056274847714,1.999999999999993
complete,36,33,3,36,14.696938456699053,14.696938456699069,2.4494897427831757
complete,36,34,2,36,7.149690942726257e-14,12.0,1.1916151571210428e-14
complete,36,35,1,36,8.48528137423854,8.48528137423857,1.4142135623730898
complete,100,1,1,100,14.142135623730953,14.142135623730951,1.4142135623730954
complete,100,2,2,100,8.405495513285155e-15,20.0,8.405495513285155e-16
complete,100,3,1,100,14.142135623730969,14.142135623730951,1.414213562373097
complete,100,4,4,100,20.00000000000001,28.284271247461902,2.000000000000001
complete,100,5,5,100,31.62277660168379,31.622776601683793,3.162277660168379
complete,100,6,2,100,2.1136267205634353e-14,20.0,2.1136267205634354e-15
complete,100,7,1,100,14.142135623730951,14.142135623730951,1.4142135623730951
complete,100,8,4,100,20.00000000000003,28.284271247461902,2.0000000000000027
complete,100,9,1,100,14.142135623730962,14.142135623730951,1.4142135623730963
complete,100,10,10,100,3.9029984778223395e-14,44.721359549995796,3.902998477822339e-15
complete,100,11,1,100,14.142135623730919,14.142135623730951,1.4142135623730918
complete,100,12,4,100,20.000000000000053,28.284271247461902,2.0000000000000053
complete,100,13,1,100,14.142135623730931,14.142135623730951,1.4142135623730931
complete,100,14,2,100,1.324147507406233e-14,20.0,1.324147507406233e-15
complete,100,15,5,100,31.62277660168385,31.622776601683793,3.162277660168385
complete,100,16,4,100,19.999999999999964,28.284271247461902,1.9999999999999964
complete,100,17,1,100,14.14213562373089,14.142135623730951,1.4142135623730892
complete,100,18,2,100,5.5283309977356684e-14,20.0,5.528330997735668e-15
complete,100,19,1,100,14.14213562373102,14.142135623730951,1.414213562373102
complete,100,20,20,100,44.72135954999587,63.245553203367585,4.472135954999587
complete,100,21,1,100,14.142135623730866,14.142135623730951,1.4142135623730865
complete,100,22,2,100,3.007126728982603e-14,20.0,3.007126728982603e-15
complete,100,23,1,100,14.142135623730978,14.142135623730951,1.4142135623730978
complete,100,24,4,100,20.000000000000018,28.284271247461902,2.0000000000000018
complete,100,25,25,100,70.71067811865468,70.71067811865476,7.071067811865468
complete,100,26,2,100,2.1030003838476086e-13,20.0,2.1030003838476087e-14
complete,100,27,1,100,14.14213562373097,14.142135623730951,1.4142135623730971
complete,100,28,4,100,20.000000000000036,28.284271247461902,2.0000000000000036
complete,100,29,1,100,14.142135623730972,14.142135623730951,1.4142135623730971
complete,100,30,10,100,2.0449958528981864e-13,44.721359549995796,2.0449958528981865e-14
complete,100,31,1,100,14.14213562373103,14.142135623730951,1.414213562373103
complete,100,32,4,100,20.000000000000085,28.284271247461902,2.0000000000000084
complete,100,33,1,100,14.142135623730969,14.142135623730951,1.414213562373097
complete,100,34,2,100,1.4894493242691467e-13,20.0,1.4894493242691466e-14
complete,100,35,5,100,31.622776601683615,31.622776601683793,3.1622776601683613
complete,100,36,4,100,20.00000000000002,28.284271247461902,2.000000000000002
complete,100,37,1,100,14.142135623731026,14.142135623730951,1.4142135623731025
complete,100,38,2,100,1.5974161107487686e-13,20.0,1.5974161107487687e-14
complete,100,39,1,100,14.14213562373096,14.142135623730951,1.414213562373096
complete,100,40,20,100,44.721359549995704,63.245553203367585,4.472135954999571
complete,100,41,1,100,14.142135623731122,14.142135623730951,1.4142135623731122
complete,100,42,2,100,1.4538208360587824e-13,20.0,1.4538208360587822e-14
complete,100,43,1,100,14.14213562373084,14.142135623730951,1.414213562373084
complete,100,44,4,100,20.00000000000003,28.284271247461902,2.0000000000000027
complete,100,45,5,100,31.622776601683764,31.622776601683793,3.1622776601683764
complete,100,46,2,100,3.0680145001287723e-13,20.0,3.0680145001287725e-14
complete,100,47,1,100,14.142135623730969,14.142135623730951,1.414213562373097
complete,100,48,4,100,20.000000000000092,28.284271247461902,2.0000000000000093
complete,100,49,1,100,14.14213562373116,14.142135623730951,1.414213562373116
complete,100,50,50,100,1.999341593746923e-13,100.0,1.999341593746923e-14
complete,100,51,1,100,14.14213562373102,14.142135623730951,1.414213562373102
complete,100,52,4,100,19.999999999999925,28.284271247461902,1.9999999999999925
complete,100,53,1,100,14.142135623730848,14.142135623730951,1.4142135623730847
complete,100,54,2,100,1.5050120423244954e-13,20.0,1.5050120423244954e-14
complete,100,55,5,100,31.622776601683825,31.622776601683793,3.1622776601683826
complete,100,56,4,100,20.000000000000025,28.284271247461902,2.0000000000000027
complete,100,57,1,100,14.142135623731024,14.142135623730951,1.4142135623731025
complete,100,58,2,100,1.7792189091175368e-13,20.0,1.779218909117537e-14
complete,100,59,1,100,14.142135623730969,14.142135623730951,1.414213562373097
complete,100,60,20,100,44.721359549995974,63.245553203367585,4.472135954999597
complete,100,61,1,100,14.142135623730983,14.142135623730951,1.4142135623730983
complete,100,62,2,100,4.726213026239794e-14,20.0,4.726213026239794e-15
complete,100,63,1,100,14.142135623730672,14.142135623730951,1.4142135623730672
complete,100,64,4,100,19.999999999999936,28.284271247461902,1.9999999999999936
complete,100,65,5,100,31.622776601683814,31.622776601683793,3.1622776601683813
complete,100,66,2,100,2.7139119681249354e-13,20.0,2.7139119681249353e-14
complete,100,67,1,100,14.142135623730551,14.142135623730951,1.4142135623730552
complete,100,68,4,100,19.99999999999956,28.284271247461902,1.999999999999956
complete,100,69,1,100,14.142135623731013,14.142135623730951,1.4142135623731014
complete,100,70,10,100,2.1004058208947403e-13,44.721359549995796,2.1004058208947403e-14
complete,100,71,1,100,14.14213562373072,14.142135623730951,1.414213562373072
complete,100,72,4,100,20.000000000000043,28.284271247461902,2.0000000000000044
complete,100,73,1,100,14.142135623730873,14.142135623730951,1.4142135623730874
complete,100,74,2,100,7.800057519991153e-14,20.0,7.800057519991153e-15
complete,100,75,25,100,70.71067811865483,70.71067811865476,7.071067811865483
complete,100,76,4,100,19.999999999999986,28.284271247461902,1.9999999999999987
complete,100,77,1,100,14.142135623731214,14.142135623730951,1.4142135623731213
complete,100,78,2,100,1.5457131644062234e-13,20.0,1.5457131644062233e-14
complete,100,79,1,100,14.142135623730857,14.142135623730951,1.4142135623730856
complete,100,80,20,100,44.72135954999551,63.245553203367585,4.472135954999551
complete,100,81,1,100,14.142135623730946,14.142135623730951,1.4142135623730945
complete,100,82,2,100,4.970080495605549e-13,20.0,4.9700804956055486e-14
complete,100,83,1,100,14.142135623730978,14.142135623730951,1.4142135623730978
complete,100,84,4,100,20.00000000000008,28.284271247461902,2.000000000000008
complete,100,85,5,100,31.622776601683963,31.622776601683793,3.1622776601683964
complete,100,86,2,100,4.248608144791664e-13,20.0,4.2486081447916644e-14
complete,100,87,1,100,14.142135623730738,14.142135623730951,1.4142135623730738
complete,100,88,4,100,20.000000000000405,28.284271247461902,2.0000000000000404
complete,100,89,1,100,14.142135623730518,14.142135623730951,1.4142135623730518
complete,100,90,10,100,5.095792099342529e-13,44.721359549995796,5.095792099342529e-14
complete,100,91,1,100,14.142135623731008,14.142135623730951,1.4142135623731007
complete,100,92,4,100,20.00000000000025,28.284271247461902,2.000000000000025
complete,100,93,1,100,14.142135623731583,14.142135623730951,1.4142135623731584
complete,100,94,2,100,8.925828835883972e-13,20.0,8.925828835883972e-14
complete,100,95,5,100,31.62277660168377,31.622776601683793,3.1622776601683773
complete,100,96,4,100,20.000000000000036,28.284271247461902,2.0000000000000036
complete,100,97,1,100,14.142135623731123,14.142135623730951,1.4142135623731122
complete,100,98,2,100,6.889777889764343e-13,20.0,6.889777889764343e-14
complete,100,99,1,100,14.142135623730214,14.142135623730951,1.4142135623730214
complete,225,1,1,225,14.999999999999993,21.213203435596427,0.9999999999999996
complete,225,2,1,225,14.999999999999991,21.213203435596427,0.9999999999999994
complete,225,3,3,225,25.980762113533164,36.742346141747674,1.7320508075688776
complete,225,4,1,225,14.99999999999999,21.213203435596427,0.9999999999999993
complete,225,5,5,225,33.541019662496836,47.43416490252569,2.236067977499789
complete,225,6,3,225,25.98076211353313,36.742346141747674,1.7320508075688754
complete,225,7,1,225,15.000000000000025,21.213203435596427,1.0000000000000016
complete,225,8,1,225,14.99999999999998,21.213203435596427,0.9999999999999987
complete,225,9,9,225,44.999999999999986,63.63961030678928,2.999999999999999
complete,225,10,5,225,33.541019662496936,47.43416490252569,2.2360679774997956
complete,225,11,1,225,15.000000000000018,21.213203435596427,1.000000000000001
complete,225,12,3,225,25.980762113533153,36.742346141747674,1.732050807568877
complete,225,13,1,225,15.000000000000032,21.213203435596427,1.0000000000000022
complete,225,14,1,225,14.9999999999999,21.213203435596427,0.9999999999999933
complete,225,15,15,225,58.094750193111324,82.15838362577492,3.8729833462074215
complete,225,16,1,225,15.000000000000053,21.213203435596427,1.0000000000000036
complete,225,17,1,225,14.999999999999831,21.213203435596427,0.9999999999999888
complete,225,18,9,225,45.00000000000001,63.63961030678928,3.0000000000000004
complete,225,19,1,225,14.999999999999973,21.213203435596427,0.9999999999999982
complete,225,20,5,225,33.54101966249678,47.43416490252569,2.2360679774997854
complete,225,21,3,225,25.980762113533057,36.742346141747674,1.7320508075688705
complete,225,22,1,225,14.999999999999964,21.213203435596427,0.9999999999999977
complete,225,23,1,225,15.000000000000092,21.213203435596427,1.0000000000000062
complete,225,24,3,225,25.980762113533018,36.742346141747674,1.7320508075688679
complete,225,25,25,225,74.99999999999991,106.06601717798213,4.999999999999995
complete,225,26,1,225,14.999999999999794,21.213203435596427,0.9999999999999862
complete,225,27,9,225,44.99999999999987,63.63961030678928,2.9999999999999916
complete,225,28,1,225,15.000000000000021,21.213203435596427,1.0000000000000013
complete,225,29,1,225,15.000000000000238,21.213203435596427,1.0000000000000158
complete,225,30,15,225,58.094750193111345,82.15838362577492,3.872983346207423
complete,225,31,1,225,14.999999999999611,21.213203435596427,0.999999999999974
complete,225,32,1,225,14.999999999999732,21.213203435596427,0.9999999999999821
complete,225,33,3,225,25.980762113533245,36.742346141747674,1.732050807568883
complete,225,34,1,225,14.99999999999964,21.213203435596427,0.9999999999999759
complete,225,35,5,225,33.541019662496765,47.43416490252569,2.2360679774997845
complete,225,36,9,225,44.999999999999986,63.63961030678928,2.999999999999999
complete,225,37,1,225,14.999999999999673,21.213203435596427,0.9999999999999782
complete,225,38,1,225,14.999999999999908,21.213203435596427,0.9999999999999939
complete,225,39,3,225,25.980762113533288,36.742346141747674,1.7320508075688859
complete,225,40,5,225,33.54101966249677,47.43416490252569,2.236067977499785
complete,225,41,1,225,15.000000000000277,21.213203435596427,1.0000000000000184
complete,225,42,3,225,25.980762113533515,36.742346141747674,1.732050807568901
complete,225,43,1,225,15.0000000000005,21.213203435596427,1.0000000000000333
complete,225,44,1,225,15.000000000000474,21.213203435596427,1.0000000000000315
complete,225,45,45,225,100.62305898749068,142.30249470757707,6.708203932499378
complete,225,46,1,225,15.000000000000227,21.213203435596427,1.000000000000015
complete,225,47,1,225,14.999999999999748,21.213203435596427,0.9999999999999832
complete,225,48,3,225,25.980762113533217,36.742346141747674,1.7320508075688812
complete,225,49,1,225,15.000000000000423,21.213203435596427,1.0000000000000282
complete,225,50,25,225,75.00000000000006,106.06601717798213,5.0000000000000036
complete,225,51,3,225,25.980762113532943,36.742346141747674,1.732050807568863
complete,225,52,1,225,15.00000000000027,21.213203435596427,1.000000000000018
complete,225,53,1,225,14.999999999999918,21.213203435596427,0.9999999999999946
complete,225,54,9,225,44.99999999999986,63.63961030678928,2.9999999999999907
complete,225,55,5,225,33.54101966249722,47.43416490252569,2.2360679774998147
complete,225,56,1,225,14.999999999999808,21.213203435596427,0.9999999999999872
complete,225,57,3,225,25.980762113533267,36.742346141747674,1.7320508075688845
complete,225,58,1,225,14.999999999999424,21.213203435596427,0.9999999999999616
complete,225,59,1,225,15.0000000000001,21.213203435596427,1.0000000000000067
complete,225,60,15,225,58.094750193111224,82.15838362577492,3.872983346207415
complete,225,61,1,225,14.99999999999966,21.213203435596427,0.9999999999999774
complete,225,62,1,225,15.000000000000233,21.213203435596427,1.0000000000000155
complete,225,63,9,225,45.00000000000088,63.63961030678928,3.0000000000000586
complete,225,64,1,225,14.999999999999353,21.213203435596427,0.9999999999999569
complete,225,65,5,225,33.54101966249699,47.43416490252569,2.2360679774997996
complete,225,66,3,225,25.980762113533128,36.742346141747674,1.7320508075688752
complete,225,67,1,225,15.00000000000012,21.213203435596427,1.000000000000008
complete,225,68,1,225,14.99999999999999,21.213203435596427,0.9999999999999993
complete,225,69,3,225,25.980762113533842,36.742346141747674,1.7320508075689227
complete,225,70,5,225,33.541019662497504,47.43416490252569,2.2360679774998338
complete,225,71,1,225,14.999999999999138,21.213203435596427,0.9999999999999426
complete,225,72,9,225,45.00000000000007,63.63961030678928,3.000000000000005
complete,225,73,1,225,14.999999999999265,21.213203435596427,0.9999999999999509
complete,225,74,1,225,14.99999999999994,21.213203435596427,0.999999999999996
complete,225,75,75,225,129.90381056766557,183.71173070873834,8.660254037844371
complete,225,76,1,225,15.000000000000021,21.213203435596427,1.0000000000000013
complete,225,77,1,225,14.999999999998765,21.213203435596427,0.9999999999999177
complete,225,78,3,225,25.980762113532677,36.742346141747674,1.7320508075688452
complete,225,79,1,225,14.999999999999373,21.213203435596427,0.9999999999999581
complete,225,80,5,225,33.5410196624968,47.43416490252569,2.2360679774997867
complete,225,81,9,225,44.99999999999983,63.63961030678928,2.9999999999999885
complete,225,82,1,225,14.999999999998662,21.213203435596427,0.9999999999999108
complete,225,83,1,225,15.000000000000606,21.213203435596427,1.0000000000000404
complete,225,84,3,225,25.980762113533174,36.742346141747674,1.7320508075688783
complete,225,85,5,225,33.54101966249701,47.43416490252569,2.2360679774998005
complete,225,86,1,225,14.999999999999785,21.213203435596427,0.9999999999999857
complete,225,87,3,225,25.980762113533064,36.742346141747674,1.732050807568871
complete,225,88,1,225,14.999999999999496,21.213203435596427,0.9999999999999664
complete,225,89,1,225,15.000000000000984,21.213203435596427,1.0000000000000655
complete,225,90,45,225,100.62305898749037,142.30249470757707,6.708203932499358
complete,225,91,1,225,15.000000000001494,21.213203435596427,1.0000000000000997
complete,225,92,1,225,15.00000000000066,21.213203435596427,1.000000000000044
complete,225,93,3,225,25.980762113533615,36.742346141747674,1.7320508075689076
complete,225,94,1,225,14.999999999999739,21.213203435596427,0.9999999999999826
complete,225,95,5,225,33.54101966249701,47.43416490252569,2.2360679774998005
complete,225,96,3,225,25.980762113533004,36.742346141747674,1.732050807568867
complete,225,97,1,225,15.000000000000135,21.213203435596427,1.000000000000009
complete,225,98,1,225,15.00000000000135,21.213203435596427,1.00000000000009
complete,225,99,9,225,45.00000000000056,63.63961030678928,3.0000000000000373
complete,225,100,25,225,75.0000000000004,106.06601717798213,5.000000000000027
complete,225,101,1,225,14.999999999998966,21.213203435596427,0.999999999999931
complete,225,102,3,225,25.980762113533853,36.742346141747674,1.7320508075689236
complete,225,103,1,225,14.999999999999863,21.213203435596427,0.9999999999999909
complete,225,104,1,225,14.999999999999748,21.213203435596427,0.9999999999999832
complete,225,105,15,225,58.09475019311188,82.15838362577492,3.8729833462074583
complete,225,106,1,225,14.999999999999913,21.213203435596427,0.9999999999999942
complete,225,107,1,225,14.999999999999744,21.213203435596427,0.9999999999999829
complete,225,108,9,225,44.999999999999844,63.63961030678928,2.99999999999999
complete,225,109,1,225,14.999999999998856,21.213203435596427,0.9999999999999237
complete,225,110,5,225,33.54101966249539,47.43416490252569,2.2360679774996925
complete,225,111,3,225,25.980762113532002,36.742346141747674,1.7320508075688001
complete,225,112,1,225,15.00000000000109,21.213203435596427,1.0000000000000726
complete,225,113,1,225,14.999999999999748,21.213203435596427,0.9999999999999832
complete,225,114,3,225,25.980762113531863,36.742346141747674,1.7320508075687908
complete,225,115,5,225,33.54101966249675,47.43416490252569,2.2360679774997836
complete,225,116,1,225,14.999999999998918,21.213203435596427,0.9999999999999278
complete,225,117,9,225,45.00000000000078,63.63961030678928,3.000000000000052
complete,225,118,1,225,15.00000000000014,21.213203435596427,1.0000000000000093
complete,225,119,1,225,14.99999999999961,21.213203435596427,0.9999999999999739
complete,225,120,15,225,58.09475019311064,82.15838362577492,3.872983346207376
complete,225,121,1,225,15.000000000000366,21.213203435596427,1.0000000000000244
complete,225,122,1,225,15.000000000000426,21.213203435596427,1.0000000000000284
complete,225,123,3,225,25.980762113532545,36.742346141747674,1.7320508075688363
complete,225,124,1,225,14.999999999999892,21.213203435596427,0.9999999999999928
complete,225,125,25,225,75.00000000000136,106.06601717798213,5.000000000000091
complete,225,126,9,225,45.000000000000355,63.63961030678928,3.0000000000000235
complete,225,127,1,225,15.000000000000266,21.213203435596427,1.0000000000000178
complete,225,128,1,225,14.999999999998607,21.213203435596427,0.9999999999999072
complete,225,129,3,225,25.980762113533277,36.742346141747674,1.7320508075688852
complete,225,130,5,225,33.541019662495444,47.43416490252569,2.236067977499696
complete,225,131,1,225,15.000000000001235,21.213203435596427,1.0000000000000824
complete,225,132,3,225,25.980762113532926,36.742346141747674,1.7320508075688617
complete,225,133,1,225,15.000000000000771,21.213203435596427,1.0000000000000513
complete,225,134,1,225,14.999999999998732,21.213203435596427,0.9999999999999154
complete,225,135,45,225,100.6230589874905,142.30249470757707,6.708203932499367
complete,225,136,1,225,14.999999999999247,21.213203435596427,0.9999999999999498
complete,225,137,1,225,14.999999999999336,21.213203435596427,0.9999999999999557
complete,225,138,3,225,25.980762113533984,36.742346141747674,1.7320508075689323
complete,225,139,1,225,14.999999999999726,21.213203435596427,0.9999999999999818
complete,225,140,5,225,33.54101966249691,47.43416490252569,2.236067977499794
complete,225,141,3,225,25.980762113532347,36.742346141747674,1.732050807568823
complete,225,142,1,225,15.000000000000284,21.213203435596427,1.0000000000000189
complete,225,143,1,225,15.000000000000519,21.213203435596427,1.0000000000000346
complete,225,144,9,225,45.00000000000022,63.63961030678928,3.0000000000000147
complete,225,145,5,225,33.54101966249687,47.43416490252569,2.2360679774997916
complete,225,146,1,225,14.99999999999979,21.213203435596427,0.999999999999986
complete,225,147,3,225,25.980762113533068,36.742346141747674,1.7320508075688712
complete,225,148,1,225,14.999999999999273,21.213203435596427,0.9999999999999516
complete,225,149,1,225,15.000000000000984,21.213203435596427,1.0000000000000655
complete,225,150,75,225,129.9038105676662,183.71173070873834,8.660254037844414
complete,225,151,1,225,15.000000000001469,21.213203435596427,1.000000000000098
complete,225,152,1,225,15.000000000000858,21.213203435596427,1.0000000000000573
complete,225,153,9,225,44.99999999999944,63.63961030678928,2.9999999999999627
complete,225,154,1,225,14.999999999998533,21.213203435596427,0.9999999999999022
complete,225,155,5,225,33.54101966249677,47.43416490252569,2.236067977499785
complete,225,156,3,225,25.980762113533753,36.742346141747674,1.732050807568917
complete,225,157,1,225,14.999999999999508,21.213203435596427,0.9999999999999672
complete,225,158,1,225,14.999999999999961,21.213203435596427,0.9999999999999974
complete,225,159,3,225,25.9807621135328,36.742346141747674,1.7320508075688534
complete,225,160,5,225,33.54101966249608,47.43416490252569,2.2360679774997387
complete,225,161,1,225,14.999999999998462,21.213203435596427,0.9999999999998974
complete,225,162,9,225,45.00000000000161,63.63961030678928,3.0000000000001075
complete,225,163,1,225,15.000000000000359,21.213203435596427,1.000000000000024
complete,225,164,1,225,15.000000000000304,21.213203435596427,1.0000000000000202
complete,225,165,15,225,58.094750193110585,82.15838362577492,3.872983346207372
complete,225,166,1,225,14.99999999999873,21.213203435596427,0.9999999999999153
complete,225,167,1,225,14.999999999998014,21.213203435596427,0.9999999999998676
complete,225,168,3,225,25.980762113534254,36.742346141747674,1.7320508075689502
complete,225,169,1,225,15.000000000000195,21.213203435596427,1.000000000000013
complete,225,170,5,225,33.541019662497575,47.43416490252569,2.236067977499838
complete,225,171,9,225,45.00000000000111,63.63961030678928,3.0000000000000737
complete,225,172,1,225,14.999999999999812,21.213203435596427,0.9999999999999875
complete,225,173,1,225,14.999999999999378,21.213203435596427,0.9999999999999586
complete,225,174,3,225,25.98076211353507,36.742346141747674,1.7320508075690049
complete,225,175,25,225,75.00000000000045,106.06601717798213,5.00000000000003
complete,225,176,1,225,14.99999999999863,21.213203435596427,0.9999999999999087
complete,225,177,3,225,25.98076211353367,36.742346141747674,1.7320508075689114
complete,225,178,1,225,14.99999999999992,21.213203435596427,0.9999999999999947
complete,225,179,1,225,15.000000000001178,21.213203435596427,1.0000000000000786
complete,225,180,45,225,100.62305898749,142.30249470757707,6.708203932499333
complete,225,181,1,225,14.9999999999998,21.213203435596427,0.9999999999999866
complete,225,182,1,225,14.999999999999803,21.213203435596427,0.9999999999999869
complete,225,183,3,225,25.980762113533142,36.742346141747674,1.732050807568876
complete,225,184,1,225,14.999999999996845,21.213203435596427,0.9999999999997897
complete,225,185,5,225,33.54101966249817,47.43416490252569,2.236067977499878
complete,225,186,3,225,25.980762113532286,36.742346141747674,1.732050807568819
complete,225,187,1,225,15.000000000000217,21.213203435596427,1.0000000000000144
complete,225,188,1,225,14.999999999999323,21.213203435596427,0.9999999999999549
complete,225,189,9,225,44.99999999999871,63.63961030678928,2.999999999999914
complete,225,190,5,225,33.541019662496,47.43416490252569,2.2360679774997334
complete,225,191,1,225,14.999999999999742,21.213203435596427,0.9999999999999828
complete,225,192,3,225,25.98076211353338,36.742346141747674,1.732050807568892
complete,225,193,1,225,15.000000000001148,21.213203435596427,1.0000000000000766
complete,225,194,1,225,14.99999999999994,21.213203435596427,0.999999999999996
complete,225,195,15,225,58.09475019311151,82.15838362577492,3.872983346207434
complete,225,196,1,225,15.000000000000565,21.213203435596427,1.0000000000000377
complete,225,197,1,225,15.000000000001279,21.213203435596427,1.0000000000000853
complete,225,198,9,225,44.99999999999916,63.63961030678928,2.999999999999944
complete,225,199,1,225,15.000000000000162,21.213203435596427,1.0000000000000109
complete,225,200,25,225,75.00000000000058,106.06601717798213,5.000000000000039
complete,225,201,3,225,25.980762113533647,36.742346141747674,1.7320508075689098
complete,225,202,1,225,15.000000000000808,21.213203435596427,1.000000000000054
complete,225,203,1,225,15.000000000000574,21.213203435596427,1.0000000000000382
complete,225,204,3,225,25.980762113531647,36.742346141747674,1.7320508075687764
complete,225,205,5,225,33.54101966249675,47.43416490252569,2.2360679774997836
complete,225,206,1,225,15.00000000000176,21.213203435596427,1.0000000000001175
complete,225,207,9,225,45.000000000001975,63.63961030678928,3.000000000000132
complete,225,208,1,225,14.99999999999963,21.213203435596427,0.9999999999999754
complete,225,209,1,225,15.00000000000018,21.213203435596427,1.000000000000012
complete,225,210,15,225,58.094750193109334,82.15838362577492,3.872983346207289
complete,225,211,1,225,15.000000000000746,21.213203435596427,1.0000000000000497
complete,225,212,1,225,15.00000000000118,21.213203435596427,1.0000000000000786
complete,225,213,3,225,25.980762113532496,36.742346141747674,1.732050807568833
complete,225,214,1,225,15.000000000000782,21.213203435596427,1.0000000000000522
complete,225,215,5,225,33.54101966249873,47.43416490252569,2.236067977499915
complete,225,216,9,225,45.000000000000554,63.63961030678928,3.000000000000037
complete,225,217,1,225,14.999999999997645,21.213203435596427,0.999999999999843
complete,225,218,1,225,15.00000000000109,21.213203435596427,1.0000000000000726
complete,225,219,3,225,25.980762113532013,36.742346141747674,1.7320508075688008
complete,225,220,5,225,33.54101966249641,47.43416490252569,2.2360679774997605
complete,225,221,1,225,15.000000000000576,21.213203435596427,1.0000000000000384
complete,225,222,3,225,25.980762113533363,36.742346141747674,1.7320508075688907
complete,225,223,1,225,15.000000000002405,21.213203435596427,1.0000000000001603
complete,225,224,1,225,15.00000000000362,21.213203435596427,1.0000000000002414
complete,441,1,1,441,21.0,29.698484809834994,1.0
complete,441,2,1,441,20.999999999999986,29.698484809834994,0.9999999999999993
complete,441,3,3,441,36.37306695894641,51.43928459844674,1.7320508075688767
complete,441,4,1,441,21.000000000000007,29.698484809834994,1.0000000000000004
complete,441,5,1,441,20.999999999999943,29.698484809834994,0.9999999999999973
complete,441,6,3,441,36.37306695894643,51.43928459844674,1.7320508075688776
complete,441,7,7,441,55.56077753235637,78.57480512225277,2.645751311064589
complete,441,8,1,441,20.99999999999993,29.698484809834994,0.9999999999999967
complete,441,9,9,441,62.99999999999993,89.09545442950498,2.9999999999999964
complete,441,10,1,441,21.000000000000043,29.698484809834994,1.000000000000002
complete,441,11,1,441,20.999999999999986,29.698484809834994,0.9999999999999993
complete,441,12,3,441,36.37306695894651,51.43928459844674,1.7320508075688814
complete,441,13,1,441,20.999999999999964,29.698484809834994,0.9999999999999983
complete,441,14,7,441,55.56077753235651,78.57480512225277,2.6457513110645956
complete,441,15,3,441,36.37306695894668,51.43928459844674,1.7320508075688896
complete,441,16,1,441,20.999999999999623,29.698484809834994,0.999999999999982
complete,441,17,1,441,21.000000000000064,29.698484809834994,1.000000000000003
complete,441,18,9,441,62.99999999999977,89.09545442950498,2.9999999999999893
complete,441,19,1,441,20.999999999999694,29.698484809834994,0.9999999999999855
complete,441,20,1,441,20.999999999999794,29.698484809834994,0.9999999999999902
complete,441,21,21,441,96.23408959407253,136.09555466656508,4.5825756949558345
complete,441,22,1,441,20.999999999999652,29.698484809834994,0.9999999999999835
complete,441,23,1,441,20.999999999999957,29.698484809834994,0.999999999999998
complete,441,24,3,441,36.37306695894648,51.43928459844674,1.73205080756888
complete,441,25,1,441,21.000000000000117,29.698484809834994,1.0000000000000056
complete,441,26,1,441,21.000000000000053,29.698484809834994,1.0000000000000024
complete,441,27,9,441,63.00000000000013,89.09545442950498,3.000000000000006
complete,441,28,7,441,55.56077753235647,78.57480512225277,2.645751311064594
complete,441,29,1,441,20.99999999999997,29.698484809834994,0.9999999999999987
complete,441,30,3,441,36.37306695894627,51.43928459844674,1.7320508075688699
complete,441,31,1,441,20.999999999999737,29.698484809834994,0.9999999999999875
complete,441,32,1,441,21.00000000000015,29.698484809834994,1.000000000000007
complete,441,33,3,441,36.37306695894646,51.43928459844674,1.732050807568879
complete,441,34,1,441,20.999999999999783,29.698484809834994,0.9999999999999897
complete,441,35,7,441,55.5607775323559,78.57480512225277,2.6457513110645667
complete,441,36,9,441,62.99999999999973,89.09545442950498,2.999999999999987
complete,441,37,1,441,20.999999999999932,29.698484809834994,0.9999999999999968
complete,441,38,1,441,21.00000000000025,29.698484809834994,1.0000000000000118
complete,441,39,3,441,36.373066958946325,51.43928459844674,1.7320508075688725
complete,441,40,1,441,20.999999999999748,29.698484809834994,0.999999999999988
complete,441,41,1,441,20.99999999999969,29.698484809834994,0.9999999999999852
complete,441,42,21,441,96.2340895940728,136.09555466656508,4.582575694955848
complete,441,43,1,441,21.000000000000483,29.698484809834994,1.000000000000023
complete,441,44,1,441,21.00000000000034,29.698484809834994,1.0000000000000162
complete,441,45,9,441,62.999999999999645,89.09545442950498,2.999999999999983
complete,441,46,1,441,21.000000000000497,29.698484809834994,1.0000000000000238
complete,441,47,1,441,21.000000000000494,29.698484809834994,1.0000000000000235
complete,441,48,3,441,36.37306695894695,51.43928459844674,1.7320508075689023
complete,441,49,49,441,146.99999999999986,207.88939366884497,6.999999999999993
complete,441,50,1,441,21.000000000000323,29.698484809834994,1.0000000000000153
complete,441,51,3,441,36.373066958946865,51.43928459844674,1.7320508075688983
complete,441,52,1,441,21.000000000000405,29.698484809834994,1.0000000000000193
complete,441,53,1,441,20.99999999999936,29.698484809834994,0.9999999999999696
complete,441,54,9,441,63.000000000000234,89.09545442950498,3.000000000000011
complete,441,55,1,441,20.99999999999997,29.698484809834994,0.9999999999999987
complete,441,56,7,441,55.5607775323558,78.57480512225277,2.645751311064562
complete,441,57,3,441,36.37306695894664,51.43928459844674,1.7320508075688874
complete,441,58,1,441,21.000000000000703,29.698484809834994,1.0000000000000335
complete,441,59,1,441,21.000000000000085,29.698484809834994,1.000000000000004
complete,441,60,3,441,36.37306695894714,51.43928459844674,1.7320508075689116
complete,441,61,1,441,21.000000000000675,29.698484809834994,1.0000000000000322
complete,441,62,1,441,20.999999999999417,29.698484809834994,0.9999999999999722
complete,441,63,63,441,166.68233259706864,235.7244153667583,7.937253933193745
complete,441,64,1,441,21.000000000000664,29.698484809834994,1.0000000000000315
complete,441,65,1,441,20.999999999999694,29.698484809834994,0.9999999999999855
complete,441,66,3,441,36.373066958946595,51.43928459844674,1.7320508075688854
complete,441,67,1,441,20.999999999999883,29.698484809834994,0.9999999999999944
complete,441,68,1,441,20.999999999999083,29.698484809834994,0.9999999999999564
complete,441,69,3,441,36.373066958947014,51.43928459844674,1.7320508075689054
complete,441,70,7,441,55.56077753235609,78.57480512225277,2.6457513110645756
complete,441,71,1,441,21.0,29.698484809834994,1.0
complete,441,72,9,441,62.99999999999938,89.09545442950498,2.9999999999999707
complete,441,73,1,441,20.99999999999889,29.698484809834994,0.9999999999999473
complete,441,74,1,441,20.999999999999975,29.698484809834994,0.9999999999999988
complete,441,75,3,441,36.37306695894701,51.43928459844674,1.7320508075689052
complete,441,76,1,441,21.000000000000608,29.698484809834994,1.0000000000000289
complete,441,77,7,441,55.560777532356965,78.57480512225277,2.6457513110646174
complete,441,78,3,441,36.37306695894658,51.43928459844674,1.7320508075688847
complete,441,79,1,441,20.99999999999996,29.698484809834994,0.9999999999999981
complete,441,80,1,441,21.00000000000012,29.698484809834994,1.0000000000000058
complete,441,81,9,441,62.99999999999973,89.09545442950498,2.999999999999987
complete,441,82,1,441,21.000000000000718,29.698484809834994,1.0000000000000342
complete,441,83,1,441,21.0,29.698484809834994,1.0
complete,441,84,21,441,96.23408959407149,136.09555466656508,4.582575694955786
complete,441,85,1,441,21.000000000000174,29.698484809834994,1.0000000000000082
complete,441,86,1,441,21.000000000000057,29.698484809834994,1.0000000000000027
complete,441,87,3,441,36.37306695894569,51.43928459844674,1.7320508075688426
complete,441,88,1,441,21.00000000000013,29.698484809834994,1.0000000000000062
complete,441,89,1,441,20.999999999999652,29.698484809834994,0.9999999999999835
complete,441,90,9,441,62.999999999999844,89.09545442950498,2.9999999999999925
complete,441,91,7,441,55.56077753235538,78.57480512225277,2.645751311064542
complete,441,92,1,441,21.00000000000012,29.698484809834994,1.0000000000000058
complete,441,93,3,441,36.37306695894703,51.43928459844674,1.732050807568906
complete,441,94,1,441,21.000000000000632,29.698484809834994,1.0000000000000302
complete,441,95,1,441,20.99999999999975,29.698484809834994,0.9999999999999881
complete,441,96,3,441,36.37306695894636,51.43928459844674,1.7320508075688743
complete,441,97,1,441,21.000000000000956,29.698484809834994,1.0000000000000455
complete,441,98,49,441,147.00000000000006,207.88939366884497,7.000000000000003
complete,441,99,9,441,63.00000000000143,89.09545442950498,3.000000000000068
complete,441,100,1,441,20.999999999998984,29.698484809834994,0.9999999999999516
complete,441,101,1,441,21.000000000000245,29.698484809834994,1.0000000000000118
complete,441,102,3,441,36.373066958947305,51.43928459844674,1.7320508075689194
complete,441,103,1,441,20.999999999999684,29.698484809834994,0.9999999999999849
complete,441,104,1,441,21.00000000000059,29.698484809834994,1.000000000000028
complete,441,105,21,441,96.23408959407247,136.09555466656508,4.582575694955832
complete,441,106,1,441,21.000000000000163,29.698484809834994,1.0000000000000078
complete,441,107,1,441,20.999999999999716,29.698484809834994,0.9999999999999865
complete,441,108,9,441,62.99999999999922,89.09545442950498,2.9999999999999627
complete,441,109,1,441,21.000000000000384,29.698484809834994,1.0000000000000182
complete,441,110,1,441,20.999999999999297,29.698484809834994,0.9999999999999665
complete,441,111,3,441,36.37306695894642,51.43928459844674,1.732050807568877
complete,441,112,7,441,55.560777532357676,78.57480512225277,2.645751311064651
complete,441,113,1,441,21.00000000000074,29.698484809834994,1.000000000000035
complete,441,114,3,441,36.373066958946836,51.43928459844674,1.732050807568897
complete,441,115,1,441,20.999999999999517,29.698484809834994,0.999999999999977
complete,441,116,1,441,21.000000000001762,29.698484809834994,1.000000000000084
complete,441,117,9,441,63.00000000000024,89.09545442950498,3.0000000000000115
complete,441,118,1,441,20.999999999999098,29.698484809834994,0.999999999999957
complete,441,119,7,441,55.560777532355885,78.57480512225277,2.645751311064566
complete,441,120,3,441,36.3730669589454,51.43928459844674,1.7320508075688286
complete,441,121,1,441,21.000000000000732,29.698484809834994,1.0000000000000349
complete,441,122,1,441,20.9999999999997,29.698484809834994,0.9999999999999858
complete,441,123,3,441,36.373066958945174,51.43928459844674,1.7320508075688177
complete,441,124,1,441,20.9999999999981,29.698484809834994,0.9999999999999095
complete,441,125,1,441,21.000000000002146,29.698484809834994,1.0000000000001021
complete,441,126,63,441,166.68233259706938,235.7244153667583,7.93725393319378
complete,441,127,1,441,20.999999999999286,29.698484809834994,0.999999999999966
complete,441,128,1,441,20.999999999999496,29.698484809834994,0.999999999999976
complete,441,129,3,441,36.37306695894582,51.43928459844674,1.7320508075688485
complete,441,130,1,441,21.000000000000416,29.698484809834994,1.0000000000000198
complete,441,131,1,441,20.999999999998863,29.698484809834994,0.9999999999999458
complete,441,132,3,441,36.37306695894761,51.43928459844674,1.7320508075689338
complete,441,133,7,441,55.56077753235649,78.57480512225277,2.6457513110645947
complete,441,134,1,441,21.000000000000792,29.698484809834994,1.0000000000000377
complete,441,135,9,441,63.00000000000111,89.09545442950498,3.000000000000053
complete,441,136,1,441,21.00000000000064,29.698484809834994,1.0000000000000304
complete,441,137,1,441,21.000000000000764,29.698484809834994,1.0000000000000364
complete,441,138,3,441,36.37306695894387,51.43928459844674,1.732050807568756
complete,441,139,1,441,20.999999999999737,29.698484809834994,0.9999999999999875
complete,441,140,7,441,55.56077753235572,78.57480512225277,2.6457513110645583
complete,441,141,3,441,36.37306695894416,51.43928459844674,1.7320508075687695
complete,441,142,1,441,20.999999999999844,29.698484809834994,0.9999999999999926
complete,441,143,1,441,21.000000000000327,29.698484809834994,1.0000000000000155
complete,441,144,9,441,63.000000000000526,89.09545442950498,3.000000000000025
complete,441,145,1,441,21.000000000000114,29.698484809834994,1.0000000000000053
complete,441,146,1,441,20.999999999999744,29.698484809834994,0.9999999999999878
complete,441,147,147,441,254.6114687126246,360.07499218912716,12.124355652982123
complete,441,148,1,441,21.00000000000022,29.698484809834994,1.0000000000000104
complete,441,149,1,441,20.999999999999655,29.698484809834994,0.9999999999999836
complete,441,150,3,441,36.3730669589455,51.43928459844674,1.7320508075688335
complete,441,151,1,441,20.99999999999964,29.698484809834994,0.9999999999999829
complete,441,152,1,441,21.000000000002252,29.698484809834994,1.0000000000001072
complete,441,153,9,441,62.99999999999941,89.09545442950498,2.999999999999972
complete,441,154,7,441,55.56077753235606,78.57480512225277,2.6457513110645743
complete,441,155,1,441,20.999999999999215,29.698484809834994,0.9999999999999626
complete,441,156,3,441,36.373066958946424,51.43928459844674,1.7320508075688774
complete,441,157,1,441,21.000000000001407,29.698484809834994,1.000000000000067
complete,441,158,1,441,20.999999999999723,29.698484809834994,0.9999999999999868
complete,441,159,3,441,36.37306695894594,51.43928459844674,1.7320508075688543
complete,441,160,1,441,21.000000000001474,29.698484809834994,1.0000000000000702
complete,441,161,7,441,55.56077753235712,78.57480512225277,2.645751311064625
complete,441,162,9,441,63.00000000000134,89.09545442950498,3.000000000000064
complete,441,163,1,441,20.99999999999771,29.698484809834994,0.9999999999998909
complete,441,164,1,441,21.000000000000544,29.698484809834994,1.000000000000026
complete,441,165,3,441,36.373066958947504,51.43928459844674,1.7320508075689287
complete,441,166,1,441,21.00000000000294,29.698484809834994,1.00000000000014
complete,441,167,1,441,21.000000000001634,29.698484809834994,1.0000000000000777
complete,441,168,21,441,96.23408959407288,136.09555466656508,4.582575694955851
complete,441,169,1,441,21.000000000000306,29.698484809834994,1.0000000000000147
complete,441,170,1,441,21.000000000000632,29.698484809834994,1.0000000000000302
complete,441,171,9,441,63.00000000000058,89.09545442950498,3.0000000000000275
complete,441,172,1,441,20.999999999999055,29.698484809834994,0.999999999999955
complete,441,173,1,441,20.999999999998728,29.698484809834994,0.9999999999999394
complete,441,174,3,441,36.37306695894851,51.43928459844674,1.732050807568977
complete,441,175,7,441,55.560777532357164,78.57480512225277,2.6457513110646267
complete,441,176,1,441,21.00000000000117,29.698484809834994,1.0000000000000557
complete,441,177,3,441,36.37306695894709,51.43928459844674,1.7320508075689092
complete,441,178,1,441,20.999999999998117,29.698484809834994,0.9999999999999103
complete,441,179,1,441,20.9999999999987,29.698484809834994,0.999999999999938
complete,441,180,9,441,63.000000000000185,89.09545442950498,3.000000000000009
complete,441,181,1,441,21.000000000000284,29.698484809834994,1.0000000000000135
complete,441,182,7,441,55.560777532356965,78.57480512225277,2.6457513110646174
complete,441,183,3,441,36.37306695894574,51.43928459844674,1.7320508075688448
complete,441,184,1,441,21.00000000000257,29.698484809834994,1.0000000000001223
complete,441,185,1,441,21.00000000000037,29.698484809834994,1.0000000000000175
complete,441,186,3,441,36.373066958946495,51.43928459844674,1.7320508075688807
complete,441,187,1,441,21.000000000000302,29.698484809834994,1.0000000000000144
complete,441,188,1,441,20.99999999999864,29.698484809834994,0.9999999999999352
complete,441,189,63,441,166.6823325970685,235.7244153667583,7.9372539331937375
complete,441,190,1,441,21.000000000000014,29.698484809834994,1.0000000000000007
complete,441,191,1,441,21.000000000000078,29.698484809834994,1.0000000000000038
complete,441,192,3,441,36.373066958949295,51.43928459844674,1.732050807569014
complete,441,193,1,441,21.000000000000114,29.698484809834994,1.0000000000000053
complete,441,194,1,441,21.000000000000636,29.698484809834994,1.0000000000000302
complete,441,195,3,441,36.373066958944854,51.43928459844674,1.7320508075688026
complete,441,196,49,441,147.00000000000068,207.88939366884497,7.000000000000033
complete,441,197,1,441,20.999999999997435,29.698484809834994,0.9999999999998779
complete,441,198,9,441,63.000000000004064,89.09545442950498,3.0000000000001936
complete,441,199,1,441,21.000000000000014,29.698484809834994,1.0000000000000007
complete,441,200,1,441,20.999999999998884,29.698484809834994,0.9999999999999469
complete,441,201,3,441,36.373066958944236,51.43928459844674,1.732050807568773
complete,441,202,1,441,20.99999999999951,29.698484809834994,0.9999999999999767
complete,441,203,7,441,55.560777532357356,78.57480512225277,2.645751311064636
complete,441,204,3,441,36.37306695894567,51.43928459844674,1.7320508075688414
complete,441,205,1,441,20.999999999999595,29.698484809834994,0.9999999999999807
complete,441,206,1,441,21.000000000000657,29.698484809834994,1.0000000000000313
complete,441,207,9,441,63.00000000000163,89.09545442950498,3.0000000000000773
complete,441,208,1,441,21.000000000002043,29.698484809834994,1.0000000000000973
complete,441,209,1,441,21.000000000001656,29.698484809834994,1.0000000000000788
complete,441,210,21,441,96.23408959407034,136.09555466656508,4.582575694955731
complete,441,211,1,441,20.999999999997897,29.698484809834994,0.9999999999998999
complete,441,212,1,441,21.000000000001123,29.698484809834994,1.0000000000000535
complete,441,213,3,441,36.37306695894212,51.43928459844674,1.7320508075686722
complete,441,214,1,441,20.999999999999496,29.698484809834994,0.999999999999976
complete,441,215,1,441,21.000000000002068,29.698484809834994,1.0000000000000984
complete,441,216,9,441,62.99999999999789,89.09545442950498,2.9999999999998996
complete,441,217,7,441,55.56077753235547,78.57480512225277,2.6457513110645463
complete,441,218,1,441,20.999999999996565,29.698484809834994,0.9999999999998364
complete,441,219,3,441,36.373066958945515,51.43928459844674,1.7320508075688341
complete,441,220,1,441,20.99999999999899,29.698484809834994,0.9999999999999519
complete,441,221,1,441,21.000000000001698,29.698484809834994,1.0000000000000808
complete,441,222,3,441,36.37306695895078,51.43928459844674,1.7320508075690848
complete,441,223,1,441,21.000000000001478,29.698484809834994,1.0000000000000704
complete,441,224,7,441,55.56077753235455,78.57480512225277,2.6457513110645023
complete,441,225,9,441,62.99999999999971,89.09545442950498,2.9999999999999862
complete,441,226,1,441,21.00000000000044,29.698484809834994,1.0000000000000209
complete,441,227,1,441,20.99999999999762,29.698484809834994,0.9999999999998866
complete,441,228,3,441,36.37306695894636,51.43928459844674,1.7320508075688743
complete,441,229,1,441,21.000000000002906,29.698484809834994,1.0000000000001383
complete,441,230,1,441,21.000000000004597,29.698484809834994,1.000000000000219
complete,441,231,21,441,96.23408959407261,136.09555466656508,4.582575694955839
complete,441,232,1,441,21.000000000002682,29.698484809834994,1.0000000000001277
complete,441,233,1,441,20.99999999999584,29.698484809834994,0.9999999999998019
complete,441,234,9,441,62.99999999999802,89.09545442950498,2.9999999999999054
complete,441,235,1,441,20.999999999999112,29.698484809834994,0.9999999999999577
complete,441,236,1,441,21.000000000002707,29.698484809834994,1.000000000000129
complete,441,237,3,441,36.37306695894617,51.43928459844674,1.7320508075688652
complete,441,238,7,441,55.56077753235401,78.57480512225277,2.6457513110644766
complete,441,239,1,441,21.000000000000565,29.698484809834994,1.0000000000000269
complete,441,240,3,441,36.373066958948506,51.43928459844674,1.7320508075689764
complete,441,241,1,441,20.999999999996135,29.698484809834994,0.9999999999998159
complete,441,242,1,441,20.999999999998764,29.698484809834994,0.9999999999999412
complete,441,243,9,441,62.99999999999824,89.09545442950498,2.999999999999916
complete,441,244,1,441,20.99999999999926,29.698484809834994,0.9999999999999648
complete,441,245,49,441,146.9999999999997,207.88939366884497,6.999999999999985
complete,441,246,3,441,36.37306695894682,51.43928459844674,1.7320508075688963
complete,441,247,1,441,20.999999999999787,29.698484809834994,0.9999999999999899
complete,441,248,1,441,21.00000000000402,29.698484809834994,1.0000000000001914
complete,441,249,3,441,36.37306695894529,51.43928459844674,1.7320508075688232
complete,441,250,1,441,20.999999999998195,29.698484809834994,0.9999999999999141
complete,441,251,1,441,20.99999999999762,29.698484809834994,0.9999999999998866
complete,441,252,63,441,166.68233259707227,235.7244153667583,7.937253933193918
complete,441,253,1,441,21.000000000004412,29.698484809834994,1.00000000000021
complete,441,254,1,441,21.00000000000049,29.698484809834994,1.0000000000000233
complete,441,255,3,441,36.37306695894675,51.43928459844674,1.732050807568893
complete,441,256,1,441,21.0,29.698484809834994,1.0
complete,441,257,1,441,21.0000000000018,29.698484809834994,1.0000000000000857
complete,441,258,3,441,36.37306695894432,51.43928459844674,1.7320508075687773
complete,441,259,7,441,55.560777532356056,78.57480512225277,2.6457513110645743
complete,441,260,1,441,21.000000000000934,29.698484809834994,1.0000000000000444
complete,441,261,9,441,62.999999999998096,89.09545442950498,2.9999999999999094
complete,441,262,1,441,20.999999999995037,29.698484809834994,0.9999999999997636
complete,441,263,1,441,21.00000000000093,29.698484809834994,1.0000000000000444
complete,441,264,3,441,36.37306695894482,51.43928459844674,1.7320508075688008
complete,441,265,1,441,20.999999999995495,29.698484809834994,0.9999999999997855
complete,441,266,7,441,55.56077753235836,78.57480512225277,2.6457513110646835
complete,441,267,3,441,36.37306695894599,51.43928459844674,1.7320508075688568
complete,441,268,1,441,20.9999999999985,29.698484809834994,0.9999999999999286
complete,441,269,1,441,20.999999999999964,29.698484809834994,0.9999999999999983
complete,441,270,9,441,63.000000000001094,89.09545442950498,3.000000000000052
complete,441,271,1,441,20.99999999999716,29.698484809834994,0.9999999999998648
complete,441,272,1,441,21.00000000000118,29.698484809834994,1.0000000000000562
complete,441,273,21,441,96.23408959407195,136.09555466656508,4.582575694955807
complete,441,274,1,441,20.99999999999931,29.698484809834994,0.9999999999999671
complete,441,275,1,441,20.9999999999986,29.698484809834994,0.9999999999999334
complete,441,276,3,441,36.37306695894715,51.43928459844674,1.7320508075689118
complete,441,277,1,441,20.99999999999919,29.698484809834994,0.9999999999999615
complete,441,278,1,441,21.000000000001194,29.698484809834994,1.0000000000000568
complete,441,279,9,441,63.00000000000135,89.09545442950498,3.0000000000000644
complete,441,280,7,441,55.560777532352645,78.57480512225277,2.6457513110644117
complete,441,281,1,441,21.00000000000148,29.698484809834994,1.0000000000000706
complete,441,282,3,441,36.37306695894593,51.43928459844674,1.7320508075688537
complete,441,283,1,441,20.999999999996653,29.698484809834994,0.9999999999998407
complete,441,284,1,441,21.000000000000007,29.698484809834994,1.0000000000000004
complete,441,285,3,441,36.37306695894829,51.43928459844674,1.7320508075689662
complete,441,286,1,441,21.000000000003396,29.698484809834994,1.0000000000001616
complete,441,287,7,441,55.56077753235676,78.57480512225277,2.6457513110646076
complete,441,288,9,441,63.00000000000088,89.09545442950498,3.0000000000000417
complete,441,289,1,441,20.999999999997563,29.698484809834994,0.999999999999884
complete,441,290,1,441,21.000000000001396,29.698484809834994,1.0000000000000664
complete,441,291,3,441,36.37306695894622,51.43928459844674,1.7320508075688674
complete,441,292,1,441,20.999999999997904,29.698484809834994,0.9999999999999002
complete,441,293,1,441,21.000000000001783,29.698484809834994,1.0000000000000848
complete,441,294,147,441,254.61146871262565,360.07499218912716,12.124355652982175
complete,441,295,1,441,20.999999999997137,29.698484809834994,0.9999999999998637
complete,441,296,1,441,21.00000000000434,29.698484809834994,1.0000000000002067
complete,441,297,9,441,63.00000000000198,89.09545442950498,3.0000000000000946
complete,441,298,1,441,20.999999999996614,29.698484809834994,0.9999999999998388
complete,441,299,1,441,20.999999999998384,29.698484809834994,0.9999999999999231
complete,441,300,3,441,36.37306695895032,51.43928459844674,1.7320508075690628
complete,441,301,7,441,55.560777532358976,78.57480512225277,2.6457513110647133
complete,441,302,1,441,21.000000000001517,29.698484809834994,1.0000000000000722
complete,441,303,3,441,36.37306695894976,51.43928459844674,1.732050807569036
complete,441,304,1,441,21.000000000001144,29.698484809834994,1.0000000000000544
complete,441,305,1,441,20.999999999996582,29.698484809834994,0.9999999999998372
complete,441,306,9,441,63.000000000000774,89.09545442950498,3.000000000000037
complete,441,307,1,441,20.999999999998842,29.698484809834994,0.9999999999999448
complete,441,308,7,441,55.56077753235637,78.57480512225277,2.645751311064589
complete,441,309,3,441,36.373066958944754,51.43928459844674,1.732050807568798
complete,441,310,1,441,21.000000000001705,29.698484809834994,1.0000000000000813
complete,441,311,1,441,20.99999999999948,29.698484809834994,0.9999999999999754
complete,441,312,3,441,36.373066958950346,51.43928459844674,1.7320508075690642
complete,441,313,1,441,20.999999999998792,29.698484809834994,0.9999999999999425
complete,441,314,1,441,21.00000000000065,29.698484809834994,1.0000000000000309
complete,441,315,63,441,166.68233259707142,235.7244153667583,7.937253933193877
complete,441,316,1,441,20.999999999996806,29.698484809834994,0.9999999999998479
complete,441,317,1,441,21.0000000000004,29.698484809834994,1.000000000000019
complete,441,318,3,441,36.373066958948186,51.43928459844674,1.7320508075689613
complete,441,319,1,441,21.00000000000175,29.698484809834994,1.0000000000000835
complete,441,320,1,441,21.000000000000284,29.698484809834994,1.0000000000000135
complete,441,321,3,441,36.37306695893693,51.43928459844674,1.7320508075684253
complete,441,322,7,441,55.56077753235739,78.57480512225277,2.645751311064638
complete,441,323,1,441,21.000000000006686,29.698484809834994,1.0000000000003184
complete,441,324,9,441,63.00000000000053,89.09545442950498,3.0000000000000253
complete,441,325,1,441,21.000000000005336,29.698484809834994,1.000000000000254
complete,441,326,1,441,21.00000000000052,29.698484809834994,1.0000000000000246
complete,441,327,3,441,36.37306695894284,51.43928459844674,1.7320508075687069
complete,441,328,1,441,20.999999999998302,29.698484809834994,0.9999999999999192
complete,441,329,7,441,55.56077753235727,78.57480512225277,2.645751311064632
complete,441,330,3,441,36.37306695893983,51.43928459844674,1.7320508075685634
complete,441,331,1,441,21.000000000003258,29.698484809834994,1.0000000000001552
complete,441,332,1,441,20.999999999996497,29.698484809834994,0.9999999999998332
complete,441,333,9,441,63.00000000000303,89.09545442950498,3.0000000000001443
complete,441,334,1,441,21.000000000004206,29.698484809834994,1.0000000000002003
complete,441,335,1,441,20.999999999999254,29.698484809834994,0.9999999999999645
complete,441,336,21,441,96.23408959407428,136.09555466656508,4.582575694955918
complete,441,337,1,441,20.999999999997748,29.698484809834994,0.9999999999998928
complete,441,338,1,441,21.000000000007713,29.698484809834994,1.0000000000003673
complete,441,339,3,441,36.373066958943,51.43928459844674,1.7320508075687142
complete,441,340,1,441,21.000000000001656,29.698484809834994,1.0000000000000788
complete,441,341,1,441,21.000000000004356,29.698484809834994,1.0000000000002074
complete,441,342,9,441,62.99999999999985,89.09545442950498,2.999999999999993
complete,441,343,49,441,147.0000000000012,207.88939366884497,7.000000000000057
complete,441,344,1,441,20.99999999999841,29.698484809834994,0.9999999999999242
complete,441,345,3,441,36.37306695894412,51.43928459844674,1.7320508075687677
complete,441,346,1,441,21.000000000000636,29.698484809834994,1.0000000000000302
complete,441,347,1,441,21.00000000000042,29.698484809834994,1.00000000000002
complete,441,348,3,441,36.373066958943454,51.43928459844674,1.732050807568736
complete,441,349,1,441,20.99999999999969,29.698484809834994,0.9999999999999852
complete,441,350,7,441,55.56077753236045,78.57480512225277,2.645751311064783
complete,441,351,9,441,63.00000000000213,89.09545442950498,3.0000000000001017
complete,441,352,1,441,20.99999999999843,29.698484809834994,0.9999999999999252
complete,441,353,1,441,21.000000000000696,29.698484809834994,1.000000000000033
complete,441,354,3,441,36.37306695894296,51.43928459844674,1.7320508075687122
complete,441,355,1,441,20.999999999998476,29.698484809834994,0.9999999999999274
complete,441,356,1,441,20.999999999997634,29.698484809834994,0.9999999999998873
complete,441,357,21,441,96.23408959407007,136.09555466656508,4.582575694955717
complete,441,358,1,441,20.999999999999083,29.698484809834994,0.9999999999999564
complete,441,359,1,441,20.999999999999346,29.698484809834994,0.9999999999999689
complete,441,360,9,441,63.0000000000009,89.09545442950498,3.000000000000043
complete,441,361,1,441,20.99999999999437,29.698484809834994,0.9999999999997319
complete,441,362,1,441,21.000000000001293,29.698484809834994,1.0000000000000615
complete,441,363,3,441,36.373066958945486,51.43928459844674,1.7320508075688328
complete,441,364,7,441,55.56077753235745,78.57480512225277,2.6457513110646405
complete,441,365,1,441,21.000000000000654,29.698484809834994,1.000000000000031
complete,441,366,3,441,36.3730669589424,51.43928459844674,1.7320508075686858
complete,441,367,1,441,21.00000000000118,29.698484809834994,1.0000000000000562
complete,441,368,1,441,21.000000000000583,29.698484809834994,1.0000000000000278
complete,441,369,9,441,63.000000000000256,89.09545442950498,3.000000000000012
complete,441,370,1,441,20.99999999999799,29.698484809834994,0.9999999999999043
complete,441,371,7,441,55.56077753235547,78.57480512225277,2.6457513110645463
complete,441,372,3,441,36.37306695894564,51.43928459844674,1.7320508075688401
complete,441,373,1,441,20.999999999997584,29.698484809834994,0.999999999999885
complete,441,374,1,441,21.00000000000337,29.698484809834994,1.0000000000001605
complete,441,375,3,441,36.37306695894436,51.43928459844674,1.7320508075687788
complete,441,376,1,441,20.999999999995715,29.698484809834994,0.9999999999997959
complete,441,377,1,441,21.00000000000052,29.698484809834994,1.0000000000000246
complete,441,378,63,441,166.6823325970705,235.7244153667583,7.937253933193834
complete,441,379,1,441,20.99999999999494,29.698484809834994,0.9999999999997591
complete,441,380,1,441,20.999999999998273,29.698484809834994,0.9999999999999177
complete,441,381,3,441,36.373066958945884,51.43928459844674,1.7320508075688517
complete,441,382,1,441,20.999999999998103,29.698484809834994,0.9999999999999096
complete,441,383,1,441,21.000000000001272,29.698484809834994,1.0000000000000606
complete,441,384,3,441,36.373066958945124,51.43928459844674,1.7320508075688155
complete,441,385,7,441,55.560777532359815,78.57480512225277,2.6457513110647533
complete,441,386,1,441,20.999999999999652,29.698484809834994,0.9999999999999835
complete,441,387,9,441,63.000000000001,89.09545442950498,3.0000000000000475
complete,441,388,1,441,20.999999999999098,29.698484809834994,0.999999999999957
complete,441,389,1,441,21.000000000004597,29.698484809834994,1.000000000000219
complete,441,390,3,441,36.37306695894519,51.43928459844674,1.7320508075688186
complete,441,391,1,441,21.000000000003674,29.698484809834994,1.000000000000175
complete,441,392,49,441,147.0000000000012,207.88939366884497,7.000000000000057
complete,441,393,3,441,36.37306695894465,51.43928459844674,1.7320508075687928
complete,441,394,1,441,21.000000000002625,29.698484809834994,1.000000000000125
complete,441,395,1,441,20.999999999993406,29.698484809834994,0.999999999999686
complete,441,396,9,441,63.00000000000479,89.09545442950498,3.0000000000002283
complete,441,397,1,441,20.999999999995516,29.698484809834994,0.9999999999997865
complete,441,398,1,441,21.00000000000879,29.698484809834994,1.0000000000004186
complete,441,399,21,441,96.23408959407115,136.09555466656508,4.582575694955769
complete,441,400,1,441,21.00000000000024,29.698484809834994,1.0000000000000115
complete,441,401,1,441,21.000000000002103,29.698484809834994,1.0000000000001001
complete,441,402,3,441,36.37306695894484,51.43928459844674,1.732050807568802
complete,441,403,1,441,20.999999999998245,29.698484809834994,0.9999999999999164
complete,441,404,1,441,20.999999999998153,29.698484809834994,0.9999999999999121
complete,441,405,9,441,63.000000000000476,89.09545442950498,3.0000000000000226
complete,441,406,7,441,55.56077753235746,78.57480512225277,2.645751311064641
complete,441,407,1,441,21.000000000003002,29.698484809834994,1.000000000000143
complete,441,408,3,441,36.373066958939525,51.43928459844674,1.7320508075685488
complete,441,409,1,441,20.99999999999868,29.698484809834994,0.999999999999937
complete,441,410,1,441,21.000000000006118,29.698484809834994,1.0000000000002913
complete,441,411,3,441,36.37306695894794,51.43928459844674,1.7320508075689494
complete,441,412,1,441,21.000000000001062,29.698484809834994,1.0000000000000506
complete,441,413,7,441,55.56077753235731,78.57480512225277,2.645751311064634
complete,441,414,9,441,63.000000000004704,89.09545442950498,3.000000000000224
complete,441,415,1,441,21.00000000000433,29.698484809834994,1.0000000000002063
complete,441,416,1,441,21.000000000001776,29.698484809834994,1.0000000000000846
complete,441,417,3,441,36.3730669589486,51.43928459844674,1.7320508075689809
complete,441,418,1,441,20.999999999996934,29.698484809834994,0.999999999999854
complete,441,419,1,441,21.000000000004363,29.698484809834994,1.0000000000002078
complete,441,420,21,441,96.2340895940687,136.09555466656508,4.582575694955652
complete,441,421,1,441,20.99999999999904,29.698484809834994,0.9999999999999544
complete,441,422,1,441,21.000000000006324,29.698484809834994,1.000000000000301
complete,441,423,9,441,62.99999999999915,89.09545442950498,2.9999999999999596
complete,441,424,1,441,21.00000000000498,29.698484809834994,1.0000000000002371
complete,441,425,1,441,21.000000000001485,29.698484809834994,1.0000000000000706
complete,441,426,3,441,36.37306695894985,51.43928459844674,1.7320508075690404
complete,441,427,7,441,55.5607775323618,78.57480512225277,2.6457513110648474
complete,441,428,1,441,21.00000000000458,29.698484809834994,1.000000000000218
complete,441,429,3,441,36.37306695894712,51.43928459844674,1.7320508075689105
complete,441,430,1,441,20.99999999999509,29.698484809834994,0.9999999999997662
complete,441,431,1,441,20.999999999997563,29.698484809834994,0.999999999999884
complete,441,432,9,441,62.999999999994145,89.09545442950498,2.999999999999721
complete,441,433,1,441,20.999999999998852,29.698484809834994,0.9999999999999454
complete,441,434,7,441,55.56077753234979,78.57480512225277,2.645751311064276
complete,441,435,3,441,36.373066958941806,51.43928459844674,1.7320508075686574
complete,441,436,1,441,21.000000000003062,29.698484809834994,1.0000000000001459
complete,441,437,1,441,20.99999999999915,29.698484809834994,0.9999999999999596
complete,441,438,3,441,36.373066958948,51.43928459844674,1.7320508075689525
complete,441,439,1,441,21.000000000004697,29.698484809834994,1.0000000000002236
complete,441,440,1,441,20.999999999987935,29.698484809834994,0.9999999999994255
incomplete,36,27,9,34,,,0.7071067811865489
incomplete,100,75,25,34,,,0.7071067811865478
incomplete,225,150,75,34,,,0.561140706715858
incomplete,225,219,3,8,,,0.7196696689562846
incomplete,225,150,75,60,,,0.5773502691896293
incomplete,225,150,75,120,,,0.5773502691896295
incomplete,225,150,75,225,,,0.5773502691896275
incomplete,441,294,147,34,,,0.5611407067158535
