k,n,X,q,P_q,abs_P_q,sqrt_X_over_q,Dpsi_q,ratio_renewal,ratio_rawdisc
2,2,8,2,0.0,0.0,2.0,3.346039649842477,0.0,0.0
2,3,15,2,-4.0,4.0,2.7386127875258306,4.28458273091446,1.4605934866804429,0.9335798259043719
2,4,24,2,0.0,0.0,3.4641016151377544,4.371436191762655,0.0,0.0
2,2,8,3,-1.6666666666666667,1.6666666666666667,1.632993161855452,1.3609426703847416,1.0206207261596576,1.224641348188088
2,3,15,3,0.0,0.0,2.23606797749979,2.295993312923205,0.0,0.0
2,4,24,3,0.0,0.0,2.8284271247461903,3.158407153196819,0.0,0.0
2,2,8,4,-2.0,2.0,1.4142135623730951,2.3905620875658995,1.414213562373095,0.836623324030218
2,3,15,4,-0.5,0.5,1.9364916731037085,2.227000441436253,0.2581988897471611,0.22451724332732345
2,4,24,4,-2.0,2.0,2.449489742783178,3.893787097380038,0.8164965809277261,0.5136387660603514
2,2,8,5,-2.196888888888889,2.196888888888889,1.2649110640673518,2.0,1.7367931638013667,1.0984444444444446
2,3,15,5,-1.3859999999999997,1.3859999999999997,1.7320508075688772,1.958240530771945,0.8002074730968212,0.7077782214290262
2,4,24,5,-2.7719999999999994,2.7719999999999994,2.1908902300206643,2.908957546641684,1.2652391078369336,0.9529186849770982
2,2,8,6,0.4999999999999994,0.4999999999999994,1.1547005383792515,2.3905620875658995,0.4330127018922188,0.20915583100755425
2,3,15,6,3.3333333333333335,3.3333333333333335,1.5811388300841898,3.492666814767529,2.1081851067789197,0.9543805665171069
2,4,24,6,0.0,0.0,2.0,4.54470151431671,0.0,0.0
2,2,8,9,0.0037037037037037893,0.0037037037037037893,0.9428090415820634,1.3333333333333333,0.003928371006592021,0.002777777777777842
2,3,15,9,0.01666666666666651,0.01666666666666651,1.2909944487358056,2.5,0.012909944487357935,0.006666666666666604
2,4,24,9,0.03333333333333302,0.03333333333333302,1.632993161855452,1.3609426703847416,0.020412414523192958,0.02449282696376153
2,2,8,10,-0.49444444444444463,0.49444444444444463,0.8944271909999159,2.0,0.5528056944374482,0.24722222222222232
2,3,15,10,0.32500000000000007,0.32500000000000007,1.224744871391589,2.65138771133189,0.26536138880151106,0.12257732002413957
2,4,24,10,-0.949999999999999,0.949999999999999,1.5491933384829668,3.6021047272016293,0.613222363149507,0.26373469733569527
2,2,8,15,0.3318518518518521,0.3318518518518521,0.7302967433402214,1.0,0.4544068625228049,0.3318518518518521
2,3,15,15,0.6599999999999997,0.6599999999999997,1.0,1.875,0.6599999999999997,0.3519999999999998
2,4,24,15,0.31999999999999995,0.31999999999999995,1.2649110640673518,3.0,0.2529822128134703,0.10666666666666665
2,2,8,25,-0.4004444444444447,0.4004444444444447,0.565685424949238,1.545910149055313,0.7078924553878664,0.25903474706414953
2,3,15,25,0.9979999999999997,0.9979999999999997,0.7745966692414834,1.8149493574615367,1.2884124598383335,0.5498776017617614
2,4,24,25,0.996,0.996,0.9797958971132712,1.9354942159291497,1.016538243255019,0.5145972495308451
2,2,8,30,-0.43407407407407406,0.43407407407407406,0.5163977794943222,1.0,0.8405808299546468,0.43407407407407406
2,3,15,30,-0.0033333333333329662,0.0033333333333329662,0.7071067811865476,1.875,0.004714045207909797,0.001777777777777582
2,4,24,30,0.8266666666666661,0.8266666666666661,0.8944271909999159,3.0,0.9242414306999125,0.2755555555555554
3,5,35,2,-6.0,6.0,4.183300132670378,5.862102956188824,1.4342743312012722,1.0235234769572912
3,6,48,2,0.0,0.0,4.898979485566356,3.9262652594366756,0.0,0.0
3,7,63,2,-6.0,6.0,5.612486080160912,4.821651888750203,1.0690449676496976,1.2443868073510447
3,8,80,2,0.0,0.0,6.324555320336759,4.694372098702516,0.0,0.0
3,9,99,2,-6.0,6.0,7.035623639735144,9.113571854002288,0.8528028654224418,0.6583587748161616
3,10,120,2,0.0,0.0,7.745966692414834,6.772157813527997,0.0,0.0
3,11,143,2,-6.0,6.0,8.455767262643882,6.190985359676972,0.7095748751868991,0.9691510561596713
3,12,168,2,0.0,0.0,9.16515138991168,5.901769398344754,0.0,0.0
3,13,195,2,-6.0,6.0,9.874208829065749,4.282681992327355,0.6076436202502,1.4009912505176216
3,5,35,3,-4.333333333333333,4.333333333333333,3.415650255319866,3.614982036277574,1.2686700948330931,1.198715039202646
3,6,48,3,0.0,0.0,4.0,2.7428640079397866,0.0,0.0
3,7,63,3,0.0,0.0,4.58257569495584,4.186079994711164,0.0,0.0
3,8,80,3,-4.333333333333328,4.333333333333328,5.163977794943222,4.702992980202332,0.8391463916782725,0.9213990647179107
3,9,99,3,0.0,0.0,5.744562646538029,5.295516002673594,0.0,0.0
3,10,120,3,0.0,0.0,6.324555320336759,5.227545052182684,0.0,0.0
3,11,143,3,-4.333333333333333,4.333333333333333,6.904105059069326,4.5509887597950325,0.6276459144608478,0.9521740355888064
3,12,168,3,0.0,0.0,7.483314773547883,3.560475372272549,0.0,0.0
3,13,195,3,0.0,0.0,8.06225774829855,2.357576339192775,0.0,0.0
3,5,35,4,-0.5,0.5,2.958039891549808,4.417053354959464,0.1690308509457033,0.11319763648283769
3,6,48,4,-4.0,4.0,3.4641016151377544,3.592563375610929,1.1547005383792517,1.113411116740504
3,7,63,4,-0.5,0.5,3.968626966596886,3.7561644399200205,0.1259881576697424,0.1331145129553078
3,8,80,4,-4.0,4.0,4.47213595499958,5.275028007681797,0.8944271909999159,0.758289812712837
3,9,99,4,-0.5,0.5,4.9749371855331,4.613068370778166,0.10050378152592121,0.10838772803960336
3,10,120,4,-4.0,4.0,5.477225575051661,5.69294566053258,0.7302967433402214,0.7026239557722735
3,11,143,4,-0.5,0.5,5.979130371550699,3.651898041934828,0.08362420100070908,0.13691510394279596
3,12,168,4,-4.0,4.0,6.48074069840786,6.091705930641055,0.6172133998483676,0.6566305145952874
3,13,195,4,-0.5,0.5,6.98212002188447,2.8704042338163163,0.0716114874039433,0.17419149334769138
3,5,35,5,0.0,0.0,2.6457513110645907,2.2249703421565377,0.0,0.0
3,6,48,5,-2.2,2.2,3.0983866769659336,3.8965057216190306,0.7100469468046932,0.5646084356539535
3,7,63,5,-2.200000000000001,2.200000000000001,3.5496478698597698,1.6230581286579984,0.6197797868009124,1.3554659325843361
3,8,80,5,0.0,0.0,4.0,1.3878445342376047,0.0,0.0
3,9,99,5,-2.5999999999999974,2.5999999999999974,4.449719092257398,5.039232245569494,0.5843065474681425,0.515951611931743
3,10,120,5,0.0,0.0,4.898979485566356,5.674111728728235,0.0,0.0
3,11,143,5,-2.200000000000005,2.200000000000005,5.347896782848375,4.151019132728713,0.4113766756037221,0.5299903300021201
3,12,168,5,-2.199999999999995,2.199999999999995,5.796550698475776,6.115735719661856,0.3795360576382939,0.359727774522218
3,13,195,5,9.947598300641402e-15,9.947598300641402e-15,6.244997998398398,2.6897234412913065,1.5928905506763297e-15,3.698372162702969e-15
3,5,35,6,11.5,11.5,2.41522945769824,5.001276397397465,4.761452359462244,2.2994130070444223
3,6,48,6,0.0,0.0,2.8284271247461903,4.129158369059677,0.0,0.0
3,7,63,6,10.0,10.0,3.24037034920393,5.572374355831055,3.086066999241838,1.7945671560159593
3,8,80,6,-1.5000000000000029,1.5000000000000029,3.6514837167011076,6.782434521882166,0.41079191812887533,0.22115952541238007
3,9,99,6,10.000000000000012,10.000000000000012,4.06201920231798,7.374957544353428,2.4618298195866575,1.3559400091267542
3,10,120,6,0.0,0.0,4.47213595499958,7.306986593862511,0.0,0.0
3,11,143,6,11.5,11.5,4.881939505292269,6.63043030147486,2.35562115989627,1.7344274017090509
3,12,168,6,2.6053233644537006e-14,2.6053233644537006e-14,5.291502622129181,6.3330640945123235,4.923598362321849e-15,4.1138433554008155e-15
3,13,195,6,10.000000000000016,10.000000000000016,5.70087712549569,4.437017880872602,1.7541160386140613,2.2537659906913365
3,5,35,9,3.3333333333333335,3.3333333333333335,1.9720265943665387,2.8888943541668928,1.6903085094570331,1.1538439709729742
3,6,48,9,0.0,0.0,2.309401076758503,4.473639475383838,0.0,0.0
3,7,63,9,1.6666666666666667,1.6666666666666667,2.6457513110645907,3.944643108189336,0.629940788348712,0.4225139311606057
3,8,80,9,3.3333333333333335,3.3333333333333335,2.9814239699997196,3.1566837410499193,1.118033988749895,1.0559604973999264
3,9,99,9,1.6666666666666667,1.6666666666666667,3.3166247903554,4.9610364864809995,0.502518907629606,0.335951301952403
3,10,120,9,0.0,0.0,3.6514837167011076,3.7696886042518543,0.0,0.0
3,11,143,9,3.3333333333333335,3.3333333333333335,3.986086914367133,2.768605280446696,0.8362420100070908,1.2039756468265936
3,12,168,9,1.3333333333333333,1.3333333333333333,4.320493798938574,5.469764568162255,0.30860669992418377,0.24376430040412322
3,13,195,9,1.3333333333333333,1.3333333333333333,4.654746681256314,4.7823787623215,0.28644594961577313,0.27880128270854404
3,5,35,10,6.2,6.2,1.8708286933869707,2.918117522716483,3.3140393997140625,2.124657403869192
3,6,48,10,7.499999999999998,7.499999999999998,2.1908902300206643,4.589652902178976,3.4232659844072875,1.63411050026012
3,7,63,10,-1.3000000000000018,1.3000000000000018,2.5099800796022267,2.411198703866077,0.5179323973782379,0.5391509202106002
3,8,80,10,0.0,0.0,2.8284271247461903,2.4565060844751123,0.0,0.0
3,9,99,10,6.7,6.7,3.146426544510455,5.732379426129437,2.1293997826484894,1.1687991149818062
3,10,120,10,0.0,0.0,3.4641016151377544,6.367258909288179,0.0,0.0
3,11,143,10,-1.2999999999999934,1.2999999999999934,3.7815340802378077,4.84416631328866,0.34377582547616253,0.26836403127485425
3,12,168,10,7.5,7.5,4.09878030638384,6.076886476473739,1.8298126367784995,1.234184648509685
3,13,195,10,6.200000000000005,6.200000000000005,4.415880433163924,4.076017802411194,1.4040235223392996,1.5210924732302091
3,5,35,15,-0.7999999999999997,0.7999999999999997,1.5275252316519468,2.4290898509446865,0.5237229365663815,0.32934146083104965
3,6,48,15,-0.6666666666666653,0.6666666666666653,1.7888543819998317,2.632704170013526,0.37267799624996417,0.25322505819681224
3,7,63,15,-0.6666666666666671,0.6666666666666671,2.04939015319192,2.3181719383004626,0.3253000243161779,0.2875829249988355
3,8,80,15,-0.8000000000000022,0.8000000000000022,2.309401076758503,2.5551667261078066,0.3464101615137764,0.31309111527865474
3,9,99,15,1.6666666666666667,1.6666666666666667,2.569046515733026,4.305344693113835,0.6487491201346025,0.3871157329940178
3,10,120,15,0.0,0.0,2.8284271247461903,6.761991750781597,0.0,0.0
3,11,143,15,0.5333333333333276,0.5333333333333276,3.0876096471758427,7.239096477983226,0.17273340683501034,0.07367401925853478
3,12,168,15,-0.6666666666666664,0.6666666666666664,3.3466401061363023,5.346816641168303,0.19920476822239885,0.12468478188191559
3,13,195,15,1.8947806286936005e-15,1.8947806286936005e-15,3.605551275463989,3.523319609902476,5.255175932700516e-16,5.37782783988208e-16
3,5,35,25,6.599999963406556,6.599999963406556,1.1832159566199232,2.310443010546419,5.578018050281105,2.8565950050616733
3,6,48,25,3.9999998682636044,3.9999998682636044,1.3856406460551018,2.4,2.8867512508755744,1.6666666117765019
3,7,63,25,6.799999758483275,6.799999758483275,1.5874507866387544,3.358769136971682,4.283597208630006,2.024551102257138
3,8,80,25,-3.659344327644476e-07,3.659344327644476e-07,1.7888543819998317,4.429890863013441,2.0456356674228278e-07,8.260574449356074e-08
3,9,99,25,1.9999994950104827,1.9999994950104827,1.98997487421324,4.95,1.0050375614924314,0.4040403020223197
3,10,120,25,5.799999341318022,5.799999341318022,2.1908902300206643,4.2082405307719455,2.647325393962489,1.378248058519148
3,11,143,25,3.3999991729881804,3.3999991729881804,2.3916521486202797,5.204089850944687,1.421611071221041,0.6533321426744748
3,12,168,25,3.3999989900209653,3.3999989900209653,2.592296279363144,5.45556102083356,1.3115780850699101,0.6232171131506244
3,13,195,25,5.799998792416375,5.799998792416375,2.792848008753788,4.856293847620233,2.0767327023300575,1.194326161967854
3,5,35,30,4.533333333333333,4.533333333333333,1.0801234497346435,2.4290898509446865,4.1970511189689,1.8662682780426152
3,6,48,30,-11.0,11.0,1.2649110640673518,3.0555610208335597,8.696263565463044,3.5999935609203413
3,7,63,30,1.3333333333333344,1.3333333333333344,1.449137674618944,2.9846508717782463,0.920087412456473,0.44673008355544724
3,8,80,30,-14.2,14.2,1.632993161855452,3.3166390542337254,8.695688586880282,4.281442679713232
3,9,99,30,3.1666666666666656,3.1666666666666656,1.816590212458495,5.691639054233725,1.7431926281167371,0.556371659638385
3,10,120,30,0.0,0.0,2.0,7.455138931341542,0.0,0.0
3,11,143,30,-11.46666666666667,11.46666666666667,2.183269719175042,7.932243658543172,5.252061422351152,1.445576706953128
3,12,168,30,-10.999999999999996,10.999999999999996,2.3664319132398464,6.0399638217282465,4.64834840100684,1.821202961585374
3,13,195,30,-9.666666666666663,9.666666666666663,2.5495097567963922,4.21646679046242,3.7915786126715565,2.2925987911330186
4,14,224,2,0.0,0.0,10.583005244258363,11.947143533928681,0.0,0.0
4,16,288,2,0.0,0.0,12.0,2.8262279553864005,0.0,0.0
4,18,360,2,0.0,0.0,13.416407864998739,6.318797775773646,0.0,0.0
4,20,440,2,0.0,0.0,14.832396974191326,5.4048061422049045,0.0,0.0
4,22,528,2,0.0,0.0,16.24807680927192,6.9246911022634094,0.0,0.0
4,24,624,2,0.0,0.0,17.663521732655695,4.252428251646052,0.0,0.0
4,26,728,2,0.0,0.0,19.078784028338912,8.950906962664021,0.0,0.0
4,28,840,2,0.0,0.0,20.493901531919196,6.521517960149708,0.0,0.0
4,30,960,2,0.0,0.0,21.908902300206645,14.322485622575527,0.0,0.0
4,32,1088,2,0.0,0.0,23.323807579381203,7.225826763263058,0.0,0.0
4,34,1224,2,0.0,0.0,24.73863375370596,9.280333466705315,0.0,0.0
4,36,1368,2,0.0,0.0,26.153393661244042,14.792020341055604,0.0,0.0
4,38,1520,2,0.0,0.0,27.568097504180443,10.331685548783298,0.0,0.0
4,40,1680,2,0.0,0.0,28.982753492378876,0.6859805453937042,0.0,0.0
4,42,1848,2,0.0,0.0,30.397368307141328,15.504181677220458,0.0,0.0
4,44,2024,2,0.0,0.0,31.811947441173732,13.661736564128205,0.0,0.0
4,46,2208,2,0.0,0.0,33.2264954516723,17.954032953488422,0.0,0.0
4,47,2303,2,-7.0,7.0,33.933759001914304,8.708189373323876,0.20628424925175867,0.8038410397278869
4,14,224,3,-3.0,3.0,8.640987597877148,10.684320815149391,0.3471825374147068,0.2807852789057283
4,16,288,3,0.0,0.0,9.797958971132712,4.321992267216984,0.0,0.0
4,18,360,3,0.0,0.0,10.954451150103322,6.592544608046268,0.0,0.0
4,20,440,3,-3.0,3.0,12.110601416389967,9.664582396456836,0.24771684715343112,0.3104117567562815
4,22,528,3,0.0,0.0,13.2664991614216,8.765245616729459,0.0,0.0
4,24,624,3,0.0,0.0,14.422205101855956,2.6730579091522486,0.0,0.0
4,26,728,3,-3.0,3.0,15.57776192739723,7.453748412609627,0.19258222162991082,0.40248205787639024
4,28,840,3,0.0,0.0,16.73320053068151,3.5557722567223777,0.0,0.0
4,30,960,3,0.0,0.0,17.88854381999832,12.648003909574697,0.0,0.0
4,32,1088,3,-3.0,3.0,19.043809142780933,10.666315810990568,0.15753150945315111,0.2812592513817002
4,34,1224,3,0.0,0.0,20.199009876724155,7.84428545765752,0.0,0.0
4,36,1368,3,0.0,0.0,21.354156504062622,15.44410015623373,0.0,0.0
4,38,1520,3,-3.0,3.0,22.50925735484551,15.088333305346964,0.1332784974957958,0.19882911778843512
4,40,1680,3,0.0,0.0,23.664319132398465,6.55267861585412,0.0,0.0
4,42,1848,3,0.0,0.0,24.819347291981714,17.985468093751706,0.0,0.0
4,44,2024,3,-3.0,3.0,25.974346318370873,15.189831843217462,0.11549857552635272,0.1975005405566458
4,46,2208,3,0.0,0.0,27.129319932501073,14.700757596570384,0.0,0.0
4,47,2303,3,-3.0,3.0,27.70679820308847,15.87576508346001,0.1082766755656953,0.18896727081994408
4,14,224,4,-4.0,4.0,7.483314773547883,10.629074029773037,0.5345224838248488,0.37632629039892124
4,16,288,4,-4.0,4.0,8.48528137423857,3.853356999144296,0.47140452079103173,1.0380559083646463
4,18,360,4,-4.0,4.0,9.486832980505138,4.025554603608185,0.4216370213557839,0.9936519048616853
4,20,440,4,-4.0,4.0,10.488088481701515,8.04614313818945,0.38138503569823695,0.49713259275922894
4,22,528,4,-4.0,4.0,11.489125293076057,10.50536062407835,0.3481553119113957,0.38075799043318664
4,24,624,4,-4.0,4.0,12.489995996796797,4.425135895366509,0.32025630761017426,0.903927041921659
4,26,728,4,-4.0,4.0,13.490737563232042,9.231557540759923,0.29649972666444047,0.4332963297188882
4,28,840,4,-4.0,4.0,14.491376746189438,4.169036060376527,0.2760262237369417,0.9594544019460315
4,30,960,4,-4.0,4.0,15.491933384829668,7.963857540875665,0.2581988897471611,0.502269155301864
4,32,1088,4,-4.0,4.0,16.492422502470642,4.532217985288867,0.24253562503633297,0.8825700822386757
4,34,1224,4,-4.0,4.0,17.4928556845359,14.308206363014847,0.2286647801900118,0.2795598482797651
4,36,1368,4,-4.0,4.0,18.49324200890693,12.239100058424015,0.21629522817435007,0.32682141504733037
4,38,1520,4,-4.0,4.0,19.493588689617926,9.507533385093552,0.20519567041703082,0.4207190064955676
4,40,1680,4,-4.0,4.0,20.493901531919196,15.666576595003335,0.19518001458970666,0.25532061683953033
4,42,1848,4,-4.0,4.0,21.494185260204677,21.33070603036026,0.18609684207969418,0.18752309437422043
4,44,2024,4,-4.0,4.0,22.494443758403985,14.782168863242418,0.17782168978975482,0.2705962864452499
4,46,2208,4,-4.0,4.0,23.49468024894146,20.046596402950854,0.17025130615174972,0.1995351190594729
4,47,2303,4,-0.5,0.5,23.994791101403653,6.79774371398139,0.020837855928270654,0.07355381741909678
4,14,224,5,-6.0,6.0,6.6932802122726045,4.646418616566812,0.8964214570007952,1.2913171401747985
4,16,288,5,-11.0,11.0,7.58946638440411,4.141521681479233,1.4493772609105073,2.6560285919041995
4,18,360,5,0.0,0.0,8.48528137423857,7.569914026732306,0.0,0.0
4,20,440,5,0.0,0.0,9.38083151964686,4.958561582530734,0.0,0.0
4,22,528,5,-11.0,11.0,10.276186062932103,7.806137630325097,1.070436048222094,1.4091475862874188
4,24,624,5,-6.0,6.0,11.171392035015153,10.423191906331795,0.5370861555295747,0.5756394062317101
4,26,728,5,-11.0,11.0,12.066482503198685,3.928455036215979,0.9116161231812193,2.8000829584638884
4,28,840,5,0.0,0.0,12.96148139681572,5.263624863022358,0.0,0.0
4,30,960,5,0.0,0.0,13.856406460551018,11.453785370254366,0.0,0.0
4,32,1088,5,-11.0,11.0,14.75127113166862,10.870666046932627,0.7456984487516306,1.0118975187453088
4,34,1224,5,-6.0,6.0,15.646085772486357,22.51053241483129,0.3834824944236852,0.26654189645229537
4,36,1368,5,-11.0,11.0,16.540858502508268,15.628319803859938,0.6650198959341773,0.7038504546907967
4,38,1520,5,0.0,0.0,17.435595774162696,9.784916207729054,0.0,0.0
4,40,1680,5,0.0,0.0,18.33030277982336,7.04034120744825,0.0,0.0
4,42,1848,5,-11.0,11.0,19.224983745116667,7.903544057030274,0.5721721352713293,1.3917806898558882
4,44,2024,5,-6.0,6.0,20.11964214393487,9.375585097209978,0.298216039682829,0.639960059856478
4,46,2208,5,-11.0,11.0,21.014280858501916,14.234810967364183,0.5234535539934807,0.7727535002199497
4,47,2303,5,-11.0,11.0,21.461593603458248,19.398265266315434,0.5125434859705618,0.5670610154559131
4,14,224,6,-0.5,0.5,6.110100926607787,13.45690953738918,0.08183170883849714,0.037155633588141564
4,16,288,6,0.0,0.0,6.928203230275509,7.094580989456773,0.0,0.0
4,18,360,6,0.0,0.0,7.745966692414834,9.365133330286056,0.0,0.0
4,20,440,6,-0.5,0.5,8.563488385776752,12.437171118696625,0.058387420812114225,0.04020206807706915
4,22,528,6,0.0,0.0,9.38083151964686,11.537834338969247,0.0,0.0
4,24,624,6,0.0,0.0,10.198039027185569,5.445646631392037,0.0,0.0
4,26,728,6,-0.5,0.5,11.015141094572204,10.226337134849416,0.04539206495016018,0.04889336166085263
4,28,840,6,0.0,0.0,11.832159566199232,6.7848307131967545,0.0,0.0
4,30,960,6,0.0,0.0,12.649110640673518,15.420592631814486,0.0,0.0
4,32,1088,6,-0.5,0.5,13.466006584482772,14.13205171379036,0.037130532861625286,0.03538056682258594
4,34,1224,6,0.0,0.0,14.2828568570857,11.310021360457199,0.0,0.0
4,36,1368,6,0.0,0.0,15.0996688705415,18.90983605903341,0.0,0.0
4,38,1520,6,-0.5,0.5,15.91644851508443,18.554069208146643,0.031414043121877164,0.02694826640942258
4,40,1680,6,0.0,0.0,16.73320053068151,10.018414518653799,0.0,0.0
4,42,1848,6,0.0,0.0,17.549928774784245,21.4512039965515,0.0,0.0
4,44,2024,6,-0.5,0.5,18.366636418607882,18.655567746017255,0.02722327532402354,0.026801650145798654
4,46,2208,6,0.0,0.0,19.183326093250876,18.859640679929953,0.0,0.0
4,47,2303,6,29.833333333333332,29.833333333333332,19.59166489437111,20.03464816681958,1.522756411677129,1.4890869599967254
4,14,224,9,-4.0,4.0,4.988876515698588,4.37961925352441,0.8017837257372732,0.9133214027180744
4,16,288,9,-5.0,5.0,5.656854249492381,5.737830640116478,0.8838834764831843,0.8714094774847694
4,18,360,9,-5.0,5.0,6.324555320336759,7.2318593994177505,0.7905694150420948,0.6913851229467429
4,20,440,9,-4.0,4.0,6.99205898780101,11.81187511602549,0.5720775535473555,0.33864225287762245
4,22,528,9,-11.0,11.0,7.659416862050705,5.641395429524962,1.4361406616345072,1.9498721792183007
4,24,624,9,0.0,0.0,8.32666399786453,8.885477428809452,0.0,0.0
4,26,728,9,-4.0,4.0,8.993825042154693,13.859491481842824,0.44474958999666075,0.2886108776242158
4,28,840,9,0.0,0.0,9.66091783079296,6.382720223290647,0.0,0.0
4,30,960,9,-11.0,11.0,10.327955589886445,11.248273187217023,1.0650704202070396,0.9779278842996834
4,32,1088,9,-4.0,4.0,10.994948334980428,6.6434787553964725,0.36380343755449945,0.6020941960190382
4,34,1224,9,-5.0,5.0,11.661903789690601,11.35768622870907,0.42874646285627205,0.440230509922117
4,36,1368,9,-5.0,5.0,12.328828005937952,12.98792768480837,0.40555355282690636,0.3849728856935634
4,38,1520,9,-4.0,4.0,12.995725793078618,20.164313958884833,0.30779350562554625,0.19837024994532548
4,40,1680,9,-11.0,11.0,13.662601021279464,9.991458607958691,0.8051175601825399,1.1009403563197426
4,42,1848,9,0.0,0.0,14.329456840136451,18.406729318291468,0.0,0.0
4,44,2024,9,-4.0,4.0,14.996295838935989,16.899331108487843,0.26673253468463226,0.2366957588037886
4,46,2208,9,0.0,0.0,15.663120165960974,16.11440991442555,0.0,0.0
4,47,2303,9,-4.0,4.0,15.99652740093577,16.51942625720028,0.2500542711392478,0.24213916014525808
4,14,224,10,-2.0,2.0,4.732863826479693,6.0327129776867,0.4225771273642583,0.3315258006468126
4,16,288,10,26.5,26.5,5.366563145999495,5.527816042599113,4.937983450312036,4.793936664277998
4,18,360,10,0.0,0.0,6.0,8.956208387852186,0.0,0.0
4,20,440,10,0.0,0.0,6.6332495807108,6.344855943650643,0.0,0.0
4,22,528,10,26.5,26.5,7.26636084983398,9.885579172004952,3.6469424719810695,2.680672476433708
4,24,624,10,-2.0,2.0,7.899367063252599,11.809486267451689,0.25318484177091666,0.16935537708462658
4,26,728,10,26.5,26.5,8.532291603080617,5.3147493973358735,3.105847904967532,4.986124089554187
4,28,840,10,0.0,0.0,9.16515138991168,6.649919224142252,0.0,0.0
4,30,960,10,0.0,0.0,9.797958971132712,12.84007973137426,0.0,0.0
4,32,1088,10,26.5,26.5,10.430723848324238,12.256960408052521,2.540571525556915,2.162036844191008
4,34,1224,10,-2.0,2.0,11.063453348751466,24.589973956511074,0.18077538151554678,0.08133396170069666
4,36,1368,10,26.5,26.5,11.696153213770756,17.707761345539723,2.265702194188049,1.496518926525678
4,38,1520,10,0.0,0.0,12.328828005937952,11.864357749408953,0.0,0.0
4,40,1680,10,0.0,0.0,12.96148139681572,8.426635568568145,0.0,0.0
4,42,1848,10,26.5,26.5,13.594116374373144,9.289838418150168,1.949372748489655,2.852579216902762
4,44,2024,10,-2.0,2.0,14.226735395022992,11.455026638889763,0.1405803892788833,0.17459584015370241
4,46,2208,10,26.5,26.5,14.859340496805368,15.621105328484077,1.7833900505676732,1.6964228486238397
4,47,2303,10,-9.1,9.1,15.17563837207516,17.318823724635536,0.5996452852187752,0.5254398419134845
4,14,224,15,11.6,11.6,3.8643671323171835,5.875198244589452,3.001785183139241,1.9744014613775107
4,16,288,15,-5.333333333333333,5.333333333333333,4.381780460041329,6.1393179424118784,1.2171612389003692,0.868717564941439
4,18,360,15,0.0,0.0,4.898979485566356,5.920700924567818,0.0,0.0
4,20,440,15,-5.4,5.4,5.41602560309064,5.287925383367806,0.9970410769325952,1.021194439880847
4,22,528,15,-5.333333333333333,5.333333333333333,5.932958789676531,13.227208353270214,0.8989331499509894,0.40320929336648365
4,24,624,15,6.0,6.0,6.44980619863884,6.680678238235814,0.9302605094190634,0.8981124050638962
4,26,728,15,2.2666666666666666,2.2666666666666666,6.96658692139367,8.372013505734799,0.3253625759991549,0.27074331224071824
4,28,840,15,0.0,0.0,7.483314773547883,5.973305453497986,0.0,0.0
4,30,960,15,0.0,0.0,8.0,12.02163586820592,0.0,0.0
4,32,1088,15,2.2666666666666666,2.2666666666666666,8.516650358758033,9.76665509488629,0.26614532371118854,0.23208218623932647
4,34,1224,15,6.0,6.0,9.033271832508971,16.44485024354927,0.6642111641550715,0.3648558613267754
4,36,1368,15,-5.333333333333333,5.333333333333333,9.549869109050658,11.978974436913802,0.5584718777222606,0.44522453582490357
4,38,1520,15,-5.4,5.4,10.066445913694333,10.055936294345202,0.5364356046113428,0.5369962420144413
4,40,1680,15,0.0,0.0,10.583005244258363,12.932741141713933,0.0,0.0
4,42,1848,15,-5.333333333333333,5.333333333333333,11.099549540409287,21.826649721542736,0.48049998010429806,0.2443496093708497
4,44,2024,15,11.6,11.6,11.616080807799735,21.117428208931102,0.9986156425677637,0.5493093138630424
4,46,2208,15,-5.333333333333333,5.333333333333333,12.13260071048248,17.00242759803814,0.439586982263858,0.3136806966287997
4,47,2303,15,2.2666666666666666,2.2666666666666666,12.39085684419497,25.424768775897007,0.18293058302328657,0.08915190878020864
4,14,224,25,22.2,22.2,2.9933259094191533,6.786417023035437,7.416499463069776,3.271240173518007
4,16,288,25,-13.8,13.8,3.394112549695428,6.537795697513923,4.065863991822648,2.1108031878768587
4,18,360,25,0.0,0.0,3.794733192202055,8.739914072890986,0.0,0.0
4,20,440,25,-3.0,3.0,4.1952353926806065,10.806022162994736,0.7150969419341942,0.27762297307454276
4,22,528,25,26.2,26.2,4.595650117230423,9.258029363848046,5.701043232549105,2.8299759020325816
4,24,624,25,22.2,22.2,4.995998398718719,11.393816217860692,4.443556268091168,1.9484253190954384
4,26,728,25,26.2,26.2,5.396295025292817,8.79258210770466,4.855183024130212,2.979784513702951
4,28,840,25,-3.0,3.0,5.796550698475776,13.034584272680718,0.5175491695067657,0.23015693766986664
4,30,960,25,0.0,0.0,6.196773353931867,14.692776845939242,0.0,0.0
4,32,1088,25,-13.8,13.8,6.596969000988257,11.826209821534832,2.091869765938372,1.1668996414109796
4,34,1224,25,22.2,22.2,6.997142273814361,16.738136427506852,3.1727238251364134,1.3263125256595063
4,36,1368,25,18.2,18.2,7.397296803562772,16.808037917381277,2.460358220483232,1.0828152631176116
4,38,1520,25,23.0,23.0,7.797435475847171,14.105274178131765,2.9496877622448183,1.6305957409646281
4,40,1680,25,27.0,27.0,8.19756061276768,20.840442194181918,3.2936627462012993,1.2955579228322547
4,42,1848,25,19.2,19.2,8.597674104081872,27.35660662203506,2.23316210495633,0.701841433232983
4,44,2024,25,22.2,22.2,8.997777503361593,21.831986883519377,2.4672759458328484,1.0168566021244008
4,46,2208,25,18.2,18.2,9.397872099576585,23.362958594929694,1.9366086074761528,0.7790109256089605
4,47,2303,25,26.2,26.2,9.597916440561463,28.112958594929694,2.729759126603455,0.9319545615069235
4,14,224,30,6.266666666666667,6.266666666666667,2.7325202042558927,6.594693849512009,2.2933651714290533,0.9502589217436356
4,16,288,30,-38.333333333333336,38.333333333333336,3.0983866769659336,6.1393179424118784,12.372030133718138,6.243907498016594
4,18,360,30,0.0,0.0,3.4641016151377544,5.920700924567818,0.0,0.0
4,20,440,30,-59.9,59.9,3.8297084310253524,5.7403790965881925,15.640877387619451,10.434850903070444
4,22,528,30,-38.333333333333336,38.333333333333336,4.1952353926806065,14.613502714390108,9.137349813603592,2.623144777985773
4,24,624,30,-63.333333333333336,63.333333333333336,4.560701700396552,7.574099291352411,13.886751972361296,8.361830350658726
4,26,728,30,29.266666666666666,29.266666666666666,4.926120853842978,9.758307866854693,5.941118282519415,2.999153855974819
4,28,840,30,0.0,0.0,5.291502622129181,5.973305453497986,0.0,0.0
4,30,960,30,0.0,0.0,5.656854249492381,13.407930229325814,0.0,0.0
4,32,1088,30,29.266666666666666,29.266666666666666,6.022181221672648,9.76665509488629,4.859811684401273,2.9965905811489506
4,34,1224,30,-63.333333333333336,63.333333333333336,6.387487769068525,16.44485024354927,9.915217942181535,3.8512563140048512
4,36,1368,30,-38.333333333333336,38.333333333333336,6.752777206453653,14.058415978593644,5.676676745191302,2.7267178174057753
4,38,1520,30,-59.9,59.9,7.118052168020874,10.055936294345202,8.41522351706152,5.956680536419451
4,40,1680,30,0.0,0.0,7.483314773547883,14.319035502833827,0.0,0.0
4,42,1848,30,-38.333333333333336,38.333333333333336,7.848566748139434,21.826649721542736,4.884118917943911,1.7562628173529824
4,44,2024,30,6.266666666666667,6.266666666666667,8.2138095100061,21.117428208931102,0.7629427805736892,0.2967533074892298
4,46,2208,30,-38.333333333333336,38.333333333333336,8.579044235810887,17.00242759803814,4.4682522061515035,2.254580007019498
4,47,2303,30,-55.46666666666667,55.46666666666667,8.761658899242008,25.424768775897007,6.330612422205254,2.1815996501509876
5,48,2400,2,0.0,0.0,34.64101615137755,10.778966074813525,0.0,0.0
5,58,3480,2,0.0,0.0,41.71330722922842,24.140734386201984,0.0,0.0
5,68,4760,2,0.0,0.0,48.78524367060187,11.05950356325684,0.0,0.0
5,78,6240,2,0.0,0.0,55.85696017507576,16.06824970429807,0.0,0.0
5,88,7920,2,0.0,0.0,62.928530890209096,8.38540585654755,0.0,0.0
5,98,9800,2,0.0,0.0,70.0,11.21424352059148,0.0,0.0
5,108,11880,2,0.0,0.0,77.07139547199077,58.01010090823547,0.0,0.0
5,118,14160,2,0.0,0.0,84.14273587185052,14.546963961813162,0.0,0.0
5,128,16640,2,0.0,0.0,91.21403400793103,8.10201714341747,0.0,0.0
5,138,19320,2,0.0,0.0,98.28529900244492,71.04142067157954,0.0,0.0
5,148,22200,2,0.0,0.0,105.35653752852738,27.18832510554421,0.0,0.0
5,158,25280,2,0.0,0.0,112.42775458044157,22.370214188544196,0.0,0.0
5,168,28560,2,0.0,0.0,119.49895397031725,38.542418508914125,0.0,0.0
5,172,29928,2,0.0,0.0,122.32742946698423,22.73754505855686,0.0,0.0
5,48,2400,3,0.0,0.0,28.284271247461902,12.965978127086146,0.0,0.0
5,58,3480,3,0.0,0.0,34.058772731852805,17.835670898426315,0.0,0.0
5,68,4760,3,-11.333333333333334,11.333333333333334,39.83298465677242,5.697619121427124,0.2845213189769458,1.9891349512486527
5,78,6240,3,0.0,0.0,45.60701700396552,12.932996995800295,0.0,0.0
5,88,7920,3,0.0,0.0,51.38093031466052,35.13834765230058,0.0,0.0
5,98,9800,3,-11.333333333333334,11.333333333333334,57.154760664940824,24.396838209030648,0.19829202679673347,0.46454107029074887
5,108,11880,3,0.0,0.0,62.928530890209096,40.75190402472799,0.0,0.0
5,118,14160,3,0.0,0.0,68.70225614927067,30.052371933888026,0.0,0.0
5,128,16640,3,-11.333333333333334,11.333333333333334,74.47594690010102,36.215043732161575,0.15217441073337948,0.3129454548544012
5,138,19320,3,0.0,0.0,80.24961059095551,57.10434236605397,0.0,0.0
5,148,22200,3,0.0,0.0,86.02325267042627,62.893459839839124,0.0,0.0
5,158,25280,3,-11.333333333333334,11.333333333333334,91.79687721631203,21.680065471167836,0.12346098992700195,0.5227536488949008
5,168,28560,3,0.0,0.0,97.57048734120374,80.39382649180152,0.0,0.0
5,172,29928,3,0.0,0.0,99.87992791347018,49.06104709700776,0.0,0.0
5,48,2400,4,9.5,9.5,24.49489742783178,11.720316341542684,0.38783587594066987,0.8105583265126753
5,58,3480,4,9.5,9.5,29.49576240750525,22.312136385659414,0.32208016421988495,0.4257772467770453
5,68,4760,4,9.5,9.5,34.49637662132068,13.98834561856438,0.275391241934913,0.679136779934308
5,78,6240,4,9.5,9.5,39.496835316262995,28.034097203353667,0.24052559968237083,0.33887304916897887
5,88,7920,4,9.5,9.5,44.49719092257398,18.769834524508042,0.21349662311335998,0.5061312601129069
5,98,9800,4,9.5,9.5,49.49747468305833,33.64255039002819,0.19192898346492004,0.28238049404292026
5,108,11880,4,9.5,9.5,54.49770637375485,63.550822190428335,0.17431926281167376,0.14948665764753608
5,118,14160,4,9.5,9.5,59.49789912257407,10.499081792841025,0.1596695032950434,0.9048410315726595
5,128,16640,4,9.5,9.5,64.4980619863884,7.634746835661645,0.14729124732468504,1.2443110694418604
5,138,19320,4,9.5,9.5,69.49820141557622,36.28045821070009,0.13669418497887662,0.26184895308731776
5,148,22200,4,9.5,9.5,74.4983221287567,26.07386073165435,0.12751965049066463,0.36434957207801416
5,158,25280,4,9.5,9.5,79.49842765740716,43.286495047068456,0.11949921878882405,0.21946798856479327
5,168,28560,4,9.5,9.5,84.49852069711044,61.38796071280922,0.11242800372864832,0.1547534710339014
5,172,29928,4,9.5,9.5,86.49855490122364,11.969866531160733,0.10982842442684103,0.793659643177222
5,48,2400,5,0.0,0.0,21.908902300206645,18.45959410334399,0.0,0.0
5,58,3480,5,0.0,0.0,26.38181191654584,20.081950602631196,0.0,0.0
5,68,4760,5,0.0,0.0,30.854497241083024,10.51305726105852,0.0,0.0
5,78,6240,5,0.0,0.0,35.32704346531139,40.76289487206759,0.0,0.0
5,88,7920,5,0.0,0.0,39.7994974842648,19.94126254171215,0.0,0.0
5,98,9800,5,0.0,0.0,44.27188724235731,14.734169882376136,0.0,0.0
5,108,11880,5,0.0,0.0,48.744230427815765,36.41881069472447,0.0,0.0
5,118,14160,5,0.0,0.0,53.21653878260028,42.986316055611496,0.0,0.0
5,128,16640,5,0.0,0.0,57.688820407423826,45.367237136294534,0.0,0.0
5,138,19320,5,0.0,0.0,62.161081071680215,54.62355321590894,0.0,0.0
5,148,22200,5,0.0,0.0,66.63332499583073,21.578953279093184,0.0,0.0
5,158,25280,5,0.0,0.0,71.10555533852471,43.09834232090816,0.0,0.0
5,168,28560,5,0.0,0.0,75.57777451076474,57.648488607420404,0.0,0.0
5,172,29928,5,-9.2,9.2,77.36665948585346,44.633219747226576,0.11891427213142407,0.20612449767466462
5,48,2400,6,0.0,0.0,20.0,9.500242224286467,0.0,0.0
5,58,3480,6,0.0,0.0,24.08318915758459,21.301406801225994,0.0,0.0
5,68,4760,6,-5.0,5.0,28.166173565703478,9.85650220478692,0.17751790062418157,0.5072793467820353
5,78,6240,6,0.0,0.0,32.2490309931942,17.09188007916009,0.0,0.0
5,88,7920,6,0.0,0.0,36.3318042491699,39.29723073566038,0.0,0.0
5,98,9800,6,-5.0,5.0,40.414518843273804,20.23795512567085,0.12371791482634838,0.24706053397943084
5,108,11880,6,0.0,0.0,44.49719092257398,45.603934288648816,0.0,0.0
5,118,14160,6,0.0,0.0,48.579831205964474,34.21125501724873,0.0,0.0
5,128,16640,6,-5.0,5.0,52.66244708835067,41.06707399608058,0.09494431566409374,0.12175203912694625
5,138,19320,6,0.0,0.0,56.74504383644443,61.956372629974794,0.0,0.0
5,148,22200,6,0.0,0.0,60.8276253029822,58.04142957592012,0.0,0.0
5,158,25280,6,-5.0,5.0,64.91019437140312,26.53209573508684,0.0770295028141651,0.1884510010035826
5,168,28560,6,0.0,0.0,68.99275324264136,85.24585675572052,0.0,0.0
5,172,29928,6,0.0,0.0,70.6257743320383,53.91307736092676,0.0,0.0
5,48,2400,9,0.0,0.0,16.32993161855452,9.813994087674757,0.0,0.0
5,58,3480,9,0.0,0.0,19.6638416050035,22.021762527668898,0.0,0.0
5,68,4760,9,-18.0,18.0,22.997584414213787,20.198436337986777,0.7826908981308054,0.8911580925770861
5,78,6240,9,-72.33333333333333,72.33333333333333,26.331223544175334,26.68156170295231,2.7470555332144455,2.7109857413379843
5,88,7920,9,-23.666666666666668,23.666666666666668,29.664793948382652,33.55619627918122,0.7978031705815032,0.7052845462508464
5,98,9800,9,-18.0,18.0,32.99831645537222,32.76683417159279,0.5454823740581938,0.549335950667004
5,108,11880,9,-23.666666666666668,23.666666666666668,36.3318042491699,28.346425007767266,0.6514035610330967,0.8349083406525413
5,118,14160,9,-72.33333333333333,72.33333333333333,39.66526608171604,43.92155395301552,1.8235938007907588,1.6468755502300971
5,128,16640,9,-18.0,18.0,42.998707990925595,54.6165489790169,0.4186172292385786,0.3295704385664391
5,138,19320,9,0.0,0.0,46.33213427705081,42.04885376726679,0.0,0.0
5,148,22200,9,0.0,0.0,49.6655480858378,45.290690405409805,0.0,0.0
5,158,25280,9,-18.0,18.0,52.99895177160477,56.53654836021087,0.33962935866297367,0.31837812038536095
5,168,28560,9,-72.33333333333333,72.33333333333333,56.332347131406955,87.95642992184912,1.2840461478482466,0.8223768677014609
5,172,29928,9,-72.33333333333333,72.33333333333333,57.66570326748243,107.82812968292274,1.2543562158223422,0.6708206248780842
5,48,2400,10,0.0,0.0,15.491933384829668,16.38015256166409,0.0,0.0
5,58,3480,10,0.0,0.0,18.65475810617763,22.161392144311094,0.0,0.0
5,68,4760,10,0.0,0.0,21.817424229271428,12.592498802738419,0.0,0.0
5,78,6240,10,0.0,0.0,24.979991993593593,42.84233641374749,0.0,0.0
5,88,7920,10,0.0,0.0,28.142494558940577,22.020704083391593,0.0,0.0
5,98,9800,10,0.0,0.0,31.304951684997057,14.08222395346047,0.0,0.0
5,108,11880,10,0.0,0.0,34.46737587922817,38.498252236403914,0.0,0.0
5,118,14160,10,0.0,0.0,37.62977544445356,45.06575759729094,0.0,0.0
5,128,16640,10,0.0,0.0,40.792156108742276,42.59464841405406,0.0,0.0
5,138,19320,10,0.0,0.0,43.95452195167182,56.702994757589295,0.0,0.0
5,148,22200,10,0.0,0.0,47.11687595755899,19.49951173741283,0.0,0.0
5,158,25280,10,0.0,0.0,50.27922035990614,45.17778386258851,0.0,0.0
5,168,28560,10,0.0,0.0,53.44155686354955,59.72793014910076,0.0,0.0
5,172,29928,10,35.0,35.0,54.70648956019752,47.40580846946523,0.6397778450303773,0.7383061512924942
5,48,2400,15,0.0,0.0,12.649110640673518,17.732943740804217,0.0,0.0
5,58,3480,15,0.0,0.0,15.231546211727817,18.486353415594863,0.0,0.0
5,68,4760,15,-14.4,14.4,17.813852287849848,12.580541912065087,0.8083596836503294,1.1446247785391503
5,78,6240,15,0.0,0.0,20.396078054371138,30.42308163948053,0.0,0.0
5,88,7920,15,0.0,0.0,22.978250586152114,26.550130614739487,0.0,0.0
5,98,9800,15,-14.4,14.4,25.560386016907753,15.602988220533462,0.5633717734338851,0.9229001391572972
5,108,11880,15,0.0,0.0,28.142494558940577,30.98176752228119,0.0,0.0
5,118,14160,15,0.0,0.0,30.72458299147443,41.729395080833456,0.0,0.0
5,128,16640,15,-14.4,14.4,33.30665599145812,50.360997882095944,0.4323460152737353,0.2859355573873449
5,138,19320,15,0.0,0.0,35.888716889852724,40.94069680430948,0.0,0.0
5,148,22200,15,0.0,0.0,38.47076812334269,65.29813833885419,0.0,0.0
5,158,25280,15,-14.4,14.4,41.05281151557507,55.38948615728759,0.3507676933292807,0.2599771364390134
5,168,28560,15,0.0,0.0,43.634848458542855,53.42385312328042,0.0,0.0
5,172,29928,15,-21.333333333333332,21.333333333333332,44.66766168045961,45.21083033492596,0.4776013010474163,0.47186333839246153
5,48,2400,25,19.8,19.8,9.797958971132712,25.204625127438774,2.020829037796122,0.7855701046886399
5,58,3480,25,22.4,22.4,11.7983049630021,25.44494622362967,1.898577810138269,0.8803319843214306
5,68,4760,25,0.0,0.0,13.798550648528272,26.49273031491589,0.0,0.0
5,78,6240,25,22.6,22.6,15.798734126505199,37.07505526469777,1.4304943560056793,0.6095742767919576
5,88,7920,25,0.2,0.2,17.798876369029593,51.07884595489111,0.011236664374387367,0.003915515244346447
5,98,9800,25,19.8,19.8,19.79898987322333,32.10176019337234,1.0000510191066887,0.6167886084977939
5,108,11880,25,22.4,22.4,21.79908254950194,45.149543805388475,1.0275661807846033,0.4961290438847495
5,118,14160,25,0.0,0.0,23.799159649029626,39.751153314375756,0.0,0.0
5,128,16640,25,22.6,22.6,25.79922479455536,60.349871550650846,0.8759953130362848,0.3744829842932163
5,138,19320,25,0.2,0.2,27.799280566230486,73.331488451837,0.007194430788361928,0.002727341340294176
5,148,22200,25,19.8,19.8,29.79932885150268,64.88830924661215,0.6644444946618842,0.3051397120666042
5,158,25280,25,22.4,22.4,31.799371062962866,87.95574889318709,0.7044164475972786,0.2546735180119087
5,168,28560,25,0.0,0.0,33.799408278844176,78.75125598011527,0.0,0.0
5,172,29928,25,26.6,26.6,34.59942196048945,72.11879179658285,0.7687989709878873,0.36883590722134596
5,48,2400,30,0.0,0.0,8.94427190999916,17.732943740804217,0.0,0.0
5,58,3480,30,0.0,0.0,10.770329614269007,18.486353415594863,0.0,0.0
5,68,4760,30,-160.0,160.0,12.596295751794122,14.659983453744871,12.702146976599117,10.914064160088
5,78,6240,30,0.0,0.0,14.422205101855956,30.42308163948053,0.0,0.0
5,88,7920,30,0.0,0.0,16.24807680927192,28.629572156419385,0.0,0.0
5,98,9800,30,-160.0,160.0,18.07392228230128,13.523546678853563,8.85253336275981,11.83121586367488
5,108,11880,30,0.0,0.0,19.8997487421324,30.98176752228119,0.0,0.0
5,118,14160,30,0.0,0.0,21.72556098240043,43.808836622513354,0.0,0.0
5,128,16640,30,-160.0,160.0,23.55136231020759,47.58840915985593,6.793662204867575,3.3621632415266975
5,138,19320,30,0.0,0.0,25.37715508089904,43.02013834598938,0.0,0.0
5,148,22200,30,0.0,0.0,27.202941017470888,65.29813833885419,0.0,0.0
5,158,25280,30,-160.0,160.0,29.028721409436322,52.616897435047576,5.511782546095504,3.0408482407673403
5,168,28560,30,0.0,0.0,30.854497241083024,50.65126440104041,0.0,0.0
5,172,29928,30,-107.66666666666667,107.66666666666667,31.58480647399949,47.98341905716552,3.4088119791171594,2.243830656135548
6,173,30275,2,-65.5,65.5,123.03454799364283,24.25381314618062,0.5323707939609318,2.7006062760203395
6,218,47960,2,0.0,0.0,154.85477067239486,52.56351200807694,0.0,0.0
6,263,69695,2,-65.5,65.5,186.67485101105612,132.5548145842622,0.35087747302458355,0.49413520139144457
6,308,95480,2,0.0,0.0,218.49485119791726,102.29364436406468,0.0,0.0
6,353,125315,2,-65.5,65.5,250.31480179965388,3.6278990903811064,0.26167050261943625,18.05452642651075
6,398,159200,2,0.0,0.0,282.1347195933177,10.7490500791464,0.0,0.0
6,443,197135,2,-65.5,65.5,313.95461455439704,23.14675580227049,0.20862888125713855,2.8297702088158303
6,488,239120,2,0.0,0.0,345.77449298639715,119.5677548503736,0.0,0.0
6,533,285155,2,-65.5,65.5,377.5943590680348,118.7504959529033,0.1734665744521841,0.5515766437386286
6,578,335240,2,0.0,0.0,409.41421567893804,179.59814955008915,0.0,0.0
6,623,389375,2,-65.5,65.5,441.23406486806977,201.49232147657312,0.14844728731355927,0.32507442229065525
6,668,447560,2,0.0,0.0,473.0539081331006,60.974069861578755,0.0,0.0
6,713,509795,2,-65.5,65.5,504.87374659413615,9.2560765738599,0.12973540502325803,7.0764323822664394
6,173,30275,3,77.33333333333333,77.33333333333333,100.45728777279759,13.293531543075005,0.7698130722803976,5.817365617462167
6,218,47960,3,77.33333333333333,77.33333333333333,126.43839079435749,28.181760701449093,0.6116285793221631,2.7440916184259874
6,263,69695,3,77.33333333333333,77.33333333333333,152.41937759572,154.53097000579146,0.5073720582854873,0.5004390597589277
6,308,95480,3,77.33333333333333,77.33333333333333,178.4002989534117,115.47779564304074,0.43348208375776615,0.6696814128006245
6,353,125315,3,77.33333333333333,77.33333333333333,204.3811798250188,61.4140639348916,0.3783779573028317,1.2592121149207551
6,398,159200,3,77.33333333333333,77.33333333333333,230.36203390894661,19.94447571199271,0.33570346650047495,3.877431247131376
6,443,197135,3,77.33333333333333,77.33333333333333,256.3428693501473,202.0566374251066,0.3016792841922244,0.38273097245814236
6,488,239120,3,77.33333333333333,77.33333333333333,282.32369129541127,63.129998297881684,0.27391726489016144,1.2249855127261777
6,533,285155,3,77.33333333333333,77.33333333333333,308.30450315664655,210.8706963825971,0.2508342646362223,0.36673342792505503
6,578,335240,3,77.33333333333333,77.33333333333333,334.2853072850595,101.10040400206344,0.23133931300004118,0.7649161652386174
6,623,389375,3,77.33333333333333,77.33333333333333,360.26610535362147,184.1519670143607,0.21465614495548035,0.4199430209035055
6,668,447560,3,77.33333333333333,77.33333333333333,386.24689858517524,39.16020803479478,0.20021735738618435,1.9747937310399581
6,713,509795,3,77.33333333333333,77.33333333333333,412.2276878942833,31.18217601176002,0.18759859078938346,2.4800492853406992
6,173,30275,4,-24.0,24.0,86.99856320652658,14.098698956911903,0.2758666248662775,1.7022847337437454
6,218,47960,4,-46.5,46.5,109.4988584415381,51.67524676662288,0.42466196142881746,0.8998505650104495
6,263,69695,4,-24.0,24.0,131.9990530269062,108.27914266578591,0.1818194861981921,0.2216493353117722
6,308,95480,4,-46.5,46.5,154.49919093639292,57.27840569694672,0.3009724498760902,0.8118242718909812
6,353,125315,4,-24.0,24.0,176.99929378390186,120.00570118483301,0.13559376134744108,0.19999049847669448
6,398,159200,4,-46.5,46.5,199.49937343260004,24.030583749510697,0.23308343880944477,1.9350341416881651
6,443,197135,4,-24.0,24.0,221.99943693622288,25.672085715268622,0.10810838230591928,0.9348675548292463
6,488,239120,4,-46.5,46.5,244.49948875202173,103.05954401816416,0.1901844467542491,0.45119547580963887
6,533,285155,4,-24.0,24.0,266.99953183479556,195.45918591957889,0.0898877980611961,0.12278778245743197
6,578,335240,4,-46.5,46.5,289.4995682207488,283.70540593910846,0.16062200122019832,0.1639024108337938
6,623,389375,4,-24.0,24.0,311.99959935871715,235.22740640933625,0.07692317570064036,0.10202892752316395
6,668,447560,4,-46.5,46.5,334.4996263077135,65.74601497023832,0.13901360821618267,0.7072672012296024
6,713,509795,4,-24.0,24.0,356.99964985977226,61.86553519096924,0.06722695669149,0.38793812945957307
6,173,30275,5,0.0,0.0,77.8138805098422,23.41345091261428,0.0,0.0
6,218,47960,5,0.0,0.0,97.93875637356236,42.25860495034249,0.0,0.0
6,263,69695,5,0.0,0.0,118.06354221350468,46.61226297464964,0.0,0.0
6,308,95480,5,0.0,0.0,138.1882773609976,79.59688150451984,0.0,0.0
6,353,125315,5,0.0,0.0,158.3129811481042,101.77853258965115,0.0,0.0
6,398,159200,5,0.0,0.0,178.4376641855637,113.21698360029404,0.0,0.0
6,443,197135,5,0.0,0.0,198.5623327824288,109.79819157480233,0.0,0.0
6,488,239120,5,0.0,0.0,218.6869909253863,87.20608966540749,0.0,0.0
6,533,285155,5,0.0,0.0,238.81164125728878,169.55914307400235,0.0,0.0
6,578,335240,5,0.0,0.0,258.93628559937287,104.41550086274219,0.0,0.0
6,623,389375,5,0.0,0.0,279.06092524751654,87.08497319168237,0.0,0.0
6,668,447560,5,0.0,0.0,299.18556114892976,143.587224780189,0.0,0.0
6,713,509795,5,0.0,0.0,319.3101940120296,193.6457905142306,0.0,0.0
6,173,30275,6,48.333333333333336,48.333333333333336,71.03402940375362,18.14556180699401,0.6804250545693988,2.6636449092859595
6,218,47960,6,-26.0,26.0,89.40544353300493,33.0337909653681,0.2908100331765799,0.787072849957119
6,263,69695,6,48.333333333333336,48.333333333333336,107.77677548216654,160.0761474502724,0.44845777874780535,0.30193963375054406
6,308,95480,6,-26.0,26.0,126.14806115566475,109.9326181985598,0.20610701236158044,0.23650851245113547
6,353,125315,6,48.333333333333336,48.333333333333336,144.51931820117798,63.227110286592506,0.33444202432543285,0.7644400181227728
6,398,159200,6,-26.0,26.0,162.89055630494155,14.63637107447721,0.15961637426866132,1.776396612773681
6,443,197135,6,48.333333333333336,48.333333333333336,181.2617812263063,208.29496205014584,0.26664933449478195,0.23204273813255913
6,488,239120,6,-26.0,26.0,199.63299660460277,69.36832292292092,0.1302389907591085,0.37481084887824195
6,533,285155,6,48.333333333333336,48.333333333333336,218.00420485241412,204.63237175755785,0.22170826184776732,0.23619592989225177
6,578,335240,6,-26.0,26.0,236.37540763229438,94.8620793770242,0.10999452210547048,0.27408212186309355
6,623,389375,6,48.333333333333336,48.333333333333336,254.74660612721289,190.39029163939995,0.18973101965172837,0.2538644849858042
6,668,447560,6,-26.0,26.0,273.1178012018501,32.92188340972643,0.0951970171317558,0.7897482557853469
6,713,509795,6,48.333333333333336,48.333333333333336,291.4889935028994,37.42050063679926,0.16581529461026653,1.2916271164422213
6,173,30275,9,-85.66666666666667,85.66666666666667,57.999042137684384,88.31777640886958,1.477035887304861,0.9699821502533135
6,218,47960,9,-85.66666666666667,85.66666666666667,72.9992389610254,69.76448452162094,1.1735282159914635,1.2279409394921772
6,263,69695,9,-85.66666666666667,85.66666666666667,87.99936868460415,143.81442266572049,0.9734918323528201,0.5956750726301537
6,308,95480,9,-85.66666666666667,85.66666666666667,102.99946062426196,93.50134401440664,0.8317195657866147,0.9162078638513174
6,353,125315,9,-85.66666666666667,85.66666666666667,117.9995291892679,94.77689042093698,0.7259915972144242,0.9038771612593677
6,398,159200,9,-85.66666666666667,85.66666666666667,132.99958228840003,145.6485237022971,0.6441122986454548,0.5881739442946072
6,443,197135,9,-85.66666666666667,85.66666666666667,147.9996246241486,105.22033436186757,0.5788302969296094,0.8141645546577235
6,488,239120,9,-85.66666666666667,85.66666666666667,162.9996591680145,234.3474363464993,0.5255634711380862,0.365554102072627
6,533,285155,9,-85.66666666666667,85.66666666666667,177.9996878898637,235.12333971165208,0.48127425211932073,0.3643477792197304
6,578,335240,9,-85.66666666666667,85.66666666666667,192.9997121471659,119.34734746434697,0.4438694012214082,0.7177927996452386
6,623,389375,9,-85.66666666666667,85.66666666666667,207.9997329058114,172.97422434234613,0.411859503230512,0.49525683374141
6,668,447560,9,-85.66666666666667,85.66666666666667,222.99975087180903,199.01143657398643,0.38415588507052634,0.43046102345388776
6,713,509795,9,-85.66666666666667,85.66666666666667,237.99976657318152,292.45648937512306,0.3599443306190193,0.2929210661377571
6,173,30275,10,-37.4,37.4,55.02272257894914,25.492892454294633,0.6797191823130299,1.467075580656578
6,218,47960,10,0.0,0.0,69.25315877272314,45.03119367258296,0.0,0.0
6,263,69695,10,-37.4,37.4,83.48353131007336,49.38485169689011,0.4479925491063554,0.7573172484054492
6,308,95480,10,0.0,0.0,97.71386800244886,76.82429278227937,0.0,0.0
6,353,125315,10,-37.4,37.4,111.94418251968256,104.55112131189162,0.33409507451112214,0.3577197406465896
6,398,159200,10,0.0,0.0,126.17448236470004,115.98957232253451,0.0,0.0
6,443,197135,10,-37.4,37.4,140.40477199867533,107.02560285256186,0.26637271274763263,0.34944909445193334
6,488,239120,10,0.0,0.0,154.63505424062166,89.97867838764796,0.0,0.0
6,533,285155,10,-37.4,37.4,168.865330959318,166.09340717121086,0.22147826192346243,0.2251745005233572
6,578,335240,10,0.0,0.0,183.09560344257315,100.94976495993615,0.0,0.0
6,623,389375,10,-37.4,37.4,197.32587260671116,89.85756191394466,0.1895341928858041,0.41621427516381376
6,668,447560,10,0.0,0.0,211.5561391215107,140.8146360579558,0.0,0.0
6,713,509795,10,-37.4,37.4,225.78640348789827,190.87320179199742,0.16564327799306378,0.1959415970857782
6,173,30275,15,185.2,185.2,44.92586485904677,48.417276833997676,4.122346905976281,3.8250808824910227
6,218,47960,15,185.2,185.2,56.5449673563734,57.303235268221215,3.275269376897525,3.231929211904494
6,263,69695,15,185.2,185.2,68.16401787844767,68.39582637087733,2.7169759906209574,2.7077675616601278
6,308,95480,15,185.2,185.2,79.78303913322263,110.26179982623944,2.321295378216301,1.6796388258839867
6,353,125315,15,185.2,185.2,91.40204228207011,144.3344243848005,2.0262129310903783,1.2831311780913086
6,398,159200,15,185.2,185.2,103.02103345110325,113.96058014525988,1.7976911490399796,1.6251233519865795
6,443,197135,15,185.2,185.2,114.64001628285533,149.17351571543986,1.6154917454220308,1.2415072414950885
6,488,239120,15,185.2,185.2,126.25899307904105,104.83010671497323,1.466826207651288,1.7666680479830825
6,533,285155,15,185.2,185.2,137.877965365512,193.91281584498938,1.3432168041429833,0.9550683857226112
6,578,335240,15,185.2,185.2,149.49693419375976,112.76068702930934,1.238821391213055,1.6424163853476863
6,623,389375,15,185.2,185.2,161.11590031195968,98.5532443792763,1.14948307176019,1.8791872471216555
6,668,447560,15,185.2,185.2,172.73486426698383,183.8299229607801,1.0721634036412573,1.0074529598726547
6,713,509795,15,185.2,185.2,184.35382646783694,230.6563208295629,1.0045899428743925,0.8029261861713661
6,173,30275,25,139.8,139.8,34.79942528261063,78.31816431879201,4.017307724615167,1.7850265160831376
6,218,47960,25,-142.8,142.8,43.79954337661524,71.72545644729962,3.2603079619373734,1.990924938970901
6,263,69695,25,251.6,251.6,52.79962121076249,123.21650250577886,4.765185700777617,2.041934277335943
6,308,95480,25,0.0,0.0,61.79967637455717,106.74886897696615,0.0,0.0
6,353,125315,25,56.4,56.4,70.79971751356075,171.58182151582787,0.7966133479162163,0.32870615023047345
6,398,159200,25,139.8,139.8,79.79974937304002,216.5170429117661,1.7518852013742139,0.6456766549179714
6,443,197135,25,-142.8,142.8,88.79977477448915,189.97866794187576,1.6081121868005495,0.7516633396107919
6,488,239120,25,251.6,251.6,97.79979550080868,221.92419899029483,2.572602516310165,1.133720437630161
6,533,285155,25,0.0,0.0,106.79981273391822,227.75785452355558,0.0,0.0
6,578,335240,25,56.4,56.4,115.79982728829953,305.76701610170494,0.4870473585386658,0.18445416617873558
6,623,389375,25,139.8,139.8,124.79983974348686,203.0476060858855,1.1201937461405753,0.688508486728315
6,668,447560,25,-142.8,142.8,133.7998505230854,261.4260906483978,1.0672657663048863,0.5462346915941811
6,713,509795,25,251.6,251.6,142.7998599439089,323.5922612800023,1.7619064899561334,0.7775216842478571
6,173,30275,30,160.66666666666666,160.66666666666666,31.76738369250239,46.33783529231732,5.057598328583369,3.4672890015927162
6,218,47960,30,-432.8,432.8,39.9833298596636,59.27251575898754,10.824511152999836,7.301866547386664
6,263,69695,30,160.66666666666666,160.66666666666666,48.19923927477141,71.1684150931178,3.3333859431006267,2.2575557774674064
6,308,95480,30,-432.8,432.8,56.41512799477341,110.26179982623944,7.6717011089666745,3.9252034764718657
6,353,125315,30,160.66666666666666,160.66666666666666,64.63100391195132,144.3344243848005,2.485907025141486,1.113155557667406
6,398,159200,30,-432.8,432.8,72.84687135812126,113.96058014525988,5.941229759509085,3.7978044640377524
6,443,197135,30,160.66666666666666,160.66666666666666,81.06273290894323,149.17351571543986,1.9820040714287481,1.0770455190796124
6,488,239120,30,-432.8,432.8,89.2785901919753,107.6026954372137,4.8477468009894915,4.022204074362982
6,533,285155,30,160.66666666666666,160.66666666666666,97.49444428615749,190.44707994218334,1.6479571512310114,0.8436289320657606
6,578,335240,30,-432.8,432.8,105.71029593500657,112.76068702930934,4.094208574215862,3.838217125153773
6,623,389375,30,160.66666666666666,160.66666666666666,113.92614566756248,102.01898028207506,1.4102703617788794,1.5748703449341976
6,668,447560,30,-432.8,432.8,122.14199387052213,186.6025116830133,3.543416856767494,2.319368566352467
6,713,509795,30,160.66666666666666,160.66666666666666,130.35784083309554,230.6563208295629,1.2325048162801133,0.6965630340795509
7,714,511224,2,0.0,0.0,505.5808540678731,7.491513459128328,0.0,0.0
7,914,837224,2,0.0,0.0,647.0023183884274,175.34289910958614,0.0,0.0
7,1114,1243224,2,0.0,0.0,788.423743934694,220.66916470928118,0.0,0.0
7,1314,1729224,2,0.0,0.0,929.8451483983771,275.38641315163113,0.0,0.0
7,1514,2295224,2,0.0,0.0,1071.2665401290194,204.92858467064798,0.0,0.0
7,1714,2941224,2,0.0,0.0,1212.687923581331,53.29294345434755,0.0,0.0
7,1914,3667224,2,0.0,0.0,1354.1093013490454,610.1682991310954,0.0,0.0
7,2114,4473224,2,0.0,0.0,1495.530675044815,21.721797239035368,0.0,0.0
7,2314,5359224,2,0.0,0.0,1636.9520457240035,634.4773651566356,0.0,0.0
7,2514,6325224,2,0.0,0.0,1778.3734141062725,307.40454753674567,0.0,0.0
7,2714,7371224,2,0.0,0.0,1919.7947806992288,519.7375873895362,0.0,0.0
7,2914,8497224,2,0.0,0.0,2061.21614587117,507.86792167276144,0.0,0.0
7,3113,9696995,2,112.5,112.5,2201.930403078172,429.5111096277833,0.0510915330669541,0.26192570454695135
7,714,511224,3,0.0,0.0,412.805038728938,56.05071321944706,0.0,0.0
7,914,837224,3,-388.0,388.0,528.275180816463,105.76890621701023,0.734465699108438,3.668374892748963
7,1114,1243224,3,0.0,0.0,643.7452912449147,110.8512969595613,0.0,0.0
7,1314,1729224,3,0.0,0.0,759.215384459509,420.35869979613926,0.0,0.0
7,1514,2295224,3,-388.0,388.0,874.685467277619,252.5555235124193,0.44358802622800586,1.5362958394411053
7,1714,2941224,3,0.0,0.0,990.1555433365003,170.2791966085788,0.0,0.0
7,1914,3667224,3,0.0,0.0,1105.6256147539275,595.2518211819697,0.0,0.0
7,2114,4473224,3,-388.0,388.0,1221.0956828466256,215.30870255129412,0.317747417708899,1.8020637131820751
7,2314,5359224,3,0.0,0.0,1336.5657484762955,824.7635640236549,0.0,0.0
7,2514,6325224,3,0.0,0.0,1452.0358122305386,620.901861385908,0.0,0.0
7,2714,7371224,3,-388.0,388.0,1567.5058745238139,743.9509785128757,0.2475269830282894,0.5215397401258809
7,2914,8497224,3,0.0,0.0,1682.9759356568352,870.4435478877276,0.0,0.0
7,3113,9696995,3,-388.0,388.0,1797.868645554137,334.11867645941675,0.21581109440863022,1.1612640278345168
7,714,511224,4,-219.5,219.5,357.49965034947934,100.41139628458768,0.6139866144915789,2.186006849042208
7,914,837224,4,-219.5,219.5,457.4997267758747,219.79072744352743,0.4797817072960378,0.998677253372292
7,1114,1243224,4,-219.5,219.5,557.4997757847083,123.14511857251637,0.3937221314412961,1.7824498652030873
7,1314,1729224,4,-219.5,219.5,657.499809885904,423.8010644778842,0.3338404007114312,0.5179316863453854
7,1514,2295224,4,-219.5,219.5,757.4998349834804,365.16432010475546,0.2897690400220178,0.6010992528980694
7,1714,2941224,4,-219.5,219.5,857.4998542273928,612.775309179211,0.25597671990016774,0.35820633878674357
7,1914,3667224,4,-219.5,219.5,957.4998694516883,365.46450837305747,0.22924285109897358,0.6006055170094373
7,2114,4473224,4,-219.5,219.5,1057.4998817966837,497.31929115066305,0.20756503502115886,0.44136634935704194
7,2314,5359224,4,-219.5,219.5,1157.4998920086343,1130.7308993069455,0.1896328470658403,0.19412222672480012
7,2514,6325224,4,-219.5,219.5,1257.4999005964175,532.0327813751064,0.1745526976947622,0.4125685628480905
7,2714,7371224,4,-219.5,219.5,1357.4999079189656,466.01728522591293,0.16169430194399895,0.4710125717624233
7,2914,8497224,4,-219.5,219.5,1457.4999142367042,1161.7717897193506,0.15060035191491083,0.1889355568299904
7,3113,9696995,4,-200.0,200.0,1556.9999197174031,372.9052553316578,0.12845215819683548,0.5363292609596564
7,714,511224,5,-72.4,72.4,319.7574080455369,217.549477921566,0.22642165022081195,0.3327978567988229
7,914,837224,5,-72.4,72.4,409.2001955033746,120.61771435511764,0.17693051175339172,0.6002435080708207
7,1114,1243224,5,-72.4,72.4,498.6429584381995,463.2912782941712,0.14519406877170024,0.1562731771393912
7,1314,1729224,5,-72.4,72.4,588.0857080392279,469.1778187183081,0.12311130675389684,0.15431249541545053
7,1514,2295224,5,-72.4,72.4,677.5284495871741,352.16285913961474,0.1068589814112074,0.20558669979248742
7,1714,2941224,5,-72.4,72.4,766.9711858994443,430.12651973974425,0.09439728810032792,0.1683225671456085
7,1914,3667224,5,-72.4,72.4,856.4139186164597,545.504412014503,0.08453856064946084,0.13272119969228616
7,2114,4473224,5,-72.4,72.4,945.8566487581509,1046.90106532746,0.07654436863668143,0.06915648708156967
7,2314,5359224,5,-72.4,72.4,1035.2993769919888,507.34067890117876,0.06993146292655428,0.14270489832750485
7,2514,6325224,5,-72.4,72.4,1124.7421037731272,1113.9667107299902,0.0643703118760493,0.06499296550123637
7,2714,7371224,5,-72.4,72.4,1214.184829422605,581.1129917690996,0.059628483444673905,0.12458850692632173
7,2914,8497224,5,-72.4,72.4,1303.6275541733537,298.4807259258814,0.055537334853212536,0.24256172580462812
7,3113,9696995,5,0.0,0.0,1392.6230645799315,514.5913286367431,0.0,0.0
7,714,511224,6,0.0,0.0,291.89724219320743,54.40561031442485,0.0,0.0
7,914,837224,6,-25.0,25.0,373.5469626878705,98.83743441133993,0.06692598922532152,0.25294060037976535
7,1114,1243224,6,0.0,0.0,455.19666079618816,117.7827687652316,0.0,0.0
7,1314,1729224,6,0.0,0.0,536.8463467324706,427.29017160180956,0.0,0.0
7,1514,2295224,6,-25.0,25.0,618.4960253173284,245.62405170709826,0.04042063162357977,0.1017815634350499
7,1714,2941224,6,0.0,0.0,700.1456991226897,163.34772480325773,0.0,0.0
7,1914,3667224,6,0.0,0.0,781.7953696460474,602.1832929872908,0.0,0.0
7,2114,4473224,6,-25.0,25.0,863.4450378184667,222.93332153791562,0.028953782701865587,0.1121411542587549
7,2314,5359224,6,0.0,0.0,945.094704249262,817.1389450374991,0.0,0.0
7,2514,6325224,6,0.0,0.0,1026.7443693539303,613.2772423992865,0.0,0.0
7,2714,7371224,6,-25.0,25.0,1108.3940334255383,736.3263595262542,0.022555155699220477,0.03395233604849455
7,2914,8497224,6,0.0,0.0,1190.043696676723,878.0681668734178,0.0,0.0
7,3113,9696995,6,171.0,171.0,1271.2851109540036,326.49405747372657,0.1345095592849958,0.523746132848867
7,714,511224,9,700.0,700.0,238.33310023298623,277.7217018937954,2.93706580964081,2.520508823137234
7,914,837224,9,945.0,945.0,304.99981785058316,156.91604993783403,3.098362506114504,6.022328502242976
7,1114,1243224,9,782.0,782.0,371.6665171898055,546.6985304903064,2.1040367206407304,1.4304044302051873
7,1314,1729224,9,782.0,782.0,438.33320659060274,291.50141790759517,1.7840309340979894,2.6826627658047655
7,1514,2295224,9,945.0,945.0,504.9998899889869,909.5001576919458,1.8712875363608665,1.0390322552534161
7,1714,2941224,9,700.0,700.0,571.6665694849286,665.2572465974372,1.2244900040782511,1.0522245395751193
7,1914,3667224,9,0.0,0.0,638.3332463011254,870.9282114374219,0.0,0.0
7,2114,4473224,9,945.0,945.0,704.9999211977891,811.6325669229263,1.3404256817425635,1.164319962643562
7,2314,5359224,9,0.0,0.0,771.6665946724229,1119.3123255303362,0.0,0.0
7,2514,6325224,9,700.0,700.0,838.3332670642783,660.7298850868829,0.8349901256469263,1.0594344463592007
7,2714,7371224,9,945.0,945.0,904.9999386126437,424.39012065762654,1.0441989658570319,2.2267247845818057
7,2914,8497224,9,782.0,782.0,971.6666094911361,936.525937960716,0.8048027917821886,0.8350008988569009
7,3113,9696995,9,945.0,945.0,1037.9999464782688,769.2683142689057,0.9104046712200714,1.2284400416233257
7,714,511224,10,-204.0,204.0,226.10263156363308,214.7768891993328,0.9022451379235158,0.9498228639053858
7,914,837224,10,-204.0,204.0,289.34823310329716,117.1519784523116,0.7050328174189061,1.7413278264271153
7,1114,1243224,10,-204.0,204.0,352.5938173025727,459.82554239139426,0.5785694189440103,0.4436465163267492
7,1314,1729224,10,-204.0,204.0,415.8393920734302,465.7120828155312,0.49057401460412164,0.4380388818058743
7,1514,2295224,10,-204.0,204.0,479.08496114989873,348.6971232368378,0.42581173808996137,0.5850349383623725
7,1714,2941224,10,-204.0,204.0,542.3305265241853,425.96763665636536,0.37615437454248224,0.47890962233961903
7,1914,3667224,10,-204.0,204.0,605.5760893562427,549.6632950978819,0.3368693110338324,0.3711362971101653
7,2114,4473224,10,-204.0,204.0,668.821650367271,1050.366801230237,0.30501404954217193,0.19421786728318718
7,2314,5359224,10,-204.0,204.0,732.0672100292431,510.8064148039557,0.2786629386007482,0.3993685163063074
7,2514,6325224,10,-204.0,204.0,795.3127686640017,1109.8078276463784,0.25650286030574787,0.18381560745758332
7,2714,7371224,10,-204.0,204.0,858.5583264985554,577.6472558663227,0.23760761931221366,0.3531567023443266
7,2914,8497224,10,-204.0,204.0,921.8038836976117,302.63960900949314,0.22130520776469206,0.674069070693258
7,3113,9696995,10,-127.0,127.0,984.7332126012609,518.7502117203549,0.12896894140953988,0.24481917718900614
7,714,511224,15,-679.6666666666666,679.6666666666666,184.61202561046775,249.1773576320993,3.6815947629585435,2.727642162696693
7,914,837224,15,73.93333333333334,73.93333333333334,236.2518430263208,202.54373269964708,0.3129428849581352,0.3650240486234614
7,1114,1243224,15,-679.6666666666666,679.6666666666666,287.89164628380587,393.8520545400679,2.3608419189650465,1.725690291143376
7,1314,1729224,15,-679.6666666666666,679.6666666666666,339.5314418430199,460.86499111773446,2.0017782829694637,1.474763064597884
7,1514,2295224,15,73.93333333333334,73.93333333333334,391.17123275278476,528.4757096159155,0.1890050370346591,0.13989920820971402
7,1714,2941224,15,-679.6666666666666,679.6666666666666,442.8110206397307,629.7348282927996,1.5348910370043403,1.079290260170668
7,1914,3667224,15,-679.6666666666666,679.6666666666666,494.45080645095527,687.8109852702473,1.3745890547639,0.9881590745451954
7,2114,4473224,15,73.93333333333334,73.93333333333334,546.0905907753157,930.615710619837,0.13538657245195526,0.07944561056689017
7,2314,5359224,15,-679.6666666666666,679.6666666666666,597.7303739981766,723.2485771856736,1.1370790179532353,0.9397414500439195
7,2514,6325224,15,-679.6666666666666,679.6666666666666,649.3701563823209,1106.477221528883,1.0466552242762885,0.6142617791331775
7,2714,7371224,15,73.93333333333334,73.93333333333334,701.0099381131007,568.6299531029072,0.10546688329745899,0.13002011752967457
7,2914,8497224,15,-679.6666666666666,679.6666666666666,752.6497193249992,937.7438659353647,0.9030318476385188,0.7247892429439934
7,3113,9696995,15,-275.4,275.4,804.031301214905,1027.6053053562064,0.34252397833749243,0.2680017303964152
7,714,511224,25,-2765.2,2765.2,142.99986013979174,331.00135427498026,19.33708184956849,8.354044369567148
7,914,837224,25,-2765.2,2765.2,182.9998907103499,358.56765052441915,15.110391537756307,7.711794401853561
7,1114,1243224,25,-2765.2,2765.2,222.9999103138833,430.54633326048497,12.400004987032709,6.422537567697796
7,1314,1729224,25,-2765.2,2765.2,262.99992395436163,693.1893089428486,10.514071481175959,3.9890978760435303
7,1514,2295224,25,-2765.2,2765.2,302.9999339933922,723.007141284208,9.12607459531758,3.824581863864361
7,1714,2941224,25,-2765.2,2765.2,342.99994169095714,916.0795716927678,8.061808950659952,3.0185150782157
7,1914,3667224,25,-2765.2,2765.2,382.99994778067526,572.482383228431,7.2198443264109535,4.830192301125595
7,2114,4473224,25,-2765.2,2765.2,422.99995271867346,1256.7209287269507,6.537116569937454,2.2003293943716904
7,2314,5359224,25,-2765.2,2765.2,462.9999568034537,951.9612363124616,5.972354768866305,2.9047401244102553
7,2514,6325224,25,-2765.2,2765.2,502.999960238567,870.6402020023088,5.497415941521144,3.1760536598707017
7,2714,7371224,25,-2765.2,2765.2,542.9999631675862,1494.832715518598,5.092449700860432,1.849839096571202
7,2914,8497224,25,-2765.2,2765.2,582.9999656946817,1917.0239904327318,4.74305345233612,1.4424441289207905
7,3113,9696995,25,-2212.2,2212.2,622.7999678869612,1733.5300739120576,3.5520233045379928,1.2761243853172548
7,714,511224,30,-804.5,804.5,130.5404151977463,249.1773576320993,6.162842356379215,3.228624011607881
7,914,837224,30,396.5,396.5,167.05528027173122,199.0779967968556,2.373465833316105,1.9916816844635974
7,1114,1243224,30,-804.5,804.5,203.57013533423807,393.8520545400679,3.9519549303197454,2.042645177868827
7,1314,1729224,30,-804.5,804.5,240.08498495324525,464.3307270205405,3.3508967674786923,1.7326012542013216
7,1514,2295224,30,396.5,396.5,276.59983128459544,528.4757096159155,1.4334788208603009,0.7502710016476772
7,1714,2941224,30,-804.5,804.5,313.11467547848986,629.7348282927996,2.5693461948744303,1.2775218454742066
7,1914,3667224,30,-804.5,804.5,349.6295182046276,691.2767211730243,2.3010070892502577,1.1637886469471266
7,2114,4473224,30,396.5,396.5,386.1443598793937,930.615710619837,1.0268180535482656,0.42606200978050435
7,2314,5359224,30,-804.5,804.5,422.6592007752818,723.2485771856736,1.9034247888708193,1.1123423196081412
7,2514,6325224,30,-804.5,804.5,459.17404107810796,1106.477221528883,1.7520589755272125,0.7270822971740676
7,2714,7371224,30,396.5,396.5,495.6888809189356,565.1642172001302,0.7998969015906636,0.7015660014080393
7,2914,8497224,30,-804.5,804.5,532.2037203928586,937.7438659353647,1.5116391884786893,0.8579101705960412
7,3113,9696995,30,592.6333333333333,592.6333333333333,568.535985375303,1027.6053053562064,1.042384912438081,0.5767129950033729
