n,X,dmax,E,B0,B1,B2,B3,B4,B5,B6,B7,B8,B9,B10,B11,B12,B13,B14,B15
14329,205348899,13746,-417.185427,-328.128,8.44316,-71.1033,435.458,-183.085,193.124,-80.0389,-44.3333,111.333,-243.567,-78.0193,-60.7845,-50.2962,-26.1884,0,0
14330,205377560,13748,-609.924524,-337.677,-10.6881,-115.732,428.063,-200.875,187.441,-57.9106,-67.584,95.8556,-282.015,-75.4097,-78.3157,-37.9071,-57.1698,0,0
14331,205406223,13750,-536.589862,-283.325,-12.6531,-156.301,442.608,-199.796,197.011,-54.7852,-71.0425,118.938,-255.777,-129.151,-60.1268,-4.96394,-67.2271,0,0
14332,205434888,13752,-624.654769,-335.965,-15.7316,-160.994,474.326,-176.783,146.579,-96.5889,-51.7913,120.995,-298.096,-131.779,-66.2109,21.729,-54.3453,0,0
14333,205463555,13754,-699.377759,-334.703,-18.7548,-179.514,442.925,-203.58,211.949,-109.532,-53.043,118.004,-294.032,-138.519,-79.366,3.23106,-64.443,0,0
14334,205492224,13756,-683.973814,-316.433,-23.7807,-181.155,404.64,-181.631,209.257,-106.128,-67.3665,109.38,-303.189,-136.464,-67.5451,43.1951,-66.7546,0,0
14335,205520895,13758,-817.160913,-355.263,9.24884,-224.623,409.237,-217.112,198.703,-84.0698,-28.2492,85.9217,-321.325,-124.368,-110.79,15.9749,-70.4473,0,0
14336,205549568,13760,-719.821135,-345.083,53.1648,-289.213,473.005,-237.17,215.392,-83.9464,4.27698,86.7472,-305.675,-122.969,-93.7255,0.255007,-74.8803,0,0
14337,205578243,13762,-394.359867,-329.003,40.247,-265.746,521.655,-180.096,216.764,-66.6837,12.2436,100.596,-259.998,-96.1867,-109.008,55.9115,-35.0552,0,0
14338,205606920,13764,-434.641577,-326.914,66.2156,-265.227,483.361,-170.899,183.136,-55.217,13.5653,96.5972,-263.03,-114.92,-91.5222,83.9969,-73.7835,0,0
14339,205635599,13765,-425.100607,-330.924,78.2396,-230.65,486.128,-144.704,195.438,-79.1595,2.17654,70.2852,-242.839,-104.479,-65.0436,38.7566,-98.3241,0,0
14340,205664280,13767,-568.613607,-364.925,69.2609,-255.197,484.827,-94.4465,124.006,-92.1756,-31.1484,76.2829,-247.243,-79.7652,-75.3921,11.8411,-94.5383,0,0
14341,205692963,13769,-348.585373,-381.026,67.3376,-205.627,469.526,-99.385,162.5,-60.0467,-22.6832,132.042,-246.246,-96.1576,-53.5761,64.7482,-79.9922,0,0
14342,205721648,13771,-411.875436,-357.118,84.3008,-232.122,475.402,-150.068,200.001,-69.9261,-88.2957,98.652,-235.804,-95.7925,-30.3503,25.3522,-36.1078,0,0
14343,205750335,13773,-384.667128,-366.309,42.4302,-167.385,446.98,-92.8116,214.109,-71.5274,-47.4679,65.1766,-208.445,-108.372,-28.6702,-7.6526,-54.7218,0,0
14344,205779024,13775,-411.017515,-358.491,19.446,-128.944,409.909,-128.689,226.798,-64.3386,-41.9336,74.1035,-175.257,-141.926,-21.554,7.36682,-87.5063,0,0
14345,205807715,13777,-401.432146,-362.773,36.5172,-152.215,425.599,-141.569,253.356,-45.2139,-68.4026,83.167,-149.7,-190.05,-40.8136,22.8869,-72.22,0,0
14346,205836408,13779,-503.865270,-397.046,26.5857,-168.665,458.466,-154.067,249.657,-88.9548,-70.0799,95.2422,-159.625,-204.936,-47.4604,54.6953,-97.6769,0,0
14347,205865103,13781,-548.968576,-360.418,13.7096,-193.942,481.214,-176.133,261.346,-95.838,-62.334,67.6189,-183.356,-247.157,-32.525,62.4122,-83.567,0,0
14348,205893800,13783,-434.159000,-370.781,11.7199,-176.284,497.074,-206.891,265.775,-54.7875,-53.369,65.6977,-163.473,-215.206,-43.903,40.0264,-29.7565,0,0
14349,205922499,13785,-476.037391,-379.244,15.8965,-169.683,486.995,-226.649,302.134,-67.5255,-71.975,74.2996,-173.277,-215.696,-45.7084,41.6176,-47.2215,0,0
14350,205951200,13787,-498.179563,-360.698,23.9595,-169.916,493.731,-287.468,358.823,-113.546,-73.5161,73.5878,-168.585,-244.298,-77.2151,54.6728,-7.71211,0,0
14351,205979903,13788,-443.813436,-349.251,16.0779,-180.148,518.53,-302.971,368.187,-122.148,-63.3346,90.0368,-165.068,-216.53,-65.8861,93.723,-65.0327,0,0
14352,206008608,13790,-455.184428,-342.795,4.19356,-131.503,477.56,-307.927,354.607,-117.825,-58.0973,118.74,-144.312,-216.091,-85.2694,37.9292,-44.3945,0,0
14353,206037315,13792,-598.648520,-360.439,43.3646,-144.685,437.351,-318.562,338.095,-112.709,-59.9884,143.112,-168.244,-209.471,-155.708,47.5257,-78.2899,0,0
14354,206066024,13794,-690.829171,-370.073,65.4222,-144.989,390.32,-319.386,285.782,-102.453,-48.5268,118.716,-151.965,-240.644,-188.656,52.0354,-36.413,0,0
14355,206094735,13796,-743.306574,-358.807,58.6459,-153.061,352.168,-321.085,290.011,-106.405,-38.2771,87.2493,-150.368,-278.078,-122.903,60.5556,-62.9521,0,0
14356,206123448,13798,-768.265340,-406.532,73.7561,-190.43,357.128,-286.663,277.63,-97.0128,-46.1035,55.6259,-169.962,-247.112,-148.573,79.2066,-19.2231,0,0
14357,206152163,13800,-770.513368,-401.357,35.9217,-135.509,294.971,-233.622,252.438,-101.827,-50.5005,75.3082,-129.449,-232.027,-160.174,28.3613,-13.0476,0,0
14358,206180880,13802,-878.460944,-440.173,32.0845,-130.711,277.928,-236.075,262.666,-92.7151,-28.4714,38.1527,-105.157,-278.557,-125.544,6.79766,-58.6866,0,0
14359,206209599,13804,-812.259436,-420.088,30.3028,-143.796,312.888,-233.842,271.219,-61.527,-44.4339,56.4478,-101.22,-258.215,-130.22,-24.5728,-65.2033,0,0
14360,206238320,13806,-656.372893,-383.994,46.4075,-174.948,338.899,-201.616,270.767,-48.4131,-58.1162,80.8042,-89.9482,-228.266,-85.6248,-10.9544,-111.371,0,0
14361,206267043,13808,-377.077066,-336.999,80.6784,-174.098,368.791,-202.328,323.314,-49.0248,-23.5149,103.108,-73.3548,-208.145,-91.3655,41.3382,-135.477,0,0
14362,206295768,13810,-390.736406,-348.996,98.8358,-154.197,356.86,-217.848,334.666,-65.8398,-34.6954,74.3333,-84.149,-201.716,-75.3447,51.1988,-123.845,0,0
14363,206324495,13812,-470.686205,-348.092,92.0485,-185.181,380.87,-273.687,370.346,-104.795,-50.172,106.949,-107.582,-220.831,-80.3596,25.8472,-76.0477,0,0
14364,206353224,13813,-359.152820,-347.179,98.2586,-155.345,354.871,-248.464,374.957,-100.41,-29.7758,96.7595,-88.3885,-216.721,-63.1604,4.30251,-38.8581,0,0
14365,206381955,13815,-425.522898,-323.365,79.524,-123.336,322.814,-280.993,413.37,-108.297,-57.105,90.9913,-123.398,-199.938,-55.3312,-13.3192,-47.1394,0,0
14366,206410688,13817,-477.481185,-316.542,106.676,-192.391,305.993,-251.773,415.111,-118.904,-54.5075,85.6146,-153.472,-185.346,-99.5372,36.3367,-54.7398,0,0
14367,206439423,13819,-470.865946,-321.819,132.994,-158.329,258.873,-204.171,391.271,-100.658,-105.896,70.2126,-152.949,-196.572,-111.758,82.6679,-54.7319,0,0
14368,206468160,13821,-514.077271,-292.087,140.199,-148.392,237.986,-196.084,379.133,-111.478,-119.149,56.8823,-155.223,-154.298,-126.186,84.2831,-109.663,0,0
14369,206496899,13823,-396.243211,-264.454,152.459,-100.338,207.099,-187.679,396.612,-138.233,-93.9133,23.1892,-177.465,-145.484,-86.0008,109.401,-91.4355,0,0
14370,206525640,13825,-466.966074,-302.813,112.716,-86.3495,248.149,-207.274,402.288,-145.188,-119.384,22.2618,-165.904,-173.411,-82.6598,131.881,-101.277,0,0
14371,206554383,13827,-505.522025,-289.271,98.0283,-41.1853,202.199,-193.933,392.698,-157.943,-127.57,15.2317,-137.116,-172.615,-108.202,140.534,-126.379,0,0
14372,206583128,13829,-431.653400,-301.719,106.227,-85.2036,256.422,-170.344,402.982,-183.557,-117.11,25.6149,-135.913,-117.097,-131.923,140.386,-120.418,0,0
14373,206611875,13831,-585.274221,-371.268,81.5927,-53.048,209.405,-145.074,378.04,-200.583,-88.2942,33.6856,-148.428,-164.396,-130.005,127.628,-114.531,0,0
14374,206640624,13833,-701.584321,-357.807,77.8444,-81.0136,242.625,-165.737,360.322,-188.061,-106.904,20.4423,-166.441,-179.776,-127.052,130.324,-160.351,0,0
14375,206669375,13835,-893.668710,-332.446,50.1515,-82.7487,186.727,-174.086,377.732,-245.092,-120.161,-33.7176,-190.298,-166.512,-121.988,152.116,-193.345,0,0
14376,206698128,13837,-1002.597892,-372.075,32.4559,-99.7218,206.879,-197.945,391.594,-211.779,-138.848,-31.5134,-185.249,-149.912,-105.688,73.4985,-214.294,0,0
14377,206726883,13838,-817.621473,-345.805,69.8157,-40.5796,177.034,-189.488,377.196,-206.396,-134.887,7.10899,-213.569,-169.698,-63.4484,119.024,-203.929,0,0
14378,206755640,13840,-773.970957,-347.525,43.062,-20.3283,206.245,-192.094,389.604,-210.289,-108.074,18.1511,-212.404,-152.841,-144.213,131.689,-174.953,0,0
14379,206784399,13842,-593.804023,-309.344,54.4744,-42.1334,256.396,-161.641,357.203,-203.909,-86.051,17.7615,-165.209,-163.226,-123.406,150.033,-174.752,0,0
14380,206813160,13844,-372.880123,-299.155,77.7733,-8.94766,262.6,-130.19,385.737,-204.657,-52.1653,0.608109,-135.145,-153.946,-132.216,170.227,-153.404,0,0
14381,206841923,13846,-386.092454,-310.065,86.1276,-29.7025,317.805,-164.802,374.401,-224.349,-41.8521,22.5019,-136.472,-174.731,-104.982,111.117,-111.089,0,0
14382,206870688,13848,-354.545903,-331.966,62.4792,-1.52228,342.065,-186.415,367.998,-189.178,-71.0361,54.5688,-138.391,-127.867,-112.187,119.356,-142.451,0,0
14383,206899455,13850,-425.480823,-357.967,80.8862,-28.1104,365.207,-197.837,358.541,-189.864,-65.7936,52.9487,-187.87,-112.265,-114.702,97.3674,-126.023,0,0
14384,206928224,13852,-375.832009,-360.958,52.1796,4.00486,374.522,-178.394,357.325,-185.623,-45.2661,25.3228,-148.879,-122.565,-98.2947,45.245,-94.4521,0,0
14385,206956995,13854,-272.375403,-308.049,60.6392,-9.59074,356.716,-195.072,381.726,-152.314,-55.0971,39.1545,-145.87,-109.125,-150.704,94.2514,-79.0412,0,0
14386,206985768,13856,-216.963763,-313.131,65.9853,-15.3657,350.148,-200.627,398.391,-129.005,-29.6467,69.1297,-161.965,-127.578,-166.803,140.707,-97.2031,0,0
14387,207014543,13858,-224.546739,-340.313,67.3868,-48.9091,379.221,-179.996,414.922,-157.97,-44.1162,84.1853,-181.093,-142.49,-117.145,165.195,-123.426,0,0
14388,207043320,13860,-115.410826,-327.485,39.7855,-32.6346,358.645,-156.552,466.519,-144.521,-9.66306,85.8099,-187.02,-118.677,-161.195,179.694,-108.118,0,0
14389,207072099,13862,-48.789500,-348.757,49.2397,-24.3006,378.951,-160.177,446.434,-146.489,-15.9855,44.4789,-167.376,-46.9249,-100.874,149.451,-106.459,0,0
14390,207100880,13864,119.386794,-341.02,94.5803,17.1413,341.132,-142.55,434.836,-109.838,15.1732,42.4626,-183.341,-56.4867,-75.668,195.353,-112.388,0,0
14391,207129663,13865,183.150157,-333.382,97.0871,53.5269,288.556,-118.919,466.495,-102.08,-21.7948,38.7514,-222.922,-11.7859,-46.4932,240.87,-144.759,0,0
14392,207158448,13867,-21.541814,-351.736,88.4803,22.9043,321.91,-188.551,480.149,-69.7707,-33.2708,8.65542,-228.553,-22.4051,-89.178,240.087,-200.264,0,0
14393,207187235,13869,-94.519220,-334.188,84.929,-6.60291,339.207,-219.054,479.002,-69.3998,-37.7402,-19.6618,-188.46,-40.3351,-104.737,241.165,-218.643,0,0
14394,207216024,13871,-220.642875,-338.632,98.3749,-12.2309,285.68,-200.554,476.397,-94.2969,-40.4349,1.32051,-238.394,-29.458,-140.648,229.127,-216.894,0,0
14395,207244815,13873,-78.774813,-311.175,117.876,-77.6284,331.852,-162.06,451.048,-104.856,-41.6235,43.4539,-224.092,-29.5825,-81.2631,255.046,-245.771,0,0
14396,207273608,13875,40.158598,-269.71,129.264,-77.2644,390.438,-154.443,430.638,-98.7557,-28.6691,43.6028,-218.122,-43.7373,-101.739,246.059,-207.404,0,0
14397,207302403,13877,41.068604,-293.343,124.818,-113.726,404.725,-166.076,435.421,-107.383,15.6373,9.20466,-220.972,-22.1181,-65.1014,230.013,-190.03,0,0
14398,207331200,13879,243.880786,-240.968,168.258,-112.254,358.067,-139.46,435.074,-114.803,81.3806,23.4222,-193.968,2.38432,-102.34,240.352,-161.264,0,0
14399,207359999,13881,154.971921,-268.692,177.754,-135.605,356.652,-158.716,462.341,-129.77,55.1975,26.1694,-164.836,-11.6474,-102.889,214.986,-165.972,0,0
14400,207388800,13883,97.272957,-290.407,164.247,-142.14,360.987,-186.358,512.246,-121.334,46.5066,-0.0102339,-241.95,7.88151,-103.708,296.551,-205.237,0,0
14401,207417603,13885,50.332879,-289.222,132.796,-91.5575,324.384,-157.806,468.959,-107.234,21.0911,-65.4133,-237.913,52.4128,-89.354,284.378,-195.187,0,0
14402,207446408,13887,244.355809,-223.028,159.231,-75.982,313.018,-114.258,445.677,-81.7272,29.5457,-76.1093,-178.677,43.9996,-77.4076,284.266,-204.193,0,0
14403,207475215,13889,150.702939,-245.933,153.832,-25.2907,290.292,-153.647,437.329,-100.56,23.4341,-60.3554,-193.05,47.8896,-81.2248,248.543,-190.555,0,0
14404,207504024,13891,211.632351,-218.829,165.319,-51.7796,279.919,-116.975,403.718,-49.2585,37.1009,-72.6815,-183.696,15.146,-98.2167,296.708,-194.842,0,0
14405,207532835,13892,173.295221,-227.824,162.862,-72.0963,295.366,-140.559,446.686,-82.9552,61.7647,-98.1682,-161.927,13.3402,-118.681,304.838,-209.351,0,0
14406,207561648,13894,100.487343,-234.81,169.403,-44.4755,277.809,-182.826,443.334,-88.5855,57.2172,-100.939,-192.768,7.206,-73.7194,273.46,-209.817,0,0
14407,207590463,13896,47.586235,-234.896,162.998,-50.7394,261.315,-184.219,442.921,-93.3547,35.9553,-82.0365,-174.11,47.9472,-114.196,254.543,-224.541,0,0
14408,207619280,13898,23.017690,-223.973,162.48,-68.0696,292.871,-256.619,476.366,-83.8474,52.1192,-89.2079,-156.505,28.9068,-121.901,212.608,-202.21,0,0
14409,207648099,13900,187.981434,-212.15,152.129,-50.398,309.369,-247.021,473.337,-67.6859,58.8573,-94.3076,-127.906,31.4502,-112.628,255.896,-180.961,0,0
14410,207676920,13902,248.722976,-171.317,156.663,-120.677,357.984,-191.291,413.724,-66.181,19.7439,-94.7863,-128.159,74.5516,-96.6553,278.318,-183.195,0,0
14411,207705743,13904,344.694153,-143.584,207.254,-126.838,345.479,-157.818,429.625,-74.1565,3.18751,-70.9521,-87.7578,34.8026,-58.9534,257.393,-212.987,0,0
14412,207734568,13906,236.304825,-179.841,196.841,-125.239,337.146,-144.286,424.331,-73.7867,-29.2183,-71.2837,-123.72,36.116,-83.9101,250.503,-177.348,0,0
14413,207763395,13908,369.767974,-182.199,213.484,-130.351,381.634,-158.502,442.973,-36.2872,-32.6981,-46.142,-124.796,52.0284,-71.1611,278.594,-216.81,0,0
14414,207792224,13910,414.089356,-150.547,212.013,-117.641,366.359,-167.972,470.874,-36.192,-43.8873,-59.8623,-135.469,133.691,-86.4965,238.758,-209.54,0,0
14415,207821055,13912,435.770521,-182.994,240.709,-98.7014,335.845,-183.058,488.258,-55.6866,-27.7219,-80.8755,-103.975,111.024,-103.928,277.69,-180.814,0,0
14416,207849888,13914,398.691543,-186.433,231.291,-81.9997,336.502,-177.661,510.286,-96.531,-1.91639,-98.5005,-92.2278,68.7465,-96.9336,266.182,-182.113,0,0
14417,207878723,13916,439.815728,-174.971,219.928,-35.1246,313.102,-170.945,493.794,-87.3711,16.8884,-80.9946,-81.7199,90.0867,-96.9206,256.871,-222.807,0,0
14418,207907560,13918,300.262721,-181.5,228.562,-87.2563,307.757,-204.227,492.563,-78.0055,24.1235,-34.4041,-111.315,92.5213,-136.459,213.107,-225.203,0,0
14419,207936399,13919,332.274385,-205.129,217.252,-32.3867,303.473,-204.576,463.201,-72.6412,19.8598,20.1265,-103.443,82.1465,-145.464,224.172,-234.318,0,0
14420,207965240,13921,172.480499,-214.748,197.829,-54.4681,318.061,-213.862,432.905,-70.4162,-19.1852,13.5612,-117.695,40.406,-158.848,234.091,-215.15,0,0
14421,207994083,13923,83.218775,-235.467,211.571,-109.606,348.71,-229.219,434.734,-96.8487,-21.8822,-19.2221,-157.902,76.0949,-109.531,222.536,-230.749,0,0
14422,208022928,13925,106.133788,-235.177,174.201,-91.6929,325.475,-202.382,426.174,-76.693,8.20626,-7.40706,-166.022,108.877,-101.165,192.462,-248.723,0,0
14423,208051775,13927,-183.797781,-320.987,173.885,-91.6064,337.063,-239.67,404.074,-133.258,-6.26715,-41.2629,-184.147,129.082,-124.193,182.194,-268.704,0,0
14424,208080624,13929,-265.247415,-334.787,171.567,-121.816,368.881,-238.155,384.899,-151.893,14.181,-49.8996,-235.186,123.175,-118.055,203.45,-281.608,0,0
14425,208109475,13931,-234.496159,-333.687,150.304,-105.737,363.581,-214.515,363.661,-128.673,19.9073,-40.075,-240.513,101.108,-116.431,232.897,-286.325,0,0
14426,208138328,13933,-294.536016,-342.578,163.928,-120.837,374.397,-178.62,310.298,-131.517,-0.644319,-24.0227,-248.973,92.9797,-138.955,273.717,-323.709,0,0
14427,208167183,13935,-161.807190,-317.568,143.717,-104.705,377.035,-194.98,327.122,-65.1613,45.385,1.65131,-255.251,108.114,-158.036,196.65,-265.78,0,0
14428,208196040,13937,-166.606852,-292.549,150.394,-134.756,380.844,-211.342,308.881,-61.7292,16.9058,10.4754,-243.646,112.034,-155.991,249.036,-295.163,0,0
14429,208224899,13939,-186.545362,-266.63,111.125,-85.6894,369.594,-229.582,308.574,-73.2338,48.2009,9.60545,-276.584,123.203,-145.011,221.982,-302.099,0,0
14430,208253760,13941,-351.559226,-317.701,130.854,-117.63,332.4,-225.759,297.336,-40.0805,34.2248,5.42814,-263.343,95.0927,-172.765,223.794,-333.41,0,0
14431,208282623,13943,-423.579691,-378.872,170.638,-123.512,334.088,-206.806,309.84,-62.512,32.8872,-33.0517,-263.936,91.6981,-167.545,205.209,-331.706,0,0
14432,208311488,13945,-454.255722,-355.035,172.309,-156.46,365.006,-231.365,303.05,-88.4989,24.4094,-31.0662,-241.598,84.544,-183.777,216.412,-332.187,0,0
14433,208340355,13947,-651.255533,-437.296,132.146,-68.3503,299.808,-201.546,282.611,-72.2123,-4.78964,-83.4067,-226.925,73.3934,-199.291,197.488,-342.887,0,0
14434,208369224,13948,-664.278649,-439.549,128.87,-54.2455,285.605,-227.79,286.368,-70.4409,-24.5588,-102.424,-253.247,99.4257,-177.576,197.632,-312.349,0,0
14435,208398095,13950,-661.970484,-433.9,146.648,-71.9685,279.403,-192.907,265.193,-70.4279,14.2489,-77.2269,-284.445,66.5195,-139.278,138.678,-302.509,0,0
14436,208426968,13952,-755.653708,-447.243,102.424,-66.9292,299.373,-198.091,278.689,-68.8669,-24.2323,-90.229,-264.893,75.0752,-147.758,116.759,-319.731,0,0
14437,208455843,13954,-759.374446,-462.686,118.256,-86.7166,298.104,-206.343,273.569,-66.5066,-40.6497,-119.727,-258.305,47.6541,-128.267,193.527,-321.285,0,0
14438,208484720,13956,-869.711085,-474.119,105.974,-66.5113,305.072,-226.467,287.393,-64.0158,-67.9831,-141.75,-283.035,40.0113,-115.433,191.192,-360.039,0,0
14439,208513599,13958,-1001.734819,-538.652,119.858,-97.246,294.92,-249.649,287.082,-57.7944,-83.3263,-114.844,-306.904,51.0768,-136.383,158.46,-328.333,0,0
14440,208542480,13960,-835.212893,-532.176,103.629,-90.1062,313.82,-211.843,267.833,-53.3096,-102.025,-48.8798,-281.631,83.0847,-176.846,184.249,-291.012,0,0
14441,208571363,13962,-1018.761977,-555.799,104.455,-128.791,333.783,-225.225,215.778,-37.2206,-105.22,-73.7404,-264.365,63.1926,-201.603,162.954,-306.961,0,0
14442,208600248,13964,-958.791698,-526.413,98.2777,-64.5982,288.68,-215.224,221.405,-3.86824,-86.2037,-59.5297,-248.46,59.46,-191.443,121.601,-352.475,0,0
14443,208629135,13966,-980.828526,-532.127,88.1563,-116.174,356.579,-242.482,224.151,-29.3108,-51.6869,-51.6354,-257.612,27.582,-151.09,137.224,-382.403,0,0
14444,208658024,13968,-783.335460,-468.831,49.9215,-77.9886,402.651,-241.616,233.224,-49.0907,-16.2431,-37.1279,-255.791,59.0064,-178.855,114.104,-316.698,0,0
14445,208686915,13970,-982.631322,-502.635,43.8527,-60.6301,374.422,-225.939,222.039,-67.6736,-36.9409,-26.6098,-293.02,28.5187,-211.465,92.9218,-319.472,0,0
14446,208715808,13972,-1075.029470,-520.43,39.6704,-32.3348,340.489,-263.137,254.919,-48.324,-55.6406,-34.6974,-303.443,9.99929,-217.763,125.484,-369.821,0,0
14447,208744703,13974,-891.506246,-487.325,47.5435,-37.9242,348.44,-203.956,248.282,-47.6253,-52.4823,-53.2588,-316.078,-14.6537,-135.435,142.887,-329.921,0,0
14448,208773600,13976,-779.194458,-488.21,73.4139,-14.5793,339.38,-216.287,265.479,-44.481,-49.678,-65.1332,-289.248,-5.21279,-115.373,154.235,-323.501,0,0
14449,208802499,13977,-593.181718,-433.195,67.3397,-6.23314,387.443,-187.487,282.222,-44.9239,-23.0952,-64.3794,-276.609,27.7207,-156.385,179.023,-344.622,0,0
14450,208831400,13979,-530.437389,-409.171,67.152,-23.7791,384.443,-185.566,303.973,-58.7105,0.563751,-76.7967,-312.607,15.8271,-169.915,228.07,-293.92,0,0
14451,208860303,13981,-774.967825,-461.246,57.1303,-56.3233,396.442,-260.642,281.783,-54.4316,-7.34522,-65.4415,-334.109,-1.74961,-174.095,226.35,-321.291,0,0
14452,208889208,13983,-720.397542,-457.313,62.9953,-58.9918,391.614,-252.784,328.596,-51.9412,-14.2642,-108.838,-299.992,-32.5537,-155.275,237.224,-308.874,0,0
14453,208918115,13985,-814.707586,-457.478,73.9155,-76.4288,364.547,-271.932,343.463,-53.7293,-21.3901,-106.039,-293.848,-49.0205,-141.434,216.997,-342.33,0,0
14454,208947024,13987,-820.371793,-471.635,67.8331,-70.1027,347.716,-261.077,318.273,-59.0419,-3.72697,-127.975,-314.398,-58.4061,-120.81,253.464,-320.484,0,0
14455,208975935,13989,-1077.275466,-460.891,48.806,-83.4301,279.646,-234.97,314.021,-102.897,-20.4323,-113.463,-289.025,-87.4311,-185.49,220.482,-362.201,0,0
14456,209004848,13991,-1200.984427,-464.138,35.6654,-86.0539,264.869,-226.186,282.888,-98.2757,-1.41892,-131.725,-304.812,-83.1085,-217.436,253.369,-424.622,0,0
14457,209033763,13993,-1294.299841,-500.485,35.6909,-51.5038,243.852,-211.337,260.885,-127.064,10.3062,-97.2959,-324.15,-108.006,-210.19,221.149,-436.152,0,0
14458,209062680,13995,-1321.016337,-506.822,32.603,-96.9609,264.012,-203.358,249.565,-135.65,6.82262,-71.7775,-301.826,-146.055,-196.82,221.636,-436.385,0,0
14459,209091599,13997,-1337.375076,-543.259,28.5704,-139.359,252.173,-231.387,289.496,-131.371,31.1944,-76.2711,-321.046,-156.364,-182.65,229.971,-387.071,0,0
14460,209120520,13999,-1311.169211,-528.687,-8.46489,-98.8232,220.205,-251.48,340.233,-103.751,8.84495,-67.4551,-344.725,-140.857,-180.581,258.451,-414.078,0,0
14461,209149443,14001,-1143.801352,-499.215,0.555152,-55.2865,238.359,-240.574,339.099,-89.4026,16.5745,-73.0978,-382.057,-81.2356,-126.027,242.048,-433.543,0,0
14462,209178368,14003,-1332.456903,-533.733,-8.53826,-119.641,258.568,-218.667,266.291,-84.0633,19.4463,-85.0357,-366.206,-66.201,-190.718,240.351,-444.31,0,0
14463,209207295,14005,-1181.714507,-508.351,-26.4656,-75.9375,256.66,-210.571,284.709,-89.7794,10.9674,-99.1367,-359.932,-60.186,-169.384,268.705,-403.013,0,0
14464,209236224,14006,-1262.648923,-539.959,-24.5064,-80.4143,301.924,-221.799,280.894,-100.575,15.5435,-91.1062,-372.72,-24.595,-205.525,234.724,-434.534,0,0
14465,209265155,14008,-1399.613425,-560.668,-44.4918,-103.661,333.067,-239.771,291.76,-114.957,-8.08979,-99.0504,-417.477,-49.0387,-219.341,268.026,-435.921,0,0
14466,209294088,14010,-1444.248680,-541.367,-35.4799,-93.0861,309.388,-249.868,295.3,-114.475,-33.2157,-74.9125,-414.388,-99.7132,-230.889,307.424,-468.966,0,0
14467,209323023,14012,-1380.621880,-486.165,-30.4128,-93.2799,275.47,-269.718,272.357,-72.2704,-44.4148,-76.7145,-435.38,-93.6109,-217.009,370.038,-479.512,0,0
14468,209351960,14014,-1121.796896,-418.955,-65.459,-26.6562,290.724,-266.631,314.222,-70.5855,4.1635,-65.8282,-381.092,-78.4884,-205.803,334.463,-485.87,0,0
14469,209380899,14016,-1214.129344,-450.844,-48.3392,-57.9144,280.038,-244.863,293.211,-60.3789,-16.1089,-87.3932,-403.957,-69.5325,-168.701,344.193,-523.539,0,0
14470,209409840,14018,-1201.991485,-476.724,-13.3328,-83.181,311.229,-237.84,249.077,-41.9694,-30.5912,-83.5049,-375.251,-31.1053,-213.561,293.214,-468.45,0,0
14471,209438783,14020,-1205.207857,-437.703,12.7289,-82.3302,249.421,-268.693,280.811,-38.485,-71.7996,-36.4491,-399.282,-54.1734,-213.745,337.851,-483.359,0,0
14472,209467728,14022,-1137.436310,-368.674,24.7879,-109.661,243.785,-240.743,263.667,-26.0779,-74.93,-16.8591,-411.607,-32.5723,-182.212,279.804,-486.144,0,0
14473,209496675,14024,-1222.584801,-378.743,-14.0978,-108.819,212.97,-201.913,214.849,-56.6024,-65.776,-58.2763,-373.931,-9.78389,-183.101,298.79,-498.15,0,0
14474,209525624,14026,-1281.806171,-423.804,-0.0968715,-109.04,212.392,-191.708,228.517,-65.9837,-39.8332,-91.1342,-383.61,-14.2756,-175.393,315.867,-543.704,0,0
14475,209554575,14028,-1133.963533,-389.964,-6.92991,-117.146,232.575,-189.758,286.304,-71.7169,-3.39897,-89.1823,-332.54,-45.7464,-185.806,268.223,-488.878,0,0
14476,209583528,14030,-991.706858,-382.116,32.1236,-145.374,262.988,-203.81,312.424,-113.311,-9.52587,-82.7387,-309.515,-30.3038,-165.205,323.857,-481.201,0,0
14477,209612483,14032,-959.196245,-326.366,21.2325,-141.487,227.285,-153.737,323.214,-116.969,20.4824,-44.6902,-319.117,-39.1135,-177.567,291.336,-523.698,0,0
14478,209641440,14034,-1056.818853,-332.608,18.3386,-159.607,238.576,-220.603,331.132,-136.561,13.7796,-35.349,-302.389,-50.4177,-201.105,280.556,-500.563,0,0
14479,209670399,14036,-1002.928044,-339.949,34.5001,-191.667,224.989,-198.464,350.864,-114.879,17.4311,-8.92013,-276.418,-56.0745,-209.275,306.687,-541.755,0,0
14480,209699360,14037,-737.025951,-314.281,20.5481,-112.795,219.394,-168.651,373.974,-109.475,24.9328,28.9827,-289.178,-15.8617,-176.659,302.535,-520.492,0,0
14481,209728323,14039,-719.519741,-298.712,10.7623,-74.8623,215.68,-225.518,394.892,-136.068,44.2414,21.7872,-256.46,-38.0911,-147.188,257.885,-487.868,0,0
14482,209757288,14041,-673.717362,-299.134,17.8629,-32.9954,218.202,-172.452,346.813,-148.664,29.2404,19.1462,-246.001,-72.5783,-149.219,257.753,-441.691,0,0
14483,209786255,14043,-697.761953,-282.656,32.0189,-101.839,213.486,-167.383,358.729,-180.399,57.2528,-26.1927,-270.915,-37.4191,-134.947,284.943,-442.44,0,0
14484,209815224,14045,-578.353462,-289.169,53.1722,-87.0364,180.002,-183.132,400.454,-163.786,46.478,2.54374,-201.253,-41.2878,-128.783,273.805,-440.36,0,0
14485,209844195,14047,-648.068379,-286.781,19.3808,-103.945,214.337,-208.198,399.56,-188.45,61.6286,-2.47298,-193.162,-74.6826,-126.441,298.834,-457.676,0,0
14486,209873168,14049,-498.158863,-272.384,29.476,-45.9757,168.79,-176.946,408.411,-180.052,79.0695,29.2527,-180.418,-52.8186,-176.748,308.161,-435.977,0,0
14487,209902143,14051,-466.718027,-260.087,47.7373,-30.8902,152.184,-186.882,381.265,-169.439,56.0018,16.9912,-184.433,-30.1505,-156.357,294.401,-397.059,0,0
14488,209931120,14053,-516.498636,-250.781,41.8851,-52.871,159.629,-143.701,340.304,-153.172,31.0142,67.5631,-195.147,-62.0274,-143.149,284.966,-441.012,0,0
14489,209960099,14055,-358.731501,-263.573,61.0882,-91.8504,232.198,-104.772,309.475,-118.701,34.5237,59.0903,-193.771,-48.8505,-156.144,323.434,-400.878,0,0
14490,209989080,14057,-365.282017,-269.357,83.2887,-152.721,268.64,-106.585,285.066,-125.436,28.8876,79.6614,-181.403,-57.3354,-115.292,290.029,-392.724,0,0
14491,210018063,14059,-399.772135,-260.241,70.5444,-151.591,263.084,-128.406,297.104,-128.762,26.7499,71.0129,-202.648,-63.0634,-146.228,319.847,-367.176,0,0
14492,210047048,14061,-430.191504,-273.115,60.6868,-165.527,282.761,-154.417,298.276,-128.295,11.8998,48.5929,-217.837,-25.7059,-141.369,272.047,-298.19,0,0
14493,210076035,14063,-567.445811,-289.089,48.9952,-170.348,330.138,-170.241,285.118,-135.824,20.9782,15.2519,-250.313,-69.1698,-125.536,234.679,-292.085,0,0
14494,210105024,14065,-623.673027,-297.054,53.1901,-203.289,336.691,-208.13,301.156,-149.22,55.488,43.2267,-245.522,-40.6334,-175.983,207.842,-301.436,0,0
14495,210134015,14067,-662.703646,-336.118,40.4404,-175.942,335.247,-226.761,339.813,-158.747,59.927,63.8851,-250.876,-29.391,-198.179,215.063,-341.065,0,0
14496,210163008,14069,-451.542054,-283.173,50.688,-175.949,357.852,-235.905,345.039,-157.354,80.0024,17.0821,-256.576,-9.35966,-128.528,243.107,-298.467,0,0
14497,210192003,14070,-592.959070,-316.328,48.9909,-141.667,334.281,-270.545,326.076,-135.295,78.5083,27.5951,-262.058,-33.427,-151.384,212.534,-310.241,0,0
14498,210221000,14072,-517.837766,-297.473,80.1804,-132.449,305.005,-283.437,324.787,-122.278,116.867,19.4035,-248.39,-59.8363,-114.818,219.314,-324.713,0,0
14499,210249999,14074,-569.555074,-304.718,97.5359,-200.172,337.49,-302.204,336.891,-134.086,93.0944,11.5184,-254.004,-47.467,-67.9502,208.011,-343.495,0,0
14500,210279000,14076,-506.574256,-311.954,61.778,-151.962,364.087,-297.908,324.861,-103.688,107.452,3.64954,-229.093,-65.524,-114.212,219.287,-313.348,0,0
14501,210308003,14078,-602.193325,-323.289,29.0754,-146.693,329.685,-289.81,316.959,-115.157,145.535,9.61077,-265.316,-109.509,-87.9352,206.484,-301.833,0,0
14502,210337008,14080,-562.962726,-302.616,36.3701,-138.431,348.338,-273.642,288.929,-128.689,150.973,31.7379,-295.982,-81.7386,-46.6936,187.861,-339.38,0,0
14503,210366015,14082,-577.699605,-304.041,39.7202,-163.053,347.995,-265.349,311.771,-132.36,150.686,-4.68319,-298.666,-91.8811,-49.0996,158.516,-277.255,0,0
14504,210395024,14084,-617.170458,-351.458,57.9568,-119.798,338.642,-288.253,336.798,-154.49,149.265,-16.176,-309.316,-92.1083,-48.8611,153.898,-273.271,0,0
14505,210424035,14086,-744.105090,-381.974,49.3595,-140.427,372.231,-269.031,282.024,-171.367,135.916,24.6178,-327.883,-72.5721,-63.8047,153.051,-334.245,0,0
14506,210453048,14088,-877.749178,-421.481,79.6487,-181.12,360.056,-243.681,240.603,-161.97,117.703,47.3558,-328.572,-83.8992,-69.2351,144.149,-377.305,0,0
14507,210482063,14090,-870.506925,-425.088,89.9933,-195.64,349.582,-263.585,242.761,-166.028,102.273,39.71,-338.374,-34.6958,-4.30695,128.91,-396.02,0,0
14508,210511080,14092,-1063.123493,-408.685,75.3351,-227.341,354.341,-247.428,204.856,-184.77,69.1434,20.9892,-333.993,-59.5068,-82.657,162.395,-405.803,0,0
14509,210540099,14094,-981.936403,-375.382,68.7323,-214.925,357.099,-258.21,252.949,-187.515,61.6439,30.7873,-300.039,-89.2502,-95.6842,124.519,-356.661,0,0
14510,210569120,14096,-1103.641792,-375.07,100.016,-273.518,362.734,-275.87,261.974,-224.989,36.221,50.5177,-316.44,-109.162,-90.9605,87.9627,-337.058,0,0
14511,210598143,14098,-1085.688481,-387.857,82.4659,-247.992,330.431,-199.461,230.747,-248.315,54.2295,25.4191,-316.463,-89.9331,-93.1025,124.665,-350.522,0,0
14512,210627168,14100,-917.959424,-368.635,97.8022,-216.649,306.239,-187.503,231.16,-227.926,79.8753,-3.08129,-349.226,-50.5134,-36.9047,122.084,-314.681,0,0
14513,210656195,14102,-820.181476,-378.513,130.194,-171.074,269.929,-183.101,221.926,-187.261,86.3722,43.8076,-304.219,-98.579,-30.6522,112.508,-331.52,0,0
14514,210685224,14103,-994.856858,-406.381,94.5829,-168.678,264.795,-139.827,170.082,-186.279,80.4512,52.4719,-334.629,-88.4858,-60.5109,91.4749,-363.925,0,0
14515,210714255,14105,-1117.434360,-412.349,86.0272,-206.052,256.421,-143.551,167.976,-198.48,69.8836,40.7312,-334.651,-143.127,-45.5229,50.9516,-305.691,0,0
14516,210743288,14107,-1231.835764,-420.308,56.3581,-202.606,261.34,-121.155,150.939,-186.884,55.463,34.5367,-346.279,-121.347,-55.0722,12.8133,-349.635,0,0
14517,210772323,14109,-1477.930427,-445.367,44.8551,-246.102,278.08,-146.948,99.0204,-217.148,95.1028,-36.3431,-341.456,-160.838,-77.6443,3.73959,-326.882,0,0
14518,210801360,14111,-1431.842465,-422.416,50.2386,-249.489,289.876,-136.617,65.9821,-233.964,72.1103,-18.5373,-310.227,-126.742,-74.8364,-11.1096,-326.111,0,0
14519,210830399,14113,-1382.723838,-426.565,63.6774,-231.875,305.734,-126.222,50.1371,-218.643,51.6102,-7.49373,-337.553,-83.6152,-96.9429,-4.56292,-320.41,0,0
14520,210859440,14115,-1529.611929,-433.705,67.1135,-254.328,268.522,-123.957,41.1549,-239.777,49.4689,11.0247,-376.589,-114.686,-115.606,11.9354,-320.183,0,0
14521,210888483,14117,-1549.467920,-441.944,40.605,-238.722,278.373,-159.818,94.2363,-265.184,38.0444,24.1191,-357.126,-86.0791,-101.787,-40.3548,-333.832,0,0
14522,210917528,14119,-1542.263466,-434.174,37.983,-244.122,280.34,-231.239,150.064,-284.933,54.9725,8.39018,-324.225,-101.147,-101.551,-43.8337,-308.788,0,0
14523,210946575,14121,-1428.365235,-392.503,25.5271,-227.349,278.067,-190.041,107.21,-222.341,71.6171,-1.63954,-295.82,-86.1911,-110.826,-96.5051,-287.57,0,0
14524,210975624,14123,-1419.282714,-416.824,39.9577,-210.873,269.087,-187.844,111.488,-211.952,62.4791,18.9379,-297.429,-111.85,-124.03,-79.5951,-280.837,0,0
14525,211004675,14125,-1449.344476,-406.244,32.4437,-229.049,296.868,-228.398,129.504,-228.088,68.691,14.3647,-311.855,-94.6615,-114.437,-101.252,-277.232,0,0
14526,211033728,14127,-1555.221780,-432.655,39.927,-231.463,256.824,-220.14,132.585,-216.563,38.4782,9.01039,-342.967,-91.1809,-79.6031,-98.2604,-319.214,0,0
14527,211062783,14129,-1644.594015,-467.165,29.4655,-244.645,266.603,-223.565,128.476,-221.309,43.9807,9.60319,-361.053,-67.8014,-130.744,-122.312,-284.128,0,0
14528,211091840,14131,-1680.149760,-447.666,49.8907,-284.952,285.613,-232.379,156.548,-247.723,65.1205,-20.6029,-388.02,-74.3435,-96.727,-129.721,-315.188,0,0
14529,211120899,14133,-1703.125002,-419.267,66.4819,-289.256,260.624,-242.998,145.892,-217.544,48.6295,-35.9644,-341.871,-70.1093,-103.713,-163.847,-340.182,0,0
14530,211149960,14135,-1716.043217,-397.858,74.9597,-272.453,237.452,-261.617,130.837,-216.747,40.4816,-46.9857,-312.537,-108.662,-99.8904,-147.024,-335.999,0,0
14531,211179023,14137,-1681.947431,-420.549,73.4928,-252.649,232.521,-259.241,144.787,-208.226,27.055,-1.34142,-353.37,-113.634,-105.807,-132.098,-312.887,0,0
14532,211208088,14138,-1569.503963,-374.231,48.0231,-218.91,234.52,-247.74,134.802,-208.909,54.9833,8.46423,-329.929,-160.049,-66.7902,-149.053,-294.685,0,0
14533,211237155,14140,-1710.795777,-400.013,43.6088,-184.056,185.342,-258.433,155.07,-217.32,44.2621,-25.6587,-330.188,-180.759,-105.946,-129.513,-307.193,0,0
14534,211266224,14142,-1671.141067,-387.785,32.0812,-201.266,220.52,-244.057,128.214,-206.526,44.9824,12.5521,-357.21,-154.665,-131.283,-132.119,-294.581,0,0
14535,211295295,14144,-1543.018397,-355.657,40.7195,-184.302,217.399,-235.497,126.097,-196.009,29.5509,40.3394,-384.415,-125.62,-147.707,-51.9936,-315.924,0,0
14536,211324368,14146,-1547.226338,-355.519,27.2444,-174.577,179.509,-218.129,133.166,-180.625,60.4082,-5.07266,-378.696,-128.462,-171.404,-59.3171,-275.752,0,0
14537,211353443,14148,-1570.397455,-343.482,22.8246,-156.62,166.503,-203.825,125.498,-211.038,22.9827,-32.5857,-370.496,-120.031,-128.351,-100.137,-241.639,0,0
14538,211382520,14150,-1429.753272,-302.435,27.4021,-120.786,158.491,-195.328,128.574,-149.45,10.8388,-40.3081,-355.878,-93.8247,-135.032,-136.59,-225.429,0,0
14539,211411599,14152,-1516.164731,-293.487,22.0349,-139.777,173.6,-184.963,69.5165,-158.004,-0.307024,-39.8876,-366.771,-89.8865,-134.222,-144.909,-229.103,0,0
14540,211440680,14154,-1554.391303,-312.531,3.55439,-161.893,202.702,-226.538,95.7176,-158.212,-17.1624,-13.4645,-372.391,-81.2668,-144.474,-119.112,-249.321,0,0
14541,211469763,14156,-1618.648298,-299.673,12.2398,-201.949,203.624,-234.113,77.1112,-165.765,25.9774,-66.5813,-388.383,-79.701,-148.955,-113.887,-238.593,0,0
14542,211498848,14158,-1743.630533,-288.807,-2.18814,-229.013,197.902,-215.753,79.9884,-221.248,24.5411,-36.9402,-388.272,-117.999,-156.299,-123.229,-266.314,0,0
14543,211527935,14160,-1793.384853,-293.04,-10.5608,-279.903,208.882,-220.073,103.063,-208.658,5.33739,-34.4434,-410.204,-139.562,-182.25,-129.716,-202.256,0,0
14544,211557024,14162,-1677.538068,-283.265,19.0639,-323.03,251.034,-203.845,114.319,-218.011,21.9006,-55.2519,-387.22,-97.5499,-171.629,-129.641,-214.412,0,0
14545,211586115,14164,-1865.534007,-322.588,-0.256195,-329.986,219.187,-230.3,105.191,-233.563,-14.1764,-54.5976,-401.109,-108.704,-179.542,-109.268,-205.821,0,0
14546,211615208,14166,-1725.193900,-315.903,17.3104,-296.947,226.336,-194.753,48.4552,-184.116,-20.4597,-48.1671,-405.43,-64.2722,-188.714,-104.573,-193.961,0,0
14547,211644303,14168,-1711.464128,-327.317,-1.95707,-331.85,272.426,-183.333,45.5879,-166.535,25.9605,-77.9889,-356.836,-69.1604,-201.739,-118.609,-220.114,0,0
14548,211673400,14170,-1840.074134,-319.722,-11.3379,-301.819,259.629,-200.667,2.52544,-192.018,18.8909,-111.331,-338.725,-129.55,-174.798,-66.4826,-274.669,0,0
14549,211702499,14172,-1677.958146,-316.226,22.3366,-296.729,263.772,-149.381,9.78125,-193.368,17.5354,-88.7803,-372.538,-77.4542,-165.738,-90.5866,-240.582,0,0
14550,211731600,14174,-1668.063800,-293.721,-8.99166,-267.647,251.971,-106.778,-21.15,-182.791,-0.538764,-130.122,-337.307,-16.7022,-167.905,-138.06,-248.321,0,0
14551,211760703,14175,-1696.071672,-295.316,-4.26458,-291.447,229.112,-105.173,2.9787,-167.342,-31.6876,-128.322,-321.715,-25.8412,-172.522,-151.313,-233.219,0,0
14552,211789808,14177,-1521.713482,-273.901,-17.6509,-220.429,230.364,-88.6429,11.3671,-187.763,-55.9027,-104.967,-298.028,-12.326,-185.341,-121.604,-196.888,0,0
14553,211818915,14179,-1793.662186,-342.586,-52.8712,-226.18,194.558,-110.358,-22.5742,-185.048,-72.554,-110.54,-330.221,-13.2026,-184.181,-161.279,-176.624,0,0
14554,211848024,14181,-1760.949559,-310.262,-40.2049,-252.11,215.868,-147.634,1.42515,-148.668,-89.6278,-97.451,-306.87,-11.0061,-227.674,-155.381,-191.354,0,0
14555,211877135,14183,-1689.179152,-304.038,-33.4833,-237.752,167.999,-158.164,26.6781,-123.163,-76.1346,-87.8796,-277.531,-37.7094,-196.241,-159.147,-192.612,0,0
14556,211906248,14185,-1602.184575,-321.804,11.2356,-242.689,178.362,-167.699,38.9333,-147.445,-72.4958,-82.8395,-267.498,-41.8233,-164.326,-141.98,-180.115,0,0
14557,211935363,14187,-1559.794351,-377.67,47.0098,-234.453,181.546,-155.234,56.1221,-131.801,-28.7195,-105.81,-254.899,-43.3886,-174.645,-139.404,-198.45,0,0
14558,211964480,14189,-1625.997186,-356.527,67.6706,-251.167,209.846,-174.768,93.2449,-163.224,-73.7155,-162.394,-253.379,-39.6853,-191.477,-138.083,-192.34,0,0
14559,211993599,14191,-1595.068938,-327.483,49.4974,-221.936,167.148,-161.859,110.307,-171.778,-60.1474,-149.9,-268.462,-56.9471,-192.946,-117.88,-192.683,0,0
14560,212022720,14193,-1529.142190,-324.43,43.2108,-151.657,128.381,-147.59,111.555,-220.929,-84.2296,-145.401,-237.27,-41.5944,-224.557,-62.0381,-172.593,0,0
14561,212051843,14195,-1448.657238,-303.476,21.9795,-168.376,143.736,-159.004,168.871,-244.9,-49.3725,-103.532,-235.509,-11.3221,-194.292,-126.022,-187.439,0,0
14562,212080968,14197,-1501.376208,-296.513,48.7455,-132.102,93.1465,-166.419,175.995,-281.188,-72.7379,-104.261,-265.378,16.8778,-203.255,-107.133,-207.155,0,0
14563,212110095,14199,-1524.683279,-349.65,49.5669,-136.655,120.319,-133.644,159.05,-253.34,-76.6773,-96.0179,-286.579,34.3125,-221.109,-113.807,-220.451,0,0
14564,212139224,14201,-1629.332531,-369.778,41.2748,-179.446,145.843,-179.124,164.302,-264.763,-98.6753,-52.9724,-298.878,11.9934,-193.727,-116.976,-238.406,0,0
14565,212168355,14203,-1706.565380,-408.005,43.1487,-207.007,170.067,-191.671,174.481,-272.258,-75.8314,-10.7076,-282.328,21.0832,-221.368,-183.342,-262.828,0,0
14566,212197488,14205,-1745.740663,-415.223,24.9092,-205.746,155.468,-188.964,185.796,-278.612,-70.118,-16.9058,-310.689,34.6835,-206.47,-181.919,-271.95,0,0
14567,212226623,14207,-1811.140640,-400.541,46.7251,-243.196,143.812,-225.196,184.72,-276.038,-81.3391,-4.64187,-356.282,-1.71238,-222.434,-112.635,-262.382,0,0
14568,212255760,14209,-1734.637942,-365.849,20.5382,-208.886,132.265,-215.744,216.093,-260.603,-99.487,31.9246,-307.28,-2.01993,-253.912,-120.475,-301.203,0,0
14569,212284899,14211,-1720.314215,-373.257,0.406657,-180.459,140.66,-207.173,203.469,-237.755,-106.777,27.1187,-268.632,-38.2861,-222.382,-163.872,-293.375,0,0
14570,212314040,14213,-1556.504296,-323.656,68.1617,-205.982,123.113,-201.407,227.653,-210.319,-96.3543,-11.6279,-268.729,-12.9196,-187.253,-182.409,-274.776,0,0
14571,212343183,14214,-1540.789054,-307.154,77.0827,-167.503,115.445,-238.834,207.699,-209.816,-140.437,10.3414,-257.058,-34.2104,-184.599,-151.532,-260.214,0,0
14572,212372328,14216,-1585.603514,-321.643,93.8904,-232.09,131.949,-275.388,231.006,-198.968,-105.869,17.652,-282.695,-1.29126,-175.535,-169.117,-297.506,0,0
14573,212401475,14218,-1654.328046,-361.232,117.753,-207.562,134.456,-286.633,174.25,-199.467,-97.8074,19.847,-279.366,-39.5254,-156.177,-173.018,-299.846,0,0
14574,212430624,14220,-1613.739993,-382.811,104.614,-185.097,140.837,-245.065,173.557,-188.896,-97.3134,20.7124,-263.926,-35.157,-150.727,-213.587,-290.88,0,0
14575,212459775,14222,-1592.586582,-367.49,96.5292,-145.459,92.2802,-272.176,219.675,-214.118,-87.3904,47.6939,-248.303,-56.8145,-146.492,-220.138,-290.383,0,0
14576,212488928,14224,-1547.310896,-339.16,88.3314,-128.002,97.8951,-280.741,236.04,-245.619,-76.9032,54.477,-282.147,-13.7018,-117.256,-255.017,-285.507,0,0
14577,212518083,14226,-1402.940572,-293.929,81.2995,-111.429,63.2119,-245.988,214.148,-211.98,-73.2685,66.4241,-269.885,-7.03138,-98.0589,-256.363,-260.091,0,0
14578,212547240,14228,-1373.248733,-263.689,119.154,-166.863,85.8244,-248.359,189.389,-231.275,-92.7764,36.3128,-239.728,-34.8544,-80.6429,-273.34,-172.402,0,0
14579,212576399,14230,-1339.385189,-292.549,85.0644,-145.18,68.378,-224.61,246.564,-244.841,-83.4238,52.4812,-252.224,-74.4135,-52.2647,-247.447,-174.92,0,0
14580,212605560,14232,-1471.943457,-334.4,111.972,-198.679,95.8632,-217.797,229.804,-241.34,-103.859,36.0421,-255.195,-105.489,-51.2012,-282.526,-155.139,0,0
14581,212634723,14234,-1500.273041,-342.349,117.934,-216.003,114.41,-230.365,235.233,-237.431,-144.442,30.3904,-250.082,-78.298,-59.8136,-263.105,-176.351,0,0
14582,212663888,14236,-1340.659883,-354.29,149.784,-225.393,104.012,-188.431,231.082,-231,-123.882,-1.42259,-239.502,-120.127,-4.71348,-171.963,-164.814,0,0
14583,212693055,14238,-1286.624434,-316.331,123.799,-171.609,86.4964,-197.683,247.321,-245.295,-137.753,0.068515,-270.068,-84.1787,12.6143,-129.954,-204.052,0,0
14584,212722224,14240,-1306.531959,-345.362,142.701,-183.062,85.2122,-163.068,188.618,-224.523,-150.186,14.0112,-258.391,-73.4956,19.3594,-171.844,-186.502,0,0
14585,212751395,14242,-1258.827833,-343.492,131.658,-141.286,59.6296,-186.388,223.171,-255.367,-127.834,43.1979,-259.043,-44.8054,16.8425,-203.059,-172.053,0,0
14586,212780568,14244,-1402.198738,-373.614,104.613,-159.63,71.402,-235.647,258.217,-249.6,-130.205,33.7598,-232.416,-59.4672,-22.4597,-211.8,-195.351,0,0
14587,212809743,14246,-1436.522282,-375.835,78.6223,-145.859,93.9375,-290.969,292.317,-262.759,-127.432,61.7102,-239.151,-51.6207,-50.426,-230.782,-188.276,0,0
14588,212838920,14248,-1468.536739,-368.047,72.5187,-187.097,142.524,-310.233,280.744,-241.991,-147.087,26.1228,-229.156,-51.4109,-37.0704,-230.215,-188.138,0,0
14589,212868099,14250,-1615.198325,-430.358,91.5811,-213.39,143.231,-320.56,282.972,-272.357,-159.308,32.7486,-232.171,-63.6009,-24.7385,-216.637,-232.61,0,0
14590,212897280,14252,-1622.141124,-394.66,109.53,-263.576,111.814,-276.7,234.398,-275.795,-119.39,12.0275,-251.333,11.3485,-37.9545,-253.219,-228.632,0,0
14591,212926463,14254,-1403.512768,-344.062,91.5344,-226.702,139.459,-316.899,276.637,-247.362,-77.608,16.5086,-250.132,55.9493,-21.2539,-260.113,-239.469,0,0
14592,212955648,14255,-1340.569638,-349.455,90.536,-178.01,111.215,-320.233,298.989,-246.597,-85.8415,14.0032,-207.318,77.3183,-16.8127,-258.165,-270.199,0,0
14593,212984835,14257,-1270.568078,-319.946,80.5929,-151.087,124.794,-285.502,228.15,-228.106,-52.2048,22.9497,-229.849,57.2962,-34.4542,-248.93,-234.272,0,0
14594,213014024,14259,-1201.157608,-302.429,106.536,-159.343,113.668,-292.645,244.511,-243.269,-53.501,31.6671,-236.702,48.9966,-32.9753,-207.753,-217.918,0,0
14595,213043215,14261,-1312.651514,-320.012,108.646,-193.31,123.243,-305.977,276.675,-297.773,-58.3769,62.9274,-207.762,29.5149,-31.4086,-259.901,-239.137,0,0
14596,213072408,14263,-1274.436525,-317.585,103.642,-157.574,113.05,-331.001,296.033,-277.348,-59.813,45.7143,-238.769,37.8743,-29.708,-238.662,-220.291,0,0
14597,213101603,14265,-1208.896019,-318.258,112.693,-165.606,126.738,-330.34,326.45,-274.511,-12.108,40.1351,-261.69,33.7879,-11.949,-231.151,-243.089,0,0
14598,213130800,14267,-1138.823226,-314.921,131.742,-138.703,102.422,-356.425,358.614,-279.881,19.6655,48.3209,-245.094,39.8062,-26.3075,-229.853,-248.208,0,0
14599,213159999,14269,-1002.001396,-309.684,155.846,-105.74,98.2282,-318.512,335.969,-271.319,10.3661,50.9581,-227.684,94.8573,-56.6038,-223.341,-235.34,0,0
14600,213189200,14271,-1006.461828,-355.438,155.837,-105.787,85.9652,-295.858,320.254,-242.284,18.7093,47.1218,-199.113,17.6942,-38.9972,-197.126,-217.44,0,0
14601,213218403,14273,-1194.552149,-348.291,164.993,-146.89,69.7644,-295.012,302.605,-280.655,-22.1564,40.0969,-219.865,1.44476,-33.1483,-209.834,-217.605,0,0
14602,213247608,14275,-1122.459232,-354.136,165.037,-126.885,90.6183,-321.226,321.897,-233.163,-38.5934,9.17535,-208.573,-2.80244,-3.43228,-234.139,-186.237,0,0
14603,213276815,14277,-1277.119852,-329.079,143.135,-152.764,57.2949,-307.323,320.181,-266.47,-53.6103,4.21598,-206.044,-49.181,-0.997009,-261.329,-175.151,0,0
14604,213306024,14279,-1231.406136,-329.014,155.231,-172.88,61.2031,-304.607,342.597,-226.913,-70.0525,-9.07325,-222.727,-31.0226,-18.901,-243.915,-161.331,0,0
14605,213335235,14281,-1353.309358,-351.048,122.382,-124.767,40.9314,-323.769,328.946,-229.217,-76.1387,3.72154,-232.334,-47.9885,-30.1833,-260.914,-172.93,0,0
14606,213364448,14283,-1360.114920,-366.073,167.42,-124.774,49.8963,-330.929,326.229,-246.387,-51.0755,2.98915,-213.3,-68.6465,-35.1148,-285.325,-185.024,0,0
14607,213393663,14285,-1253.953275,-337.197,158.623,-134.608,69.6239,-320.836,316.387,-215.825,-11.8063,-7.92456,-214.347,-66.6176,-40.5647,-222.16,-226.702,0,0
14608,213422880,14287,-1228.206916,-356.312,132.714,-144.624,83.521,-321.193,314.86,-189.07,-12.898,-13.6656,-204.99,-90.0184,-25.1175,-201.274,-200.139,0,0
14609,213452099,14289,-1241.668202,-324.527,122.859,-153.465,70.4813,-325.358,291.273,-159.512,-11.0477,-42.7255,-197.614,-96.0233,-59.8396,-180.296,-175.875,0,0
14610,213481320,14291,-1141.371951,-293.732,127.002,-111.372,69.3171,-358.522,323.425,-154.475,-37.2088,-31.4586,-211.468,-71.5072,-53.7374,-164.839,-172.796,0,0
14611,213510543,14293,-1223.392794,-302.037,102.201,-66.1608,-7.90661,-328.44,305.77,-151.472,-30.2905,-45.7472,-165.795,-134.738,-91.8886,-129.443,-177.446,0,0
14612,213539768,14295,-1258.265361,-345.333,122.285,-115.074,64.222,-330.607,308.25,-202.436,-33.1623,-25.7388,-208.958,-81.2418,-88.6064,-142.603,-179.262,0,0
14613,213568995,14297,-1263.546322,-334.728,131.536,-147.872,72.9916,-295.782,319.59,-204.743,-35.9612,-45.4727,-244.299,-61.3815,-88.9885,-151.821,-176.615,0,0
14614,213598224,14298,-1208.983187,-308.115,126.674,-137.733,74.9374,-271.826,303.87,-182.329,-19.3384,-76.9984,-237.648,-62.9397,-96.2235,-138.61,-182.704,0,0
14615,213627455,14300,-1323.299031,-357.6,132.866,-162.421,74.8857,-283.746,300.087,-158.704,-30.3541,-27.2131,-271.45,-64.8414,-95.989,-174.302,-204.518,0,0
14616,213656688,14302,-1208.781074,-396.077,122.056,-120.29,66.823,-295.923,297.621,-131.877,-20.9373,-1.48794,-254.378,-56.1736,-129.08,-85.6488,-203.408,0,0
14617,213685923,14304,-1405.489278,-413.653,104.302,-106.043,15.7642,-290.101,289.96,-168.986,-38.164,-4.2328,-239.299,-81.313,-134.493,-141.213,-198.019,0,0
14618,213715160,14306,-1456.970670,-399.22,98.4337,-85.745,-5.2387,-329.026,296.304,-136.565,-71.256,-29.6719,-245.085,-74.7496,-142.496,-123.623,-209.033,0,0
14619,213744399,14308,-1421.443720,-428.886,115.732,-94.4454,25.758,-318.267,290.772,-154.883,-89.4848,-30.1129,-230.642,-49.0366,-93.4863,-164.377,-200.085,0,0
14620,213773640,14310,-1443.551413,-427.543,104.916,-115.213,44.808,-336.325,306.982,-178.92,-74.8564,13.9818,-267.508,-56.3504,-85.2464,-152.091,-220.187,0,0
14621,213802883,14312,-1555.458270,-477.3,115.156,-122.864,55.7389,-381.319,347.514,-227.572,-64.7327,33.5406,-285.45,-61.0187,-83.4004,-145.171,-258.581,0,0
14622,213832128,14314,-1566.932752,-455.047,81.3931,-156.637,90.8443,-352.502,353.917,-207.679,-105.318,13.8045,-237.148,-83.3267,-80.4467,-161.778,-267.01,0,0
14623,213861375,14316,-1361.622317,-406.894,75.6855,-130.121,118.833,-395.365,362.195,-181.196,-95.4006,21.5801,-214.956,-43.5323,-84.1739,-145.914,-242.363,0,0
14624,213890624,14318,-1394.660734,-426.732,84.8646,-129.901,105.933,-397.559,356.653,-203.31,-68.5669,34.0592,-229.901,-46.5484,-120.308,-143.5,-209.846,0,0
14625,213919875,14320,-1269.763741,-421.669,71.2096,-99.4499,138.914,-385.494,401.926,-199.757,-88.6542,-4.44727,-212.559,-19.4481,-141.976,-157.907,-150.453,0,0
14626,213949128,14322,-1441.981286,-422.597,61.4412,-149.12,176.071,-373.555,412.326,-228.934,-136.03,-24.4119,-170.315,-44.7599,-170.906,-216.351,-154.839,0,0
14627,213978383,14324,-1475.964663,-446.625,67.7282,-122.618,177.05,-420.618,420.662,-223.047,-100.259,-17.3269,-190.9,-73.0192,-166.509,-235.835,-144.648,0,0
14628,214007640,14326,-1454.200026,-437.643,84.0124,-133.239,179.2,-462.495,441.933,-218.428,-70.3491,5.53572,-254.502,-70.8321,-202.82,-183.029,-131.544,0,0
14629,214036899,14328,-1709.574426,-462.761,84.3519,-181.858,167.291,-411.627,383.845,-232.224,-114.797,-8.97942,-296.765,-75.0566,-210.557,-198.393,-152.044,0,0
14630,214066160,14330,-1873.207174,-493.87,70.5781,-199.312,172.378,-402.445,390.923,-226.06,-148.239,-2.34606,-327.323,-78.3659,-223.864,-234.399,-170.862,0,0
14631,214095423,14332,-1836.115925,-442.078,78.9702,-242.822,206.467,-416.511,376.127,-209.242,-166.402,-21.0909,-305.547,-101.014,-240.186,-216.862,-135.925,0,0
14632,214124688,14334,-1662.061326,-413.277,55.2489,-189.399,234.667,-418.46,357.712,-189.766,-132.275,-14.3018,-283.836,-109.334,-214.707,-195.828,-148.506,0,0
14633,214153955,14336,-1674.291166,-407.575,41.583,-162.802,217.81,-375.533,336.301,-194.147,-141.652,-61.6649,-230.207,-86.4299,-212.246,-225.232,-172.496,0,0
14634,214183224,14338,-1701.870439,-440.865,85.9143,-203.383,202.068,-363.417,373.503,-200.263,-160.815,-83.4161,-238.014,-124.144,-139.094,-201.784,-208.16,0,0
14635,214212495,14340,-1708.214061,-415.254,59.3009,-212.677,224.147,-363.555,359.027,-180.79,-165.05,-83.7099,-268.446,-124.246,-143.356,-185.759,-207.848,0,0
14636,214241768,14342,-1702.748851,-418.633,34.5742,-212.267,219.458,-361.507,344.614,-164.827,-118.493,-71.1488,-267.672,-91.7068,-183.656,-201.671,-209.814,0,0
14637,214271043,14344,-1882.891833,-473.112,15.0134,-248.625,216.47,-356.336,365.936,-203.152,-132.659,-72.2103,-269.939,-94.3684,-218.708,-166.161,-245.042,0,0
14638,214300320,14345,-1831.501161,-426.583,-16.6607,-223.048,196.778,-319.353,365.396,-209.608,-105.459,-83.1889,-298.291,-71.7691,-255.452,-146.203,-238.06,0,0
14639,214329599,14347,-1996.142108,-491.152,-31.2796,-191.354,193.028,-302.178,314.661,-209.719,-125.766,-108.026,-312.747,-55.9265,-235.139,-204.345,-236.2,0,0
14640,214358880,14349,-1982.185867,-498.712,-59.9012,-149.784,189.149,-318.264,332.37,-209.836,-119.144,-105.293,-295.723,-30.997,-230.883,-197.596,-287.572,0,0
14641,214388163,14351,-2076.995191,-511.372,-55.4675,-150.156,170.452,-310.159,317.697,-223.024,-96.6635,-117.752,-299.072,-53.6528,-238.123,-194.514,-315.189,0,0
14642,214417448,14353,-2114.358022,-535.023,-64.1471,-136.476,206.75,-313.055,298.281,-217.618,-122.753,-84.726,-332.009,-78.5983,-224.384,-168.979,-341.622,0,0
14643,214446735,14355,-2037.231091,-526.773,-71.6608,-126.739,223.931,-284.951,281.538,-253.94,-130.561,-67.6243,-337.554,-63.2776,-248.893,-124.767,-305.96,0,0
14644,214476024,14357,-1930.218240,-572.514,-70.2879,-99.1238,254.282,-302.912,283.862,-227.052,-143.79,-45.7704,-314.658,-60.4182,-229.602,-123.369,-278.866,0,0
14645,214505315,14359,-1893.439327,-533.354,-60.8596,-88.3366,219.515,-334.754,262.376,-191.102,-126.533,-42.756,-287.674,-36.6613,-203.886,-192.068,-277.345,0,0
14646,214534608,14361,-1950.672007,-556.185,-85.4341,-52.67,194.924,-331.655,291.762,-190.495,-143.547,-50.8956,-279.385,-52.2298,-241.699,-188.571,-264.592,0,0
14647,214563903,14363,-2156.562710,-582.116,-78.9533,-77.8302,197.095,-339.305,269.217,-211.886,-174.639,-96.7998,-286.441,-83.9733,-224.949,-198.228,-267.753,0,0
14648,214593200,14365,-2071.033386,-570.037,-80.5858,-99.1146,219.497,-362.401,283.859,-183.143,-133.951,-108.855,-252.341,-105.152,-243.661,-164.572,-270.576,0,0
14649,214622499,14367,-1981.746253,-504.058,-49.0524,-153.339,230.9,-327.433,257.304,-189.467,-107.04,-76.3058,-273.426,-86.8762,-213.794,-195.283,-293.876,0,0
14650,214651800,14369,-2038.941750,-514.07,-48.6324,-197.572,275.18,-313.149,236.559,-165.451,-105.061,-89.056,-294.628,-46.846,-262.958,-199.661,-313.595,0,0
14651,214681103,14371,-2128.875426,-561.181,-35.1571,-196.63,211.521,-293.061,191.134,-174.911,-142.376,-70.9702,-270.178,-58.1806,-279.393,-163.025,-286.469,0,0
14652,214710408,14373,-2027.269107,-510.284,-15.6844,-237.927,245.033,-258.971,169.58,-195.101,-111.54,-58.6366,-297.509,-42.734,-297.073,-142.655,-273.767,0,0
14653,214739715,14375,-1684.216610,-467.485,-30.1566,-175.993,242.246,-222.884,195.351,-163.431,-111.557,-60.6919,-262.968,-11.7903,-260.545,-101.085,-253.228,0,0
14654,214769024,14377,-1640.009100,-483.678,-55.742,-151.18,263.757,-204.735,179.598,-161.617,-125.798,-4.59537,-265.409,0.280475,-271.653,-114.06,-245.179,0,0
14655,214798335,14379,-1700.135653,-468.97,-83.1615,-131.195,278.028,-248.331,198.985,-170.872,-103.601,9.33719,-293.851,9.79296,-307.363,-104.707,-284.229,0,0
14656,214827648,14381,-1688.806605,-465.252,-79.6944,-134.389,275.53,-260.439,169.616,-154.135,-100.124,21.3526,-308.744,-9.77585,-290.217,-77.872,-274.661,0,0
14657,214856963,14383,-1638.945863,-466.634,-99.1719,-126.468,290.975,-199.231,153.061,-153.122,-95.7215,17.5147,-301.452,-23.3662,-290.633,-130.046,-214.651,0,0
14658,214886280,14385,-1575.341829,-429.008,-86.6522,-139.497,254.355,-205.022,168.699,-145.589,-94.8836,-5.70579,-306.698,0.843679,-266.042,-134.089,-186.054,0,0
14659,214915599,14387,-1523.808019,-458.48,-51.0772,-140.523,265.857,-182.753,184.076,-191.712,-69.9791,13.3136,-339.185,8.84312,-249.162,-115.763,-197.262,0,0
14660,214944920,14389,-1437.265786,-416.944,-68.6156,-148.559,265.35,-206.548,221.65,-190.108,-94.0011,16.7266,-330.297,28.6072,-235.171,-135.019,-144.338,0,0
14661,214974243,14391,-1511.946176,-431.506,-56.988,-148.594,275.784,-228.473,157.215,-166.503,-123.097,25.0434,-314.934,35.0122,-250.648,-148.151,-136.108,0,0
14662,215003568,14393,-1502.179161,-406.06,-59.4738,-127.635,275.335,-260.209,116.592,-148.492,-104.545,-8.40659,-305.934,34.2957,-280.153,-123.81,-103.684,0,0
14663,215032895,14395,-1409.093188,-374.713,-38.9043,-91.4456,256.767,-304.816,161.969,-160.754,-118.861,-16.471,-275.802,24.3058,-262.807,-113.175,-94.3869,0,0
14664,215062224,14396,-1339.950647,-327.357,-59.3375,-76.6094,252.37,-291.748,172.663,-151.017,-88.0974,-38.5979,-247.457,-3.9461,-297.908,-96.716,-86.1937,0,0
14665,215091555,14398,-1364.550815,-348.1,-58.7154,-50.4272,227.795,-284.613,181.228,-168.935,-86.4107,-29.825,-268.107,28.7582,-255.888,-123.534,-127.777,0,0
14666,215120888,14400,-1225.055335,-370.835,-56.2066,-50.424,264.456,-263.226,200.603,-145.333,-82.3617,-59.8869,-275.226,70.2488,-219.011,-110.735,-127.118,0,0
14667,215150223,14402,-965.365198,-284.668,-6.53199,-69.2472,257.879,-209.094,159.231,-107.805,-66.5998,-37.5028,-282.406,81.8331,-212.709,-139.278,-48.4652,0,0
14668,215179560,14404,-1209.846285,-321.493,-10.9706,-95.1945,230.473,-241.778,110.6,-95.8661,-78.4831,-56.3181,-270.661,87.6125,-252.358,-169.819,-45.5892,0,0
14669,215208899,14406,-1277.423892,-336.417,-29.354,-72.0825,233.068,-235.651,95.2917,-92.924,-117.296,-61.9271,-276.229,88.8038,-264.695,-166.073,-41.9385,0,0
14670,215238240,14408,-1291.493577,-326.332,-16.7402,-92.9204,229.539,-212.395,68.8559,-71.0531,-112.464,-43.6804,-289.558,55.642,-241.703,-187.864,-50.8204,0,0
14671,215267583,14410,-1207.109791,-332.346,-24.071,-73.7569,242.192,-251.951,116.036,-51.3862,-108.486,-45.2049,-273.66,59.4116,-229.201,-193.661,-41.0258,0,0
14672,215296928,14412,-1146.863003,-355.351,-29.5151,-23.6016,231.896,-185.832,82.85,-51.9241,-111.445,-38.3514,-274.742,71.218,-243.422,-169.289,-49.3536,0,0
14673,215326275,14414,-932.083397,-309.456,12.2066,-30.3887,243.362,-177.707,155.606,-20.785,-117.11,-28.8058,-311.934,91.7627,-231.954,-171.479,-35.4015,0,0
14674,215355624,14416,-1120.386617,-318.551,17.815,-32.2387,241.184,-178.332,141.041,-34.2521,-150.064,-75.0939,-339.574,58.0137,-238.136,-156.729,-55.4689,0,0
14675,215384975,14418,-1195.986882,-376.746,3.4787,10.1411,258.707,-217.959,173.47,-69.4545,-138.238,-67.2209,-332.345,28.7113,-225.327,-159.311,-83.8942,0,0
14676,215414328,14420,-1300.164740,-389.932,-5.86032,-59.7743,243.401,-193.589,157.968,-68.5158,-146.33,-75.0725,-363.374,34.9492,-259.032,-148.755,-26.2487,0,0
14677,215443683,14422,-1290.259459,-402.217,-0.144081,-97.4588,271.038,-188.472,178.781,-66.9197,-167.494,-55.3686,-343.265,94.7203,-316.925,-180.756,-15.7774,0,0
14678,215473040,14424,-1237.698887,-395.493,-24.5411,-45.2084,248.73,-133.042,171.147,-75.9841,-167.101,-47.5872,-341.021,89.1405,-285.553,-168.768,-62.4182,0,0
14679,215502399,14426,-1205.928860,-402.868,-13.7723,-63.8402,281.423,-132.671,168.837,-64.3869,-180.054,-17.6417,-354.36,107.988,-265.484,-157.587,-111.511,0,0
14680,215531760,14428,-1223.001928,-397.235,-26.1168,-27.5973,252.108,-176.497,190.326,-74.4502,-185.221,-43.6365,-358.575,80.1499,-266.988,-97.2429,-92.0271,0,0
14681,215561123,14430,-1452.246485,-368.7,-13.406,-99.237,253.735,-193.2,170.813,-121.793,-177.248,-69.9396,-363.622,55.6055,-294.534,-155.343,-75.3787,0,0
14682,215590488,14432,-1379.669950,-394.157,10.302,-82.9415,201.597,-185.771,202.373,-103.721,-184.49,-52.6902,-362.25,50.0009,-243.131,-212.913,-21.8781,0,0
14683,215619855,14434,-1357.772931,-405.713,19.0654,-81.4729,211.221,-160.535,196.924,-115.853,-178.45,-38.7623,-385.061,66.6999,-220.533,-226.697,-38.6069,0,0
14684,215649224,14436,-1522.492767,-437.26,17.7154,-111.184,207.017,-190.115,195.736,-117.987,-189.972,-45.6095,-401.7,60.378,-240.095,-233.916,-35.5003,0,0
14685,215678595,14438,-1477.771678,-424.906,34.5313,-134.781,204.813,-195.821,207.092,-135.535,-171.794,-66.4374,-366.998,78.2033,-234.181,-215.31,-56.6472,0,0
14686,215707968,14440,-1435.303313,-389.543,4.23388,-72.3828,128.545,-142.59,167.905,-129.531,-135.319,-83.9596,-336.727,82.6451,-263.289,-209.386,-55.9061,0,0
14687,215737343,14442,-1535.993205,-425.28,-3.00826,-56.8695,116.281,-169.979,199.332,-134.595,-166.632,-81.0998,-334.455,59.4198,-260.378,-217.293,-61.4373,0,0
14688,215766720,14444,-1432.793549,-437.007,-12.2531,-18.4798,143.126,-168.819,211.943,-135.8,-176.731,-89.3338,-311.474,65.6449,-278.423,-169.718,-55.4692,0,0
14689,215796099,14446,-1626.856897,-444.834,-18.4427,-92.0309,182.913,-217.34,200.62,-117.08,-214.763,-93.1513,-310.653,-31.7212,-309.659,-138.364,-22.3534,0,0
14690,215825480,14448,-1597.683350,-473.652,10.2544,-125.532,164.817,-152.112,168.171,-96.3485,-186.864,-59.5336,-323.437,-56.9167,-321.573,-151.884,6.92634,0,0
14691,215854863,14450,-1512.671265,-436.569,26.1174,-152.974,152.542,-160.571,176.722,-102.556,-205.323,-67.381,-299.317,-9.79227,-284.1,-174.057,24.587,0,0
14692,215884248,14452,-1409.275133,-380.477,21.8671,-95.5975,189.437,-178.16,176.335,-99.6921,-242.135,-66.1276,-321.562,-21.1813,-267.622,-164.443,40.0826,0,0
14693,215913635,14453,-1604.570637,-405.484,36.672,-162.932,175.275,-211.88,159.142,-83.8282,-198.521,-81.9627,-307.397,-16.0436,-294.354,-234.564,21.3059,0,0
14694,215943024,14455,-1494.725169,-399.483,45.4742,-148.503,184.168,-193.343,146.559,-74.8326,-159.909,-85.8836,-314.358,-16.4526,-310.658,-202.928,35.4238,0,0
14695,215972415,14457,-1263.682802,-369.58,62.3317,-96.7863,151.884,-169.808,136.106,-33.1768,-157.152,-117.566,-303.7,32.0061,-252.759,-189.024,43.5427,0,0
14696,216001808,14459,-1136.522717,-341.669,52.076,-54.3073,147.95,-187.53,190.713,-71.5911,-153.041,-99.4849,-285.625,53.3251,-218.353,-205.176,36.1891,0,0
14697,216031203,14461,-1088.230039,-279.857,65.986,-115.713,136.718,-179.252,199.58,-73.5248,-141.138,-107.559,-267.187,82.0688,-197.882,-215.508,5.03822,0,0
14698,216060600,14463,-968.413817,-249.036,46.7827,-74.0675,123.662,-147.659,197.195,-57.8021,-111.454,-121.087,-249.697,83.2185,-171.398,-242.114,5.0409,0,0
14699,216089999,14465,-929.209104,-299.314,67.6348,-85.4208,154.668,-154.257,178.733,-24.1447,-106.344,-95.4632,-233.779,87.6729,-228.93,-198.43,8.16563,0,0
14700,216119400,14467,-1113.310235,-305.583,44.4841,-70.7829,160.544,-155.919,157.404,-33.0822,-139.871,-88.0694,-295.329,42.0445,-203.224,-211.551,-14.3748,0,0
14701,216148803,14469,-1331.019913,-337.952,11.3886,-45.1437,124.483,-150.396,166.074,-93.0848,-164.975,-102.067,-290.809,13.5641,-188.661,-255.184,-18.2563,0,0
14702,216178208,14471,-1316.894823,-359.311,14.18,-58.4537,154.477,-94.0636,96.8744,-106.298,-127.079,-90.1348,-281.667,-18.7561,-215.885,-280.096,49.3199,0,0
14703,216207615,14473,-1390.224051,-311.77,8.13705,-55.6482,125.353,-105.224,105.16,-138.504,-129.39,-94.2037,-294.962,-40.0986,-231.625,-239.087,11.6398,0,0
14704,216237024,14475,-1292.184805,-300.22,20.9809,-52.0805,130.46,-126.146,113.955,-136.652,-95.2773,-24.5808,-338.926,-12.6636,-247.784,-204.77,-18.4809,0,0
14705,216266435,14477,-1366.911041,-304.769,-11.12,-34.2249,138.389,-84.5643,89.492,-145.932,-131.243,-24.1037,-359.664,-0.932898,-241.034,-210.603,-46.6005,0,0
14706,216295848,14479,-1429.287622,-333.309,-19.2236,-74.6057,178.433,-73.1091,66.2915,-134.007,-144.13,-49.8052,-325.999,-31.397,-201.482,-208.306,-78.64,0,0
14707,216325263,14481,-1385.364211,-319.948,-22.272,-100.698,184.36,-11.5902,20.7631,-132.287,-141.951,-72.9656,-244.57,-49.8969,-190.29,-181.116,-122.901,0,0
14708,216354680,14483,-1400.215109,-337.579,3.56642,-152.971,187.458,-58.9494,16.4975,-115.363,-162.98,-62.7875,-214.257,1.19797,-198.877,-188.299,-116.872,0,0
14709,216384099,14485,-1519.200220,-335.308,-4.4294,-134.185,158.436,-78.6273,38.2234,-156.507,-95.0821,-82.0989,-259.802,-25.6134,-196.201,-185.711,-162.294,0,0
14710,216413520,14487,-1346.355411,-305.029,-4.53847,-138.35,174.471,-54.9262,75.7593,-135.584,-114.473,-108.542,-227.859,14.2985,-207.446,-205.202,-108.934,0,0
14711,216442943,14489,-1376.440204,-300.848,-16.5923,-133.455,148.568,-50.5367,49.4281,-110.594,-110.577,-86.9277,-255.868,40.797,-222.435,-203.672,-123.727,0,0
14712,216472368,14491,-1279.007546,-283.659,-26.6488,-84.6838,141.655,-79.0931,99.2841,-113.013,-125.831,-50.002,-254.953,47.909,-250.992,-212.903,-86.0766,0,0
14713,216501795,14493,-1392.408527,-363.569,-9.65012,-88.7975,126.745,-85.6495,93.8772,-114.618,-93.9348,-59.1279,-223.226,19.4194,-258.247,-217.972,-117.659,0,0
14714,216531224,14495,-1552.478810,-384.471,-21.7646,-117.916,129.891,-107.952,111.414,-149.177,-123.677,10.6307,-295.802,46.5324,-241.889,-254.158,-154.141,0,0
14715,216560655,14497,-1521.749317,-376.471,-33.7134,-100.92,111.857,-151.51,146.205,-128.321,-130.431,-41.2125,-283.887,47.0103,-229.029,-217.105,-134.223,0,0
14716,216590088,14499,-1583.521109,-418.462,-20.7754,-95.1044,103.176,-174.007,152.864,-143.403,-138.106,-28.7488,-291.463,13.2728,-248.315,-194.797,-99.652,0,0
14717,216619523,14501,-1744.760755,-446.553,-53.7821,-58.1155,87.1363,-154.506,123.715,-129.687,-168.571,-70.2013,-343.681,19.629,-241.539,-206.634,-101.971,0,0
14718,216648960,14503,-1905.200094,-459.635,-84.7916,-34.1912,102.331,-173.941,105.312,-134.769,-199.604,-104.273,-369.557,47.6131,-263.381,-202.393,-133.921,0,0
14719,216678399,14505,-1827.557734,-474.816,-110.746,20.8503,83.5287,-125.25,74.7813,-131.845,-182.559,-120.498,-382.298,38.3967,-247.855,-185.996,-83.2528,0,0
14720,216707840,14507,-2075.859396,-521.988,-116.813,10.7667,76.5975,-147.694,96.822,-167.001,-157.814,-150.341,-417.592,60.5606,-250.028,-264.995,-126.34,0,0
14721,216737283,14509,-2151.881541,-517.259,-97.715,34.8008,9.7878,-137.194,107.543,-199.284,-144.708,-119.175,-410.613,1.30966,-250.897,-294.335,-134.143,0,0
14722,216766728,14511,-2239.477927,-528.521,-114.73,47.7697,-10.9065,-111.574,122.005,-242.302,-159.381,-175.428,-440.57,-14.6526,-181.448,-327.147,-102.594,0,0
14723,216796175,14513,-2447.508832,-585.882,-115.69,42.9696,-9.83882,-153.889,125.663,-228.245,-186.484,-214.257,-459.727,-26.5717,-241.18,-257.064,-137.312,0,0
14724,216825624,14515,-2478.922487,-589.235,-138.652,112.874,-9.4792,-190.396,140.449,-248.601,-174.593,-216.56,-438.771,-64.7408,-281.784,-277.793,-101.64,0,0
14725,216855075,14517,-2381.722876,-556.687,-134.559,75.0088,29.5809,-176.781,131.359,-239.749,-163.627,-186.869,-450.868,-68.05,-257.892,-284.927,-97.6624,0,0
14726,216884528,14518,-2448.509535,-559.129,-180.579,97.0803,17.9367,-157.04,111.014,-221.037,-199.026,-189.014,-429.196,-71.3769,-274.808,-270.329,-123.005,0,0
14727,216913983,14520,-2351.701023,-537.671,-192.434,78.2094,36.1757,-111.422,119.477,-244.919,-210.838,-160.929,-427.903,-63.7992,-249.665,-270.335,-115.647,0,0
14728,216943440,14522,-2293.926244,-568.204,-181.402,102.33,44.2846,-126.936,164.383,-226.867,-150.308,-171.549,-415.191,-35.4269,-250.733,-275.455,-202.853,0,0
14729,216972899,14524,-2309.300189,-594.837,-201.315,73.4527,74.7557,-116.39,142.162,-210.747,-161.775,-160.393,-391.324,-57.2053,-271.357,-265.272,-169.056,0,0
14730,217002360,14526,-2345.638433,-585.46,-206.23,74.6252,45.9829,-102.525,122.689,-192.039,-192.736,-172.317,-408.812,-27.7684,-222.78,-303.361,-174.908,0,0
14731,217031823,14528,-2348.530948,-649.182,-206.09,85.8569,55.1511,-123.043,155.66,-186.537,-185.557,-131.775,-413.069,-50.7706,-198.605,-288.467,-212.105,0,0
14732,217061288,14530,-2302.001398,-655.896,-187.063,99.9646,46.6708,-119.374,114.309,-172.213,-164.954,-161.233,-376.162,-52.7675,-241.06,-235.809,-196.414,0,0
14733,217090755,14532,-2339.473941,-680.709,-195.871,46.2458,90.8318,-85.8319,115.085,-182.367,-182.061,-125.071,-400.817,-44.1527,-240.944,-263.318,-190.495,0,0
14734,217120224,14534,-2358.946480,-664.512,-181.792,83.3481,66.2289,-128.227,84.9899,-145.522,-174.815,-112.215,-414.68,-16.9764,-270.627,-325.97,-158.177,0,0
14735,217149695,14536,-2339.906616,-655.415,-179.657,39.7961,86.508,-138.307,118.516,-122.676,-179.351,-105.602,-424.936,-33.3903,-284.904,-288.179,-172.31,0,0
14736,217179168,14538,-2335.159017,-672.309,-170.525,68.891,69.8975,-119.897,115.416,-104.839,-187.029,-86.523,-437.479,-19.5621,-281.327,-318.882,-190.991,0,0
14737,217208643,14540,-2247.200905,-617.303,-177.338,87.2168,67.2297,-114.108,152.997,-148.721,-173.642,-73.2165,-400.954,5.53927,-318.43,-326.747,-209.724,0,0
14738,217238120,14542,-2261.649678,-616.287,-201.265,91.5354,51.6775,-125.569,146.903,-147.013,-196.677,-70.9136,-379.982,-24.1226,-284.853,-293.632,-211.451,0,0
14739,217267599,14544,-2269.011291,-619.37,-187.025,71.8559,49.0064,-150.72,193.415,-125.035,-189.65,-85.8355,-378.031,-39.1194,-270.397,-275.145,-262.96,0,0
14740,217297080,14546,-2248.496727,-627.445,-168.899,79.1671,28.4467,-212.997,261.194,-73.9859,-206.186,-138.293,-357.05,-28.0154,-277.512,-252.855,-274.067,0,0
14741,217326563,14548,-2155.908298,-606.619,-151.717,61.4796,56.8292,-233.343,291.157,-97.0794,-201.215,-105.374,-331.489,-57.3469,-274.523,-243.068,-263.6,0,0
14742,217356048,14550,-1954.706496,-572.784,-125.538,40.8434,87.266,-243.684,285.732,-78.173,-178.399,-92.8355,-339.517,-31.9905,-254.884,-225.221,-225.522,0,0
14743,217385535,14552,-1620.246578,-513.048,-133.304,109.322,92.6459,-216.901,284.509,-84.3994,-139.44,-97.0701,-239.933,-42.1669,-215.771,-223.397,-201.293,0,0
14744,217415024,14554,-1756.973099,-506.303,-164.183,141.621,91.1969,-236.189,258.474,-81.2163,-152.763,-143.821,-239.191,-87.3345,-258.86,-220.796,-157.607,0,0
14745,217444515,14556,-1756.505831,-489.657,-145.897,121.092,78.569,-243.537,251.369,-88.718,-115.66,-92.9117,-256.914,-79.0759,-295.4,-218.987,-180.78,0,0
14746,217474008,14558,-1796.833080,-512.002,-160.724,128.443,64.1173,-265.757,269.948,-62.5383,-110.054,-118.07,-300.443,-50.2349,-248.132,-224.908,-206.479,0,0
14747,217503503,14560,-1882.618557,-546.447,-140.495,108.024,86.4879,-284.045,280.842,-44.7687,-112.813,-153.379,-266.785,-67.1321,-233.409,-288.673,-220.025,0,0
14748,217533000,14562,-1840.564570,-577.883,-154.269,134.366,76.0286,-257.335,264.611,-28.7264,-80.28,-149.293,-302.65,-69.3009,-224.563,-225.378,-245.891,0,0
14749,217562499,14564,-1828.684048,-582.417,-168.988,95.8834,108.571,-208.564,237.441,-62.9559,-84.3168,-174.456,-298.442,-77.4573,-244.997,-189.191,-178.794,0,0
14750,217592000,14566,-1850.925916,-614.943,-169.82,130.392,102.05,-191.92,200.205,-17.9151,-119.429,-161.911,-287.19,-64.8496,-248.584,-206.219,-200.793,0,0
14751,217621503,14568,-1910.002346,-648.568,-214.486,167.961,59.5298,-175.894,179.848,-1.004,-100.399,-158.831,-265.795,-57.1735,-238.306,-235.309,-221.575,0,0
14752,217651008,14570,-1967.317396,-676.184,-193.266,163.405,68.1808,-246.257,188.737,-16.1034,-103.51,-179.07,-257.221,-87.5332,-227.308,-186.9,-214.288,0,0
14753,217680515,14572,-2207.148397,-704.9,-261.99,123.023,126.655,-227.427,151.565,-36.4025,-119.479,-149.536,-303.395,-154.673,-208.85,-194.131,-247.608,0,0
14754,217710024,14574,-1973.560734,-641.606,-232.717,147.52,122.244,-202.722,158.198,-28.0239,-70.5917,-158.143,-302.479,-136.012,-201.75,-220.657,-206.82,0,0
14755,217739535,14576,-1966.805809,-644.411,-211.389,170.189,98.8341,-249.019,193.353,-27.7307,-112.99,-199.234,-328.119,-99.3174,-192.637,-178.875,-185.459,0,0
14756,217769048,14578,-1899.702520,-599.208,-200.174,167.736,78.4756,-229.005,220.856,-46.4885,-119.959,-216.846,-365.502,-61.0731,-214.393,-189.51,-124.612,0,0
14757,217798563,14580,-1906.856578,-625.104,-168.793,137.341,145.939,-222.309,217.81,-66.5187,-110.071,-220.55,-410.343,-64.0738,-182.047,-222.471,-115.666,0,0
14758,217828080,14582,-2109.951269,-681.991,-191.526,154.996,132.579,-214.422,181.701,-56.6814,-172.541,-207.767,-446.557,-56.5608,-223.592,-183.275,-144.315,0,0
14759,217857599,14584,-2194.945982,-706.977,-197.203,168.711,69.2194,-168.66,183.334,-24.505,-193.443,-185.077,-434.534,-91.7357,-249.002,-244.034,-121.039,0,0
14760,217887120,14586,-2291.036601,-692.954,-210.883,113.301,118.851,-229.845,214.284,-59.6782,-176.696,-202.787,-424.418,-104.198,-205.385,-310.222,-120.407,0,0
14761,217916643,14588,-2300.609004,-666.03,-178.508,115.008,107.426,-280.027,257.169,-75.7717,-202.733,-194.483,-432.88,-118.707,-157.138,-325.876,-148.058,0,0
14762,217946168,14590,-2198.672014,-650.097,-186.246,114.65,146.235,-246.143,227.869,-86.8029,-184.926,-220.64,-455.072,-115.19,-160.021,-266.124,-116.165,0,0
14763,217975695,14592,-2135.916843,-631.264,-181.818,122.524,158.806,-243.39,206.686,-87.6319,-188.11,-218.566,-423.38,-110.762,-192.483,-237.996,-108.531,0,0
14764,218005224,14594,-2331.738420,-673.421,-193.504,149.102,156.549,-257.641,165.701,-103.934,-194.224,-257.032,-440.726,-115.264,-233.338,-238.755,-95.2514,0,0
14765,218034755,14595,-2206.737237,-648.678,-181.134,159.968,109.173,-230.828,171.65,-103.767,-136.049,-209.652,-387.975,-128.085,-246.081,-252.444,-122.835,0,0
14766,218064288,14597,-2328.535299,-625.926,-183.767,157.655,106.972,-220.956,119.339,-111.936,-134.451,-163.032,-419.843,-154.942,-233.619,-310.461,-153.569,0,0
14767,218093823,14599,-2165.576775,-583.273,-175.344,128.515,142.535,-256.826,121.97,-104.963,-104.563,-151.194,-414.646,-131.827,-214.455,-296.41,-125.095,0,0
14768,218123360,14601,-2091.550174,-564.611,-176.035,145.309,129.327,-244.272,108.173,-137.864,-74.8221,-99.3576,-411.355,-132.583,-240.718,-258.098,-134.644,0,0
14769,218152899,14603,-2190.453313,-590.048,-175.561,109.047,147.122,-262.339,121.118,-162.033,-48.8017,-127.358,-401.455,-137.743,-270.167,-258.658,-133.578,0,0
14770,218182440,14605,-2030.934198,-570.476,-192.199,121.951,178.792,-249.344,99.6781,-158.795,-16.0536,-111.131,-421.095,-115.642,-226.937,-246.051,-123.632,0,0
14771,218211983,14607,-1889.191945,-526.004,-156.782,96.8557,199.584,-180.413,88.6246,-173.836,-12.0269,-108.98,-450.951,-75.228,-234.774,-250.498,-104.764,0,0
14772,218241528,14609,-1676.931751,-500.522,-165.368,126.637,226.368,-229.482,119.377,-130.138,-9.92181,-81.7578,-424.965,-68.2999,-198.065,-224.513,-116.281,0,0
14773,218271075,14611,-1691.486927,-534.14,-192.899,164.591,236.092,-214.747,115.316,-148.176,-12.8995,-94.3027,-361.628,-85.1322,-204.481,-226.265,-132.817,0,0
14774,218300624,14613,-1744.449568,-565.749,-160.542,188.425,188.993,-166.694,94.1982,-162.143,-53.3732,-66.5367,-374.33,-59.1219,-242.52,-234.7,-130.356,0,0
14775,218330175,14615,-1749.406407,-561.457,-157.02,197.488,170.655,-179.828,131.08,-200.248,-34.4185,-50.8489,-372.827,-17.5395,-298.838,-192.278,-183.327,0,0
14776,218359728,14617,-1771.691616,-614.156,-130.612,182.257,173.608,-186.97,160.083,-223.081,-31.531,-54.3166,-333.188,-0.110392,-273.567,-228.898,-211.21,0,0
14777,218389283,14619,-1811.643671,-590.954,-90.1479,130.313,147.384,-237.112,170.96,-225.324,-12.7218,-52.3365,-331.77,-25.322,-276.817,-222.055,-195.741,0,0
14778,218418840,14621,-1935.171032,-597.743,-142.687,140.248,159.275,-245.937,203.578,-224.294,-18.5532,-82.1706,-308.394,-29.2045,-344.187,-230.298,-214.804,0,0
14779,218448399,14623,-2114.508850,-639.632,-172.17,174.299,164.108,-211.144,128.581,-246.264,-2.74408,-95.3401,-312.602,-73.9958,-334.08,-264.068,-229.458,0,0
14780,218477960,14625,-2098.294856,-639.511,-153.767,120.284,216.932,-217.29,122.519,-229.235,2.85338,-102.416,-297.212,-96.7613,-364.803,-250.133,-209.756,0,0
14781,218507523,14627,-2149.024228,-667.49,-152.198,127.27,210.817,-242.373,144.457,-200.343,-37.1234,-80.6626,-296.323,-139.257,-354.158,-208.079,-253.561,0,0
14782,218537088,14629,-2305.123238,-697.46,-136.742,102.307,219.758,-255.459,105.397,-227.451,-54.7358,-91.2806,-328.698,-119.351,-300.997,-269.992,-250.418,0,0
14783,218566655,14631,-2524.453078,-710.528,-145.231,67.4584,246.582,-252.041,84.0792,-241.141,-125.636,-149.14,-350.452,-124.837,-318.105,-236.404,-269.057,0,0
14784,218596224,14633,-2499.330857,-694.588,-118.723,41.431,276.575,-281.57,73.3331,-269.465,-87.1094,-147.381,-344.399,-150.314,-337.059,-286.211,-173.852,0,0
14785,218625795,14635,-2555.726899,-683.747,-118.16,70.5754,222.391,-241.531,37.0744,-280.434,-101.447,-119.921,-352.408,-183.986,-366.255,-267.553,-170.326,0,0
14786,218655368,14637,-2516.160671,-652.898,-149.709,53.657,240.444,-238.435,19.8805,-295.342,-104.494,-84.707,-332.287,-208.22,-306.699,-283.945,-173.406,0,0
14787,218684943,14639,-2436.848541,-620.147,-118.093,48.854,230.257,-253.336,6.94845,-274.657,-87.6791,-50.8593,-290.617,-200.225,-354.698,-273.135,-199.461,0,0
14788,218714520,14641,-2525.493137,-639.387,-126.591,70.927,234.302,-289.303,2.6868,-296.561,-55.9407,-59.4178,-283.42,-196.211,-337.702,-330.595,-218.28,0,0
14789,218744099,14643,-2433.217069,-635.727,-149.033,88.1171,221.348,-244.526,19.8786,-272.398,-64.1363,-120.106,-267.769,-214.957,-283.55,-393.695,-116.664,0,0
14790,218773680,14645,-2443.303918,-676.058,-163.477,124.242,241.21,-288.308,21.6814,-283.506,-84.8246,-92.7273,-263.694,-240.706,-244.526,-397.636,-94.9739,0,0
14791,218803263,14647,-2289.157564,-630.487,-171.867,140.541,260.194,-288.276,8.35567,-252.481,-74.9414,-50.3558,-246.077,-228.141,-291.696,-326.05,-137.875,0,0
14792,218832848,14649,-2392.333437,-639.908,-190.37,133.659,265.348,-279.315,-11.5872,-264.458,-67.2713,-74.8325,-261.561,-192.65,-343.651,-345.226,-120.51,0,0
14793,218862435,14651,-2425.744650,-685.428,-175.706,151.95,260.204,-315.415,-4.59435,-239.433,-56.3957,-69.6015,-253.748,-221.1,-331.882,-353.877,-130.717,0,0
14794,218892024,14653,-2280.342079,-695.939,-196.157,170.12,307.358,-272.325,-17.5941,-217.341,-71.3673,-81.9901,-266.928,-196.365,-314.444,-331.117,-96.253,0,0
14795,218921615,14655,-2187.059794,-702.55,-205.552,205.52,286.331,-295.241,43.2012,-219.39,-51.4915,-93.2406,-266.018,-199.862,-277.088,-331.648,-80.0317,0,0
14796,218951208,14657,-2146.282878,-631.151,-179.949,115.683,332.416,-284.407,73.453,-233.708,-84.4722,-94.3347,-306.149,-204.42,-231.613,-308.458,-109.172,0,0
14797,218980803,14659,-2228.104731,-658.851,-207.292,143.96,309.444,-209.264,-14.6221,-196.207,-77.8003,-135.793,-336.015,-183.926,-216.623,-341.091,-104.025,0,0
14798,219010400,14661,-2354.934225,-691.543,-231.747,109.347,343.466,-231.246,-29.6295,-243.119,-25.7087,-139.483,-354.95,-197.5,-199.535,-309.542,-153.744,0,0
14799,219039999,14663,-2398.690322,-708.334,-219.037,105.677,316.61,-217.972,-13.8932,-245.367,-16.5416,-174.653,-334.364,-202.08,-236.218,-285.282,-167.236,0,0
14800,219069600,14665,-2480.241676,-731.115,-253.44,143.998,333.686,-224.024,-30.844,-251.419,7.11966,-186.12,-321.314,-234.923,-277.708,-310.216,-143.923,0,0
14801,219099203,14667,-2335.404432,-670.996,-205.788,156.379,306.764,-186.01,-70.789,-282.192,4.78417,-157.612,-308.353,-228.484,-305.13,-249.324,-138.652,0,0
14802,219128808,14669,-2423.454070,-642.868,-210.139,92.6943,314.017,-249.994,-8.86521,-296.967,20.3082,-146.68,-331.094,-280.419,-332.231,-199.083,-152.134,0,0
14803,219158415,14671,-2501.020140,-723.84,-221.434,91.2408,308.031,-226.855,-15.0055,-297.089,-2.38542,-108.316,-348.225,-262.734,-360.369,-233.238,-100.801,0,0
14804,219188024,14673,-2580.244737,-697.802,-227.843,111.492,244.338,-283.595,12.051,-310.201,-10.0788,-110.089,-339.296,-239.73,-366.591,-205.771,-157.13,0,0
14805,219217635,14675,-2616.615201,-674.863,-210.086,96.0309,254.345,-297.652,22.9024,-339.182,-27.2657,-107.869,-328.311,-187.668,-354.105,-283.235,-179.657,0,0
14806,219247248,14677,-2575.231899,-652.916,-218.442,117.391,260.587,-275.578,6.02344,-365.029,-20.465,-106.729,-309.211,-179.64,-407.052,-239.371,-184.802,0,0
14807,219276863,14679,-2611.082941,-666.067,-217.742,125.982,287.713,-311.256,-1.18596,-371.939,32.0597,-87.6001,-306.187,-227.214,-441.135,-264.049,-162.462,0,0
14808,219306480,14681,-2651.538915,-682.21,-227.046,156.392,272.89,-347.129,12.7935,-400.059,29.2931,-96.9902,-296.308,-246.205,-405.194,-228.752,-193.015,0,0
14809,219336099,14683,-2691.921437,-677.452,-227.294,103.861,276.127,-276.126,-33.03,-400.046,6.24229,-105.378,-272.525,-237.637,-421.372,-189.133,-238.16,0,0
14810,219365720,14685,-2378.770502,-666.684,-205.656,119.438,284.361,-233.933,-4.23607,-362.893,54.908,-98.3284,-244.883,-208.594,-383.478,-230.822,-197.971,0,0
14811,219395343,14687,-2345.764801,-683.016,-220.852,118.958,278.537,-194.869,-5.19302,-380.809,52.8529,-130.098,-251.403,-211.8,-383.697,-166.233,-168.143,0,0
14812,219424968,14689,-2515.731179,-738.34,-221.161,130.47,259.823,-209.746,-30.0827,-333.927,66.0895,-161.887,-298.7,-219.515,-404.573,-207.427,-146.755,0,0
14813,219454595,14691,-2450.109171,-710.762,-211.414,175.098,259.992,-193.623,-76.9736,-355.915,69.0358,-164.269,-314.759,-204.284,-428.684,-137.556,-155.994,0,0
14814,219484224,14693,-2425.437296,-650.175,-227.671,205.604,281.335,-232.439,-64.0588,-345.829,70.6975,-143.364,-341.024,-189.757,-412.397,-176.69,-199.67,0,0
14815,219513855,14694,-2397.748556,-693.688,-203.872,257.341,274.561,-220.124,-102.398,-329.676,79.8644,-166.071,-299.66,-198.518,-396.639,-152.098,-246.771,0,0
14816,219543488,14696,-2353.605703,-707.191,-215.187,334.84,238.898,-253.073,-123.101,-317.734,81.4492,-161.395,-291.434,-168.461,-368.235,-156.488,-246.494,0,0
14817,219573123,14698,-2439.762319,-738.794,-232.336,347.512,194.177,-206.955,-147.055,-304.923,81.4694,-179.09,-314.214,-163.018,-364.044,-178.602,-233.889,0,0
14818,219602760,14700,-2473.606301,-740.388,-233.597,323.12,242.511,-166.712,-201.209,-315.707,103.565,-189.036,-294.322,-135.502,-405.561,-183.259,-277.511,0,0
14819,219632399,14702,-2411.968773,-718.08,-239.804,327.902,226.787,-161.53,-206.035,-293.49,79.5063,-185.433,-240.832,-141.834,-378.12,-201.965,-279.04,0,0
14820,219662040,14704,-2491.207483,-750.764,-223.014,291.502,266.175,-145.229,-233.252,-322.407,87.097,-212.455,-217.083,-155.68,-429.868,-195.197,-251.033,0,0
14821,219691683,14706,-2439.588873,-755.547,-236.168,306.219,265.443,-126.12,-196.022,-305.464,101.261,-206.455,-182.264,-149.096,-433.212,-231.247,-290.916,0,0
14822,219721328,14708,-2530.414146,-715.322,-263.435,296.929,257.888,-128.882,-232.109,-275.381,26.9208,-190.022,-198.069,-167.991,-403.421,-238.131,-299.387,0,0
14823,219750975,14710,-2514.934579,-707.195,-242.537,290.754,217.154,-106.642,-269.068,-275.239,43.0047,-181.417,-202.608,-150.751,-430.834,-210.705,-288.851,0,0
14824,219780624,14712,-2642.877249,-728.059,-222.752,244.4,219.532,-122.413,-289.839,-276.227,24.0217,-213.041,-179.637,-148.505,-429.577,-221.673,-299.107,0,0
14825,219810275,14714,-2815.995489,-780.023,-219.912,193.217,195.972,-96.3061,-269.806,-326.144,24.0449,-199.437,-173.032,-160.655,-473.09,-243.568,-287.257,0,0
14826,219839928,14716,-2917.688408,-816.977,-185.074,133.972,215.406,-108.009,-286.762,-319.137,26.9885,-208.299,-196.542,-182.404,-490.104,-239.081,-261.666,0,0
14827,219869583,14718,-3079.845416,-849.031,-189.181,128.842,246.664,-127.779,-280.665,-332.063,3.57709,-224.939,-205.549,-162.4,-517.431,-288.36,-281.529,0,0
14828,219899240,14720,-2992.660039,-834.076,-202.402,127.646,230.271,-107.679,-258.696,-319.843,13.097,-247.804,-214.889,-146.904,-485.115,-290.393,-255.873,0,0
14829,219928899,14722,-3039.247329,-854.22,-197.456,124.451,232.64,-129.265,-217.664,-369.908,-0.670661,-261.349,-205.31,-161.905,-447.001,-309.812,-241.777,0,0
14830,219958560,14724,-3165.606562,-863.355,-209.624,119.307,232.066,-94.1638,-239.433,-350.762,-24.6557,-257.9,-243.891,-214.056,-426.821,-341.735,-250.581,0,0
14831,219988223,14726,-3036.080677,-853.589,-198.737,92.2791,265.554,-64.6847,-219.528,-377.956,-0.492802,-256.848,-222.509,-184.557,-472.33,-313.706,-228.976,0,0
14832,220017888,14728,-2930.693957,-813.814,-211.852,99.0122,332.031,-87.6536,-233.371,-366.68,-1.69331,-236.017,-230.523,-177.419,-466.768,-326.824,-209.121,0,0
14833,220047555,14730,-3061.646972,-822.139,-215.912,97.0341,311.511,-94.3066,-282.406,-371.741,38.3939,-222.484,-251.193,-207.367,-499.742,-336.797,-204.499,0,0
14834,220077224,14732,-3270.278541,-856.454,-189.086,97.8772,275.108,-143.023,-269.113,-366.529,-9.66333,-237.104,-298.208,-195.818,-494.812,-363.591,-219.864,0,0
14835,220106895,14734,-3416.049295,-891.868,-202.093,90.9504,308.404,-176.616,-308.213,-370.387,-24.1505,-257.444,-299.537,-195.459,-504.174,-341.725,-243.737,0,0
14836,220136568,14736,-3310.547224,-862.274,-181.214,106.786,263.113,-116.272,-346.309,-346.587,-25.9875,-246.387,-295.006,-156.184,-502.741,-349.478,-252.007,0,0
14837,220166243,14738,-3414.420339,-910.779,-209.28,137.795,246.523,-139.122,-291.895,-343.243,-33.2564,-254.856,-316.508,-167.632,-534.691,-352.205,-245.271,0,0
14838,220195920,14740,-3461.239956,-924.275,-180.348,121.797,239.989,-136.716,-307.997,-327.165,-23.2387,-236.732,-358.315,-192.458,-588.117,-328.985,-218.68,0,0
14839,220225599,14742,-3482.605828,-919.87,-170.361,107.8,249.697,-140.251,-316.096,-308.163,-33.0863,-231.205,-365.171,-176.124,-591.353,-410.35,-178.072,0,0
14840,220255280,14744,-3649.743811,-956.456,-134.488,76.8516,259.156,-124.041,-383.745,-324.095,-57.2152,-243.674,-367.556,-184.475,-633.77,-421.012,-155.224,0,0
14841,220284963,14746,-3514.207640,-945.141,-102.448,69.8473,259.737,-109.769,-368.66,-328.954,-20.4111,-265.002,-371.683,-170.123,-607.822,-416.535,-137.242,0,0
14842,220314648,14748,-3578.624328,-966.817,-103.522,49.8938,251.433,-71.4311,-408.761,-344.812,-41.8994,-243.858,-367.224,-172.377,-590.084,-449.378,-119.787,0,0
14843,220344335,14750,-3339.260162,-919.592,-96.5406,78.1131,249.951,-31.161,-432.608,-316.812,14.6072,-171.273,-368.645,-140.516,-566.67,-494.588,-143.525,0,0
14844,220374024,14752,-3297.664947,-857.359,-76.5619,45.0374,235.701,-54.9542,-408.393,-308.536,41.5542,-196.688,-367.207,-118.539,-569.009,-478.277,-184.434,0,0
14845,220403715,14754,-3362.847106,-892.224,-65.528,55.2493,204.151,-84.4378,-405.369,-271.673,23.0671,-218.603,-349.638,-141.874,-589.974,-467.458,-158.535,0,0
14846,220433408,14756,-3306.423070,-867.081,-70.6073,53.2825,226.898,-120.048,-371.218,-292.599,32.3724,-247.027,-342.585,-159.621,-568.654,-413.272,-166.263,0,0
14847,220463103,14758,-3325.365353,-868.037,-73.5209,71.547,200.466,-72.6505,-424.189,-278.461,21.2487,-271.195,-365.99,-142.288,-542.454,-392.429,-187.412,0,0
14848,220492800,14760,-3277.245515,-840.984,-103.548,113.63,206.145,-103.455,-391.98,-299.059,36.5381,-268.127,-343.615,-154.518,-545.861,-381.197,-201.215,0,0
14849,220522499,14762,-3224.318185,-887.029,-89.5192,145.829,205.827,-85.0041,-428.768,-296.191,38.4824,-261.535,-324.312,-153.597,-529.367,-349.341,-209.793,0,0
14850,220552200,14764,-3156.378860,-850.067,-91.4934,185.021,180.504,-70.553,-466.876,-356.852,64.3498,-231.859,-321.823,-149.865,-543.381,-363.257,-140.228,0,0
14851,220581903,14766,-3268.155172,-907.203,-121.412,194.272,194.123,-120.23,-442.726,-342.783,77.2875,-264.953,-327.544,-126.708,-545.725,-379.466,-155.087,0,0
14852,220611608,14768,-3225.312296,-844.33,-124.445,175.457,248.912,-160.659,-440.578,-368.648,98.8756,-253.979,-324.003,-139.935,-536.46,-430.877,-124.645,0,0
14853,220641315,14770,-3170.825798,-832.556,-108.311,205.7,191.584,-122.529,-458.304,-359.646,83.9627,-209.011,-332.019,-126.766,-544.663,-424.34,-133.928,0,0
14854,220671024,14772,-3057.963647,-777.774,-142.291,266.938,168.371,-95.022,-474.22,-369.516,108.831,-193.665,-347.513,-136.881,-548.539,-369.335,-147.349,0,0
14855,220700735,14774,-3006.317852,-776.09,-154.215,267.347,162.04,-113.327,-470.395,-368.515,129.418,-182.107,-343.926,-145.945,-509.823,-351.679,-149.1,0,0
14856,220730448,14776,-2930.251290,-746.398,-181.143,319.519,151.88,-163.016,-455.189,-318.313,108.923,-137.215,-297.796,-149.02,-514.35,-385.173,-162.963,0,0
14857,220760163,14778,-3108.041970,-790.804,-182.015,315.865,125.543,-201.825,-437.594,-330.316,106.01,-169.237,-293.768,-135.854,-528.996,-433.853,-151.198,0,0
14858,220789880,14780,-3096.643364,-760.202,-191,333.203,80.3807,-156.074,-445.771,-350.253,90.8087,-144.72,-282.617,-128.527,-541.513,-504.784,-95.5742,0,0
14859,220819599,14782,-3150.861196,-819.699,-169.819,358.6,11.2193,-138.887,-434.694,-329.918,57.1052,-159.81,-278.049,-161.683,-554.557,-451.453,-79.2161,0,0
14860,220849320,14784,-2936.148440,-785.187,-151.752,403.873,-7.06934,-114.452,-407.359,-321.582,37.3977,-122.215,-278.27,-136.196,-521.307,-459.542,-72.4874,0,0
14861,220879043,14786,-2955.228923,-825.774,-150.63,396.321,0.762496,-141.081,-388.22,-327.519,13.702,-102.023,-274.686,-129.747,-492.363,-457.4,-76.5694,0,0
14862,220908768,14788,-3051.140382,-809.352,-141.51,341.646,28.6496,-130.588,-407.949,-346.659,-4.07593,-107.65,-272.414,-157.434,-465.223,-474.448,-104.133,0,0
14863,220938495,14790,-3158.824859,-831.03,-138.335,304.202,43.2998,-193.901,-377.934,-346.595,-16.1336,-120.746,-272.117,-149.194,-487.284,-437.164,-135.894,0,0
14864,220968224,14792,-3187.995443,-811.698,-153.273,260.52,61.3009,-166.663,-375.607,-347.259,-26.4902,-130.695,-258.701,-144.768,-523.202,-407.971,-163.489,0,0
14865,220997955,14794,-3214.120703,-849.466,-151.045,213.011,81.063,-139.171,-392.404,-351.066,-36.5472,-105.031,-271.792,-162.414,-521.361,-386.682,-141.216,0,0
14866,221027688,14796,-3128.719917,-760.224,-168.931,219.438,37.001,-93.6803,-393.264,-348.938,-50.7462,-97.5823,-240.975,-149.016,-532.797,-404.472,-144.533,0,0
14867,221057423,14798,-3198.815522,-737.082,-198.762,219.981,30.8821,-96.1291,-377.256,-342.945,-64.599,-120.687,-257.54,-177.407,-533.331,-426.065,-117.876,0,0
14868,221087160,14800,-3320.260971,-759.931,-201.595,225.458,-6.30697,-83.5162,-412.052,-349.613,-69.7295,-69.0822,-281.923,-175.95,-533.928,-482.565,-119.528,0,0
14869,221116899,14802,-3388.330644,-762.878,-223.373,259.937,-3.31464,-107.22,-424.726,-363.622,-41.6463,-85.1099,-283.058,-224.431,-548.34,-480.009,-100.539,0,0
14870,221146640,14804,-3175.935531,-731.817,-223.264,287.522,-12.3859,-117.672,-358.591,-387.563,-22.0767,-95.599,-244.89,-170.526,-511.642,-534.44,-52.9915,0,0
14871,221176383,14806,-3282.399530,-748.855,-228.989,243.11,-12.6352,-85.8737,-386.516,-389.297,-48.8491,-71.8486,-251.91,-192.527,-498.081,-540.173,-69.9541,0,0
14872,221206128,14808,-3327.567197,-785.885,-232.828,260.574,4.52514,-112.645,-352.257,-373.035,-69.195,-102.101,-241.954,-185.934,-492.89,-567.018,-76.9252,0,0
14873,221235875,14810,-3213.635329,-747.013,-204.611,264.269,4.38918,-141.042,-357.062,-381.976,-49.9033,-100.13,-229.308,-211.348,-418.933,-575.923,-65.0448,0,0
14874,221265624,14812,-3061.407196,-717.132,-190.397,259.727,9.36848,-125.496,-349.799,-352.985,-35.8205,-117.837,-182.806,-220.755,-438.24,-490.439,-108.795,0,0
14875,221295375,14814,-2974.559596,-696.35,-181.128,255.531,6.28854,-131.895,-330.668,-309.863,-28.9549,-88.8687,-175.805,-228.928,-460.634,-540.719,-62.564,0,0
14876,221325128,14816,-2973.470276,-694.56,-156.972,249.039,12.3803,-143.482,-310.474,-336.536,-46.8041,-90.9601,-199.6,-243.107,-417.712,-519.622,-75.0617,0,0
14877,221354883,14818,-3161.759222,-704.869,-202.651,199.721,29.2339,-150.821,-283.217,-328.549,-42.0081,-143.526,-224.617,-217.947,-420.917,-572.001,-99.5936,0,0
14878,221384640,14820,-3237.057714,-703.168,-208.442,144.396,58.263,-121.284,-328.958,-307.42,-89.1458,-160.401,-242.426,-182.355,-458.816,-546.787,-90.5115,0,0
14879,221414399,14822,-3291.914202,-685.567,-187.179,113.129,38.2942,-117.622,-327.82,-313.226,-124.21,-130.101,-249.979,-201.837,-446.616,-579.883,-79.2977,0,0
14880,221444160,14824,-3356.936017,-720.957,-176.918,83.7964,30.3159,-80.279,-367.507,-319.107,-88.9174,-126.452,-274.476,-173.936,-451.61,-581.489,-109.401,0,0
14881,221473923,14826,-3387.307866,-751.446,-184.602,61.4649,40.4001,-86.6213,-357.183,-331.781,-64.2667,-89.3185,-280.983,-176.859,-399.86,-579.974,-186.279,0,0
14882,221503688,14828,-3560.268946,-802.926,-205.399,57.2419,68.4796,-116.027,-393.059,-312.658,-57.1866,-74.3516,-276.835,-205.672,-454.503,-583.077,-204.297,0,0
14883,221533455,14830,-3311.979637,-771.505,-181.03,44.0765,148.5,-95.4962,-392.996,-297.397,-50.4687,-63.9809,-286.176,-170.339,-400.472,-580.343,-214.352,0,0
14884,221563224,14832,-3296.160535,-775.075,-167.775,38.7315,139.633,-112.781,-382.674,-340.207,-59.4615,-71.0113,-260.755,-170.675,-353.73,-601.915,-178.466,0,0
14885,221592995,14834,-3159.680654,-772.744,-176.464,35.616,157.647,-106.196,-324.357,-331.022,-24.2381,-69.7217,-263.449,-197.53,-342.266,-584.481,-160.475,0,0
14886,221622768,14836,-2979.019228,-715.405,-186.156,116.322,140.837,-95.6057,-352.166,-314.964,-6.23659,-91.8987,-221.375,-215.104,-324.788,-556.195,-156.284,0,0
14887,221652543,14838,-3050.714672,-762.164,-184.793,111.259,144.849,-109.827,-340.045,-326.708,29.3428,-79.4838,-236.284,-203.09,-349.368,-589.629,-154.773,0,0
14888,221682320,14840,-3120.459591,-770.915,-197.543,121.015,177.031,-143.435,-336.728,-326.457,4.63514,-90.3385,-253.342,-217.282,-362.593,-566.329,-158.178,0,0
14889,221712099,14842,-3021.831187,-749.765,-207.128,109.888,161.156,-116.851,-321.35,-318.337,10.717,-91.7412,-274.599,-226.943,-362.644,-534.166,-100.068,0,0
14890,221741880,14844,-2964.704103,-745.605,-192.825,30.7522,204.277,-121.017,-288.29,-308.012,15.5763,-67.3294,-310.064,-202.011,-337.674,-573.693,-68.7881,0,0
14891,221771663,14846,-3029.809698,-779.545,-195.468,40.7338,183.398,-100.622,-311.914,-312.027,25.505,-91.736,-277.834,-214.769,-366.584,-510.613,-118.335,0,0
14892,221801448,14848,-3076.460465,-782.476,-199.113,48.5342,175.69,-100.858,-356.729,-289.438,48.3758,-141.053,-321.623,-198.916,-327.733,-508.83,-122.292,0,0
14893,221831235,14850,-2854.080209,-786.506,-170.702,60.5074,180.746,-98.2184,-299.55,-256.452,54.3715,-97.6194,-321.978,-193.519,-342.379,-518.792,-63.9896,0,0
14894,221861024,14852,-2832.878669,-798.527,-194.405,160.418,85.0358,-64.5786,-305.106,-269.268,36.4513,-58.6567,-290.907,-159.436,-381.106,-525.96,-66.832,0,0
14895,221890815,14854,-2869.608702,-768.647,-208.943,166.442,44.2083,-52.8709,-305.92,-284.016,29.8192,-88.0624,-304.717,-196.848,-362.54,-486.372,-51.1428,0,0
14896,221920608,14856,-2804.980890,-729.759,-208.593,220.345,-7.56899,-35.3041,-329.487,-241.897,-2.54118,-70.7945,-349.498,-159.961,-346.554,-479.342,-64.0278,0,0
14897,221950403,14858,-2770.718535,-762.969,-183.189,249.363,-26.403,-30.4811,-329.174,-219.851,22.253,-104.201,-350.154,-137.37,-373.668,-447.299,-77.5745,0,0
14898,221980200,14860,-2867.361987,-822.17,-203.787,251.374,-6.06228,-16.9068,-326.992,-219.598,-6.75025,-132.767,-369.015,-139.526,-316.922,-472.067,-86.1724,0,0
14899,222009999,14862,-2845.831272,-805.471,-188.33,282.444,-46.8404,-37.2099,-294.686,-211.621,-0.741773,-143.949,-365.56,-180.885,-347.002,-443.423,-62.5577,0,0
14900,222039800,14864,-2680.716332,-772.762,-201.985,311.447,-42.5658,9.60884,-317.635,-250.029,22.2616,-129.358,-394.816,-133.047,-324.626,-442.011,-15.199,0,0
14901,222069603,14866,-2584.053124,-699.153,-208.476,243.51,48.6494,26.1745,-306.942,-252.185,-11.449,-118.939,-409.578,-117.694,-317.482,-457.333,-3.15447,0,0
14902,222099408,14868,-2576.821995,-731.535,-197.079,240.508,51.9793,-6.88424,-274.088,-261.73,20.486,-103.496,-344.41,-130.041,-320.152,-489.617,-30.7628,0,0
14903,222129215,14870,-2565.212312,-722.016,-213.628,259.794,84.2527,-9.19063,-322.778,-253.687,49.3411,-118.91,-334.843,-136.45,-302.39,-481.697,-63.0114,0,0
14904,222159024,14872,-2469.072413,-701.488,-202.179,271.728,74.5771,-5.50485,-326.411,-279.298,65.4177,-117.312,-356.017,-104.703,-292.703,-444.413,-50.7667,0,0
14905,222188835,14874,-2490.371946,-701.059,-180.675,227.949,78.8421,1.05412,-314.848,-252.326,59.206,-107.275,-368.527,-93.9419,-331.601,-418.595,-88.5758,0,0
14906,222218648,14876,-2312.658248,-625.621,-170.283,261.049,74.3438,14.9939,-324.867,-272.806,63.849,-114.304,-343.289,-89.2974,-320.53,-391.355,-74.5412,0,0
14907,222248463,14878,-2332.463013,-625.282,-155.727,279.265,30.4873,-21.3215,-316.372,-251.831,76.9958,-105.031,-334.68,-81.047,-332.609,-409.506,-85.8054,0,0
14908,222278280,14880,-2181.186038,-639.934,-132.283,305.415,50.9214,-44.7005,-257.005,-268.448,60.0653,-62.3518,-316.892,-76.871,-359.048,-349.228,-90.8252,0,0
14909,222308099,14882,-2330.417656,-663.686,-124.785,263.566,43.4174,-68.8983,-289.77,-255.332,88.1409,-46.4634,-312.589,-114.806,-385.006,-396.995,-67.2116,0,0
14910,222337920,14884,-2441.104365,-700.428,-164.289,237.825,99.6085,-49.2798,-322.34,-274.021,52.2126,-81.8699,-362.678,-101.068,-339.001,-383.087,-52.6891,0,0
14911,222367743,14886,-2380.812249,-733.269,-171.737,263.085,144.042,-25.2194,-364.228,-271.77,33.0737,-46.5278,-378.019,-50.0697,-354.563,-412.408,-13.2011,0,0
14912,222397568,14888,-2402.893705,-753.102,-160.299,247.279,160.527,-4.67223,-369.611,-285.598,80.9343,-50.9464,-387.102,-78.2328,-367.945,-408.343,-25.7832,0,0
14913,222427395,14890,-2466.926476,-737.034,-175.696,240.589,131.833,-10.8087,-380.507,-261.284,93.1481,-74.963,-418.474,-51.6499,-389.83,-421.677,-10.5738,0,0
14914,222457224,14892,-2337.951546,-756.957,-142.205,254.778,134.435,18.805,-389.141,-264.906,142.222,-93.6814,-370.574,-55.652,-395.558,-425.408,5.89053,0,0
14915,222487055,14894,-2238.405082,-715.978,-149.659,280.254,123.679,60.7925,-401.843,-271.066,164.22,-78.957,-351.473,-77.0696,-410.208,-411.388,0.292318,0,0
14916,222516888,14896,-2252.941101,-714.991,-122.116,244.378,123.273,103.654,-458.741,-260.48,149.08,-69.7585,-363.568,-92.722,-354.965,-402.186,-33.7979,0,0
14917,222546723,14898,-2059.559813,-664.103,-111.518,191.79,173.63,123.197,-457.125,-223.507,162.293,-113.558,-321.188,-76.2324,-371.104,-369.515,-2.61986,0,0
14918,222576560,14900,-1882.067522,-617.206,-122.033,273.137,148.103,109.18,-407.693,-185.335,113.297,-113.573,-291.438,-47.6615,-387.915,-351.378,-1.55137,0,0
14919,222606399,14902,-1959.951023,-576.409,-129.382,209.544,189.636,86.1623,-393.528,-206.159,124.228,-119.854,-287.873,-81.9032,-439.754,-314.362,-20.2984,0,0
14920,222636240,14904,-2069.492307,-604.602,-155.845,230.883,187.102,63.8279,-414.108,-209.709,115.078,-114.482,-299.254,-89.9122,-449.504,-273.957,-55.0098,0,0
14921,222666083,14906,-2057.460394,-589.894,-160.252,234.282,199.629,43.4909,-418.623,-178.331,122.722,-87.8345,-348.708,-70.3298,-448.083,-298.802,-56.7276,0,0
14922,222695928,14908,-2157.041892,-607.177,-129.662,220.675,183.211,-2.59144,-397.325,-166.224,81.0848,-101.552,-363.07,-42.2497,-476.779,-287.61,-67.7704,0,0
14923,222725775,14910,-2082.087173,-622.56,-113.017,220.182,203.616,-12.6168,-381.972,-182.989,133.148,-114.672,-328.056,-57.005,-442.959,-286.531,-96.6559,0,0
14924,222755624,14912,-2039.437142,-651.933,-98.4846,200.567,207.311,15.1675,-403.552,-168.95,153.077,-150.771,-340.76,-48.9064,-453.833,-256.527,-41.8425,0,0
14925,222785475,14914,-1956.731758,-624.406,-90.787,183.067,238.768,34.8908,-388.2,-155.575,125.147,-149.34,-297.946,-41.3372,-496.491,-246.387,-48.1347,0,0
14926,222815328,14916,-2047.167508,-686.87,-63.2024,192.503,222.341,10.798,-378.909,-164.06,115.577,-123.004,-297.825,-76.5988,-463.36,-275.502,-59.0556,0,0
14927,222845183,14918,-1896.335357,-671.433,-73.5626,159.113,255.916,27.8359,-364.679,-132.022,123.147,-113.634,-272.465,-80.5049,-417.999,-271.824,-64.224,0,0
14928,222875040,14920,-1829.198701,-640.986,-73.9256,152.541,223.482,128.612,-433.007,-184.856,150,-85.1514,-296.196,-31.3382,-396.791,-273.624,-67.9565,0,0
14929,222904899,14922,-1851.226500,-643.639,-68.2334,154.086,217.109,98.3307,-412.787,-171.411,137.355,-62.014,-291.992,-1.03771,-396.826,-305.681,-104.487,0,0
14930,222934760,14924,-1819.582038,-604.283,-35.6542,104.624,250.733,81.2962,-441.174,-159.311,138.001,-81.8982,-249.406,-40.2939,-413.732,-292.782,-75.7019,0,0
14931,222964623,14926,-2048.663303,-609.027,-47.9095,95.2781,248.297,58.3253,-462.148,-185.004,90.211,-77.3852,-255.654,-71.8509,-453.106,-267.664,-111.027,0,0
14932,222994488,14928,-1932.934276,-583.761,-42.2779,92.751,246.093,107.165,-463.73,-195.697,82.9928,-93.2627,-231.22,-68.5911,-432.909,-255.228,-95.2599,0,0
14933,223024355,14930,-1974.611031,-585.594,-35.5912,81.4545,210.591,89.062,-431.128,-195.462,100.283,-97.4772,-255.253,-89.696,-383.216,-273.602,-108.983,0,0
14934,223054224,14932,-1799.249289,-557.418,-21.9071,60.9799,216.325,98.9589,-389.905,-173.295,102.127,-85.63,-255.497,-105.432,-398.497,-238.891,-51.1682,0,0
14935,223084095,14934,-1662.856015,-546.342,-2.16788,52.7348,228.94,96.9859,-366.552,-104.852,94.8421,-82.3758,-223.915,-111.146,-371.388,-224.219,-103.401,0,0
