k,n,X,q,P_q_rho0_kernelQ,P_q_rho_Q6U,sqrt_X_over_q
6,173,30275,2,-65.5,-65.5,123.03454799364283
6,184,34224,2,0.0,0.0,130.81284340614266
6,196,38808,2,0.0,0.0,139.2982411949268
6,208,43680,2,0.0,0.0,147.78362561528934
6,221,49283,2,-65.5,-65.5,156.97611283249435
6,235,55695,2,-65.5,-65.5,166.8757022457134
6,250,63000,2,0.0,0.0,177.48239349298848
6,266,71288,2,0.0,0.0,188.79618640216228
6,283,80655,2,-65.5,-65.5,200.81708094681588
6,301,91203,2,-65.5,-65.5,213.54507720853692
6,320,103040,2,0.0,0.0,226.98017534577772
6,341,116963,2,-65.5,-65.5,241.8294853817458
6,362,131768,2,0.0,0.0,256.6787875925862
6,385,148995,2,-65.5,-65.5,272.94230159504406
6,410,168920,2,0.0,0.0,290.6200268391702
6,436,190968,2,0.0,0.0,309.0048543308017
6,463,215295,2,-65.5,-65.5,328.09678450115905
6,493,244035,2,-65.5,-65.5,349.3100342102986
6,524,275624,2,0.0,0.0,371.2303866872969
6,557,311363,2,-65.5,-65.5,394.5649502933579
6,593,352835,2,-65.5,-65.5,420.0208328166592
6,630,398160,2,0.0,0.0,446.183818621877
6,670,450240,2,0.0,0.0,474.46812327067875
6,713,509795,2,-65.5,-65.5,504.87374659413615
6,173,30275,3,77.33333333333333,77.33333333333333,100.45728777279759
6,184,34224,3,0.0,0.0,106.80823938254952
6,196,38808,3,0.0,0.0,113.73653766490345
6,208,43680,3,0.0,0.0,120.66482503198685
6,221,49283,3,77.33333333333333,77.33333333333333,128.1704594150566
6,235,55695,3,0.0,0.0,136.25344032353826
6,250,63000,3,0.0,0.0,144.9137674618944
6,266,71288,3,77.33333333333333,77.33333333333333,154.15144068955914
6,283,80655,3,0.0,0.0,163.96645998496155
6,301,91203,3,0.0,0.0,174.35882541471767
6,320,103040,3,77.33333333333333,77.33333333333333,185.32853710820325
6,341,116963,3,77.33333333333333,77.33333333333333,197.45294798170693
6,362,131768,3,77.33333333333333,77.33333333333333,209.57735246602067
6,385,148995,3,0.0,0.0,222.85645604289772
6,410,168920,3,77.33333333333333,77.33333333333333,237.29025826330644
6,436,190968,3,0.0,0.0,252.30140705116966
6,463,215295,3,0.0,0.0,267.8899027585773
6,493,244035,3,0.0,0.0,285.21044861645584
6,524,275624,3,77.33333333333333,77.33333333333333,303.1083414666556
6,557,311363,3,77.33333333333333,77.33333333333333,322.1609328684449
6,593,352835,3,77.33333333333333,77.33333333333333,342.9455739132183
6,630,398160,3,0.0,0.0,364.3075623700392
6,670,450240,3,0.0,0.0,387.40160040970403
6,713,509795,3,77.33333333333333,77.33333333333333,412.2276878942833
6,173,30275,5,0.0,0.0,77.8138805098422
6,184,34224,5,-40.2,-40.19999999999347,82.73330647326988
6,196,38808,5,-5.4,-5.400000000021464,88.09994324629274
6,208,43680,5,0.0,0.0,93.46657156438339
6,221,49283,5,-5.4,-5.4,99.28041095805355
6,235,55695,5,0.0,5.220499588176608e-11,105.54146104730596
6,250,63000,5,0.0,8.585629984736443e-11,112.24972160321825
6,266,71288,5,-5.4,-5.400000000085856,119.40519251690858
6,283,80655,5,0.0,0.0,127.00787377166819
6,301,91203,5,-5.4,-5.4,135.05776541909762
6,320,103040,5,0.0,1.0440999176353216e-10,143.5548675594109
6,341,116963,5,-5.4,-5.4,152.94639583854206
6,362,131768,5,-5.4,-5.4,162.337919168628
6,385,148995,5,0.0,-2.0881998352706432e-10,172.6238685697896
6,410,168920,5,0.0,2.0881998352706432e-10,183.80424369420854
6,436,190968,5,-5.4,-5.399999999656575,195.43182954677573
6,463,215295,5,0.0,-2.0881998352706432e-10,207.50662640021883
6,493,244035,5,0.0,0.0,220.92306353117593
6,524,275624,5,-40.2,-40.19999999958236,234.7867117193816
6,557,311363,5,-5.4,-5.4,249.54478555962655
6,593,352835,5,0.0,-4.1763996705412864e-10,265.64449928428786
6,630,398160,5,0.0,-6.868503987789154e-10,282.19142439131633
6,670,450240,5,0.0,8.352799341082573e-10,300.0799893361768
6,713,509795,5,0.0,-8.352799341082573e-10,319.3101940120296
6,173,30275,6,48.333333333333336,48.333333333333435,71.03402940375362
6,184,34224,6,0.0,1.7431981783981125e-12,75.52483035399682
6,196,38808,6,0.0,0.0,80.4238770515324
6,208,43680,6,0.0,0.0,85.32291603080617
6,221,49283,6,48.333333333333336,48.333333333333336,90.63020100018169
6,235,55695,6,22.333333333333332,22.333333333317416,96.34573161277048
6,250,63000,6,0.0,0.0,102.46950765959599
6,266,71288,6,-26.0,-25.999999999986056,109.00152904126315
6,283,80655,6,22.333333333333332,22.333333333333332,115.94179574251902
6,301,91203,6,22.333333333333332,22.333333333333332,123.29030781046822
6,320,103040,6,-26.0,-26.0,131.04706533659322
6,341,116963,6,48.333333333333336,48.333333333333336,139.62031848313958
6,362,131768,6,-26.0,-26.000000000027892,148.19356711184642
6,385,148995,6,22.333333333333332,22.333333333389117,157.58331129913472
6,410,168920,6,-26.0,-26.0,167.78955072749116
6,436,190968,6,0.0,1.2732925824820995e-10,178.4040358287895
6,463,215295,6,22.333333333333332,22.33333333346066,189.4267668519948
6,493,244035,6,22.333333333333332,22.33333333346066,201.6742422819533
6,524,275624,6,-26.0,-26.000000000111566,214.32996368527975
6,557,311363,6,48.333333333333336,48.333333333333336,227.8021802646615
6,593,352835,6,48.333333333333336,48.33333333307868,242.499140891949
6,630,398160,6,0.0,2.546585164964199e-10,257.60434778939583
6,670,450240,6,0.0,0.0,273.9342986922229
6,713,509795,6,48.333333333333336,48.333333333110204,291.4889935028994
6,173,30275,10,-37.4,-37.4,55.02272257894914
6,184,34224,10,-104.5,-104.49999999999618,58.50128203723402
6,196,38808,10,44.5,44.500000000005095,62.29606729160357
6,208,43680,10,0.0,0.0,66.09084656743322
6,221,49283,10,-81.9,-81.9,70.20185182742689
6,235,55695,10,-37.4,-37.40000000001019,74.6290828028859
6,250,63000,10,0.0,-2.037268131971359e-11,79.37253933193772
6,266,71288,10,44.5,44.50000000002037,84.43222133759126
6,283,80655,10,-37.4,-37.399999999959256,89.80812880803163
6,301,91203,10,-81.9,-81.9,95.50026177974593
6,320,103040,10,0.0,6.111804395914078e-11,101.50862032359616
6,341,116963,10,-81.9,-81.9,108.14943365547505
6,362,131768,10,44.5,44.49999999991851,114.79024348785047
6,385,148995,10,-37.4,-37.399999999959256,122.06350806035357
6,410,168920,10,0.0,1.2223608791828156e-10,129.96922712703957
6,436,190968,10,44.5,44.49999999991851,138.1911719322186
6,463,215295,10,-37.4,-37.400000000189905,146.7293426687382
6,493,244035,10,-37.4,-37.4,156.21619634340095
6,524,275624,10,-104.5,-104.50000000008149,166.0192759892658
6,557,311363,10,-81.9,-81.9,176.45481007895478
6,593,352835,10,-37.4,-37.400000000379805,187.8390268288249
6,630,398160,10,0.0,1.6298145055770873e-10,199.5394697797907
6,670,450240,10,0.0,-1.6298145055770873e-10,212.1885953579975
6,713,509795,10,-37.4,-37.39999999983702,225.78640348789827
6,173,30275,15,185.2,185.19999999999987,44.92586485904677
6,184,34224,15,93.0,92.99999999999798,47.76609676329017
6,196,38808,15,67.0,66.99999999999595,50.86452594883786
6,208,43680,15,0.0,1.7810937909719844e-11,53.96295025292817
6,221,49283,15,91.2,91.2,57.31957199188889
6,235,55695,15,0.0,-6.760577283178767e-12,60.93439094632849
6,250,63000,15,0.0,-9.807384534118076e-12,64.8074069840786
6,266,71288,15,91.2,91.19999999999018,68.93862004227626
6,283,80655,15,0.0,8.661421209884187e-11,73.32803011127464
6,301,91203,15,67.0,67.0,77.97563722086534
6,320,103040,15,185.2,185.1999999999601,82.88144142890695
6,341,116963,15,91.2,91.2,88.30364280896532
6,362,131768,15,91.2,91.20000000017323,93.72584133169109
6,385,148995,15,0.0,5.69950013111035e-11,99.66443698732262
6,410,168920,15,185.2,185.20000000011382,106.11942957504688
6,436,190968,15,67.0,67.00000000006233,112.83261939705203
6,463,215295,15,0.0,-1.6043486539274455e-10,119.80400661079746
6,493,244035,15,0.0,3.6973991276075445e-10,127.54999019992123
6,524,275624,15,48.2,48.20000000000073,135.55417121333204
6,557,311363,15,91.2,91.2,144.07474911771783
6,593,352835,15,185.2,185.19999999970048,153.36992317052693
6,630,398160,15,0.0,1.7801842962702114e-10,162.9232948353304
6,670,450240,15,0.0,4.806982663770516e-10,173.2512626216617
6,713,509795,15,185.2,185.20000000027866,184.35382646783694
6,173,30275,30,160.66666666666666,160.66666666666663,31.76738369250239
6,184,34224,30,-397.1666666666667,-397.1666666666682,33.77573093213528
6,196,38808,30,-313.8333333333333,-313.83333333333377,35.96665122026236
6,208,43680,30,0.0,6.264144758461043e-12,38.157568056677825
6,221,49283,30,-342.0,-342.0,40.53105805017513
6,235,55695,30,-272.1333333333333,-272.1333333332869,43.087121045621046
6,250,63000,30,0.0,-3.3810465538408605e-11,45.8257569495584
6,266,71288,30,69.86666666666666,69.86666666659472,48.746965717536376
6,283,80655,30,-272.1333333333333,-272.13333333335964,51.85074734273364
6,301,91203,30,41.7,41.7,55.137101846216034
6,320,103040,30,-432.8,-432.80000000000757,58.60602926889576
6,341,116963,30,-342.0,-342.0,62.4401046336941
6,362,131768,30,69.86666666666666,69.86666666664713,66.27417797805316
6,385,148995,30,-272.1333333333333,-272.13333333322015,70.47339923687518
6,410,168920,30,-432.8,-432.799999999841,75.03776826816392
6,436,190968,30,-313.8333333333333,-313.8333333334225,79.78471031469627
6,463,215295,30,-272.1333333333333,-272.13333333349914,84.71422548781285
6,493,244035,30,-272.1333333333333,-272.1333333334714,90.19146301064198
6,524,275624,30,-69.96666666666667,-69.96666666653576,95.85127368306937
6,557,311363,30,-342.0,-342.0000000009643,101.87623209888883
6,593,352835,30,160.66666666666666,160.66666666622586,108.44891270393938
6,630,398160,30,0.0,-9.814054161931077e-10,115.20416659131735
6,670,450240,30,0.0,-1.3521154566357532e-10,122.50714264890844
6,713,509795,30,160.66666666666666,160.6666666674167,130.35784083309554
7,714,511224,2,0.0,0.0,505.5808540678731
7,761,580643,2,112.5,112.5,538.8149032831219
7,812,660968,2,0.0,0.0,574.8773782294795
7,865,749955,2,112.5,112.5,612.3540642471478
7,922,851928,2,0.0,0.0,652.6591759869772
7,983,968255,2,112.5,112.5,695.7927133852438
7,1048,1100400,2,0.0,0.0,741.7546764261078
7,1118,1252160,2,0.0,0.0,791.252172192911
7,1192,1423248,2,0.0,0.0,843.578093598927
7,1270,1615440,2,0.0,0.0,898.7324407185934
7,1354,1836024,2,0.0,0.0,958.1294275827248
7,1444,2088024,2,0.0,0.0,1021.7690541409052
7,1539,2371599,2,112.5,112.5,1088.9442134471353
7,1641,2696163,2,112.5,112.5,1161.069119389539
7,1750,3066000,2,0.0,0.0,1238.1437719424994
7,1865,3481955,2,112.5,112.5,1319.4610642228138
7,1989,3960099,2,112.5,112.5,1407.142316896198
7,2120,4498640,2,0.0,0.0,1499.773316204819
7,2260,5112120,2,0.0,0.0,1598.7682758924134
7,2410,5812920,2,0.0,0.0,1704.8343027989554
7,2569,6604899,2,112.5,112.5,1817.2642900800092
7,2739,7507599,2,112.5,112.5,1937.4724514170518
7,2920,8532240,2,0.0,0.0,2065.458786807425
7,3113,9696995,2,112.5,112.5,2201.930403078172
7,714,511224,3,0.0,0.0,412.805038728938
7,761,580643,3,-388.0,-388.0,439.9405262835724
7,812,660968,3,-388.0,-388.0,469.38541377706514
7,865,749955,3,0.0,0.0,499.98499977499324
7,922,851928,3,0.0,0.0,532.8939857044738
7,983,968255,3,-388.0,-388.0,568.1123715134768
7,1048,1100400,3,0.0,0.0,605.6401571890689
7,1118,1252160,3,-388.0,-388.0,646.0546932471482
7,1192,1423248,3,0.0,0.0,688.7786291690531
7,1270,1615440,3,0.0,0.0,733.8119650155618
7,1354,1836024,3,0.0,0.0,782.3094017075341
7,1444,2088024,3,0.0,0.0,834.2709392038057
7,1539,2371599,3,0.0,0.0,889.1192271006178
7,1641,2696163,3,0.0,0.0,948.0089662023245
7,1750,3066000,3,0.0,0.0,1010.9401564880089
7,1865,3481955,3,-388.0,-388.0,1077.3354476051861
7,1989,3960099,3,0.0,0.0,1148.9268906244645
7,2120,4498640,3,-388.0,-388.0,1224.5597848478722
7,2260,5112120,3,0.0,0.0,1305.388830961871
7,2410,5812920,3,0.0,0.0,1391.9913792836505
7,2569,6604899,3,0.0,0.0,1483.790079492379
7,2739,7507599,3,0.0,0.0,1581.9396322236826
7,2920,8532240,3,0.0,0.0,1686.4400374753916
7,3113,9696995,3,-388.0,-388.0,1797.868645554137
7,714,511224,5,-72.4,-72.4,319.7574080455369
7,761,580643,5,-320.8,-320.79999999993305,340.77646632360046
7,812,660968,5,-320.8,-320.80000000019646,363.5843781022502
7,865,749955,5,0.0,-3.92901711165905e-10,387.2867154964136
7,922,851928,5,-320.8,-320.7999999996071,412.77790638550414
7,983,968255,5,0.0,0.0,440.0579507292193
7,1048,1100400,5,0.0,-5.355104804039001e-10,469.12684851754113
7,1118,1252160,5,0.0,-5.355104804039001e-10,500.4318135370692
7,1192,1423248,5,-320.8,-320.7999999984284,533.5256319990633
7,1270,1615440,5,0.0,-1.57160684466362e-09,568.4083039506021
7,1354,1836024,5,-72.4,-72.4,605.9742568789535
7,1444,2088024,5,-72.4,-72.4,646.2234907522319
7,1539,2371599,5,-72.4,-72.4,688.7087918707006
7,1641,2696163,5,-320.8,-320.7999999968568,734.3245876313825
7,1750,3066000,5,0.0,0.0,783.0708780180757
7,1865,3481955,5,0.0,-2.1420419216156004e-09,834.5004493707597
7,1989,3960099,5,-72.4,-72.40000000628643,889.9549426796842
7,2120,4498640,5,0.0,6.28642737865448e-09,948.5399306302292
7,2260,5112120,5,0.0,0.0,1011.1498405280989
7,2410,5812920,5,0.0,4.284083843231201e-09,1078.231886005974
7,2569,6604899,5,-72.4,-72.40000000628643,1149.3388534283526
7,2739,7507599,5,-72.4,-72.4,1225.3651700615617
7,2920,8532240,5,0.0,1.257285475730896e-08,1306.3108359039206
7,3113,9696995,5,0.0,1.257285475730896e-08,1392.6230645799315
7,714,511224,6,0.0,0.0,291.89724219320743
7,761,580643,6,171.0,171.00000000024647,311.0849294538926
7,812,660968,6,-25.0,-25.0,331.9056090718163
7,865,749955,6,146.0,145.9999999990141,353.5427838324522
7,922,851928,6,0.0,0.0,376.8129509451606
7,983,968255,6,171.0,171.0000000009859,401.7161103731506
7,1048,1100400,6,0.0,0.0,428.25226210727715
7,1118,1252160,6,-25.0,-24.99999999773475,456.8296546124533
7,1192,1423248,6,0.0,0.0,487.0400394218118
7,1270,1615440,6,0.0,3.943569026887417e-09,518.8834165783293
7,1354,1836024,6,0.0,-4.530496274431546e-09,553.1762829333883
7,1444,2088024,6,0.0,3.943569026887417e-09,589.9186384578809
7,1539,2371599,6,146.0,146.0000000045305,628.7022347661888
7,1641,2696163,6,146.0,146.0,670.3435686273122
7,1750,3066000,6,0.0,9.060992548863093e-09,714.8426400264607
7,1865,3481955,6,171.0,171.00000000906098,761.7912006142716
7,1989,3960099,6,146.0,146.0,812.4139954481336
7,2120,4498640,6,-25.0,-25.0,865.89452783427
7,2260,5112120,6,0.0,0.0,923.0492944583187
7,2410,5812920,6,0.0,1.5774276107549667e-08,984.2865436446848
7,2569,6604899,6,146.0,145.999999981878,1049.1980270663876
7,2739,7507599,6,146.0,146.00000001577428,1118.600241373119
7,2920,8532240,6,0.0,-3.1548552215099335e-08,1192.4931865633446
7,3113,9696995,6,171.0,171.00000003154855,1271.2851109540036
7,714,511224,10,-204.0,-204.0,226.10263156363308
7,761,580643,10,-229.0,-228.99999999996527,240.96535020620703
7,812,660968,10,102.0,102.00000000010422,257.0929792895948
7,865,749955,10,-127.0,-127.00000000006949,273.8530627909792
7,922,851928,10,102.0,101.99999999918619,291.87805672917585
7,983,968255,10,-127.0,-127.00000000027794,311.1679610756866
7,1048,1100400,10,0.0,-2.779415808618069e-10,331.7227758234276
7,1118,1252160,10,0.0,-2.779415808618069e-10,353.85872887354355
7,1192,1423248,10,102.0,102.00000000027794,377.2595923233762
7,1270,1615440,10,0.0,8.338247425854206e-10,401.92536620621496
7,1354,1836024,10,-204.0,-204.0,428.48850626358694
7,1444,2088024,10,-204.0,-203.99999999888823,456.94901247294536
7,1539,2371599,10,77.0,77.00000000111177,486.99065699456696
7,1641,2696163,10,-229.0,-229.00000000166764,519.2458955061658
7,1750,3066000,10,0.0,0.0,553.7147279962851
7,1865,3481955,10,-127.0,-127.00000000111177,590.0809266532854
7,1989,3960099,10,77.0,76.99999999888823,629.2931749192899
7,2120,4498640,10,0.0,1.1117663234472276e-09,670.7190171748524
7,2260,5112120,10,0.0,0.0,714.9909090331149
7,2410,5812920,10,0.0,2.223532646894455e-09,762.4250782863849
7,2569,6604899,10,77.0,77.00000001302105,812.7052971403594
7,2739,7507599,10,77.0,77.00000000444706,866.4640211803373
7,2920,8532240,10,0.0,2.223532646894455e-09,923.7012504051296
7,3113,9696995,10,-127.0,-127.0000000066706,984.7332126012609
7,714,511224,15,-679.6666666666666,-679.6666666666666,184.61202561046775
7,761,580643,15,-628.0666666666667,-628.0666666670222,196.74738456542016
7,812,660968,15,-628.0666666666667,-628.0666666662296,209.9155385704768
7,865,749955,15,0.0,-4.268561800320943e-10,223.6000894454204
7,922,851928,15,26.333333333333332,26.333333333333332,238.31743536720094
7,983,968255,15,-275.4,-275.40000000044915,254.06757631254985
7,1048,1100400,15,0.0,7.537892088294029e-10,270.8505122756832
7,1118,1252160,15,-275.4,-275.40000000125923,288.9244422566795
7,1192,1423248,15,26.333333333333332,26.333333335847904,308.03116725422444
7,1270,1615440,15,0.0,3.0132165799538294e-09,328.17068729549874
7,1354,1836024,15,-679.6666666666666,-679.6666666621672,349.85940033104725
7,1444,2088024,15,-679.6666666666666,-679.6666666666666,373.09730634246074
7,1539,2371599,15,-679.6666666666666,-679.666666661133,397.6262063798109
7,1641,2696163,15,26.333333333333332,26.333333330104747,423.96249834153963
7,1750,3066000,15,0.0,8.99890437722206e-09,452.1061822182926
7,1865,3481955,15,-275.4,-275.40000000503693,481.7990590830718
7,1989,3960099,15,-679.6666666666666,-679.6666666956696,513.8157257227537
7,2120,4498640,15,-275.4,-275.4000000106093,547.6397842864718
7,2260,5112120,15,0.0,0.0,583.7876326199452
7,2410,5812920,15,0.0,-1.4435499906539917e-08,622.517469634387
7,2569,6604899,15,-679.6666666666666,-679.6666666500348,663.5710964169551
7,2739,7507599,15,-679.6666666666666,-679.666666670128,707.4649107906342
7,2920,8532240,15,0.0,-2.4105732639630635e-08,754.1989127544537
7,3113,9696995,15,-275.4,-275.40000001291435,804.031301214905
7,714,511224,30,-804.5,-804.5,130.5404151977463
7,761,580643,30,-746.3666666666667,-746.3666666665883,139.12140980692607
7,812,660968,30,793.5,793.4999999999444,148.43270079961042
7,865,749955,30,47.13333333333333,47.13333333318466,158.10913952077533
7,922,851928,30,-198.5,-198.5,168.51587462313455
7,983,968255,30,592.6333333333333,592.6333333342916,179.65290609023464
7,1048,1100400,30,0.0,5.336914910003542e-10,191.5202339179858
7,1118,1252160,30,-545.5,-545.5000000006362,204.30043237023915
7,1192,1423248,30,-198.5,-198.4999999992889,217.81092718226972
7,1270,1615440,30,0.0,-8.629285730421543e-10,232.05171837329712
7,1354,1836024,30,-804.5,-804.499999999245,247.3879544359426
7,1444,2088024,30,-804.5,-804.499999990972,263.8196353571887
7,1539,2371599,30,851.6333333333333,851.6333333399632,281.16418690864595
7,1641,2696163,30,245.63333333333333,245.63333333452272,299.7867575460931
7,1750,3066000,30,0.0,1.5100037368635336e-09,319.68734726291564
7,1865,3481955,30,592.6333333333333,592.6333333307887,340.6833818469382
7,1989,3960099,30,851.6333333333333,851.6333333432228,363.32258393884626
7,2120,4498640,30,-545.5,-545.4999999936141,387.2398051165023
7,2260,5112120,30,0.0,0.0,412.8001937984041
7,2410,5812920,30,0.0,1.2922100722789764e-09,440.18632418556575
7,2569,6604899,30,851.6333333333333,851.6333333356704,469.21562207582133
7,2739,7507599,30,851.6333333333333,851.6333333430928,500.25323587159335
7,2920,8532240,30,0.0,6.903428584337234e-09,533.2991655721955
7,3113,9696995,30,592.6333333333333,592.6333333380909,568.535985375303
8,3114,9703224,2,0.0,0.0,2202.6375098958065
8,3334,11122224,2,0.0,0.0,2358.201009244123
8,3569,12744899,2,-388.0,-388.0,2524.3711098014096
8,3821,14607683,2,-388.0,-388.0,2702.5620251901714
8,4090,16736280,2,0.0,0.0,2892.773755411923
8,4379,19184399,2,-388.0,-388.0,3097.127620877125
8,4687,21977343,2,-388.0,-388.0,3314.9165147858553
8,5018,25190360,2,0.0,0.0,3548.9688643322866
8,5372,28869128,2,0.0,0.0,3799.28466951346
8,5751,33085503,2,-388.0,-388.0,4067.2781439188543
8,6157,37920963,2,-388.0,-388.0,4354.363501133087
8,6591,43454463,2,-388.0,-388.0,4661.247847948015
8,7056,49801248,2,0.0,0.0,4990.052504733793
8,7554,57078024,2,0.0,0.0,5342.191685067094
8,8087,65415743,2,-388.0,-388.0,5719.079602523469
8,8657,74960963,2,-388.0,-388.0,6122.130470677671
8,9268,85914360,2,0.0,0.0,6554.1727166744695
8,9922,98465928,2,0.0,0.0,7016.620554084423
8,10622,112848128,2,0.0,0.0,7511.595303262816
8,11371,129322383,2,-388.0,-388.0,8041.2182845636025
8,12173,148206275,2,-388.0,-388.0,8608.31792512335
8,13032,169859088,2,0.0,0.0,9215.722652076722
8,13951,194658303,2,-388.0,-388.0,9865.553785774015
8,14935,223084095,2,-388.0,-388.0,10561.34686013105
8,3114,9703224,3,0.0,0.0,1798.4459958530865
8,3334,11122224,3,0.0,0.0,1925.4630611881391
8,3569,12744899,3,62.333333333333336,62.333333333333336,2061.1403801455804
8,3821,14607683,3,62.333333333333336,62.333333333333336,2206.632653312886
8,4090,16736280,3,0.0,0.0,2361.939880691293
8,4379,19184399,3,62.333333333333336,62.333333333333336,2528.7941131429952
8,4687,21977343,3,0.0,0.0,2706.6180003835043
8,5018,25190360,3,62.333333333333336,62.333333333333336,2897.720943546267
8,5372,28869128,3,62.333333333333336,62.333333333333336,3102.1029426288655
8,5751,33085503,3,0.0,0.0,3320.918698191812
8,6157,37920963,3,0.0,0.0,3555.3229107916486
8,6591,43454463,3,0.0,0.0,3805.892930706275
8,7056,49801248,3,0.0,0.0,4074.3608087649773
8,7554,57078024,3,0.0,0.0,4361.8812455178095
8,8087,65415743,3,62.333333333333336,62.333333333333336,4669.608941513911
8,8657,74960963,3,62.333333333333336,62.333333333333336,4998.698597301768
8,9268,85914360,3,0.0,0.0,5351.45961397449
8,9922,98465928,3,0.0,0.0,5729.046692077139
8,10622,112848128,3,62.333333333333336,62.333333333333336,6133.191882426855
8,11371,129322383,3,0.0,0.0,6565.6272358396955
8,12173,148206275,3,62.333333333333336,62.333333333333336,7028.662153402073
8,13032,169859088,3,0.0,0.0,7524.606036198838
8,13951,194658303,3,0.0,0.0,8055.190935043067
8,14935,223084095,3,0.0,0.0,8623.303601288777
8,3114,9703224,5,680.6,680.5999999999815,1393.0702781984835
8,3334,11122224,5,680.6,680.599999983795,1491.4572739438431
8,3569,12744899,5,680.6,680.59999996759,1596.5524732998913
8,3821,14607683,5,-668.8,-668.8,1709.2503034956583
8,4090,16736280,5,0.0,3.790482878684998e-08,1829.5507645321022
8,4379,19184399,5,680.6,680.6000001296401,1958.7954972380348
8,4687,21977343,5,-668.8,-668.8000001296401,2096.5372880061063
8,5018,25190360,5,0.0,-7.580965757369996e-08,2244.5649912622266
8,5372,28869128,5,-668.8,-668.8,2402.8786070045235
8,5751,33085503,5,-668.8,-668.7999997407198,2572.3725624411404
8,6157,37920963,5,-668.8,-668.8,2753.9412847771464
8,6591,43454463,5,-668.8,-668.8000001516193,2948.0319876147882
8,7056,49801248,5,-668.8,-668.7999994814396,3155.9863117573877
8,7554,57078024,5,680.6,680.5999994814396,3378.6986844049884
8,8087,65415743,5,-668.8,-668.8,3617.063532756924
8,8657,74960963,5,-668.8,-668.7999996967613,3871.9752840120245
8,9268,85914360,5,0.0,1.0371208190917968e-06,4145.222792564955
8,9922,98465928,5,-668.8,-668.7999989628792,4437.700485611889
8,10622,112848128,5,-668.8,-668.8,4750.750003946745
8,11371,129322383,5,-668.8,-668.7999993935227,5085.712988362596
8,12173,148206275,5,0.0,-6.064772605895997e-07,5444.3782932489175
8,13032,169859088,5,-668.8,-668.8000006064773,5828.534772993981
8,13951,194658303,5,-668.8,-668.8000020742417,6239.5240683885495
8,14935,223084095,5,0.0,0.0,6679.582247416376
8,3114,9703224,6,0.0,1.2145543829925979e-11,1271.693359265511
8,3334,11122224,6,0.0,-5.7819609840710955e-09,1361.5079874903415
8,3569,12744899,6,-112.16666666666667,-112.1666666791037,1457.4463397783582
8,3821,14607683,6,-112.16666666666667,-112.16666669154074,1560.3249127452057
8,4090,16736280,6,0.0,-2.3127843936284382e-08,1670.1437063917583
8,4379,19184399,6,-112.16666666666667,-112.16666661691852,1788.1274656280334
8,4687,21977343,6,-55.666666666666664,-55.66666671641482,1913.8679421527495
8,5018,25190360,6,56.5,56.4999999005037,2048.998129167846
8,5372,28869128,6,56.5,56.5000000994963,2193.5180266716143
8,5751,33085503,6,-55.666666666666664,-55.66666676616296,2348.244131260632
8,6157,37920963,6,-55.666666666666664,-55.66666676616296,2513.9929395286695
8,6591,43454463,6,-55.666666666666664,-55.66666646767408,2691.1726997723504
8,7056,49801248,6,0.0,-1.9899259010950723e-07,2881.0081568784217
8,7554,57078024,6,0.0,0.0,3084.315807436067
8,8087,65415743,6,-112.16666666666667,-112.16666646767408,3301.9121480338226
8,8657,74960963,6,-112.16666666666667,-112.16666666666667,3534.6136752597636
8,9268,85914360,6,0.0,3.9798518021901447e-07,3784.053382287306
8,9922,98465928,6,0.0,3.700455029805501e-07,4051.047765702103
8,10622,112848128,6,56.5,56.50000039798518,4336.821570382315
8,11371,129322383,6,-55.666666666666664,-55.666666296621166,4642.599541205336
8,12173,148206275,6,-112.16666666666667,-112.16666666666667,4970.014671339847
8,13032,169859088,6,0.0,0.0,5320.699953953427
8,13951,194658303,6,-55.666666666666664,-55.666667406757675,5695.880133921359
8,14935,223084095,6,-55.666666666666664,-55.66666746263703,6097.596452701671
8,3114,9703224,10,-1266.5,-1266.4999999999925,985.0494403835779
8,3334,11122224,10,-1266.5,-1266.4999999961321,1054.6195522556936
8,3569,12744899,10,-247.9,-247.8999999922642,1128.9330803905075
8,3821,14607683,10,85.6,85.6,1208.6224803469445
8,4090,16736280,10,0.0,-1.5471596270799638e-08,1293.687752125682
8,4379,19184399,10,-247.9,-247.9000000309432,1385.0775790546895
8,4687,21977343,10,85.6,85.60000003094319,1482.4757333595717
8,5018,25190360,10,0.0,3.0943192541599275e-08,1587.1471261354443
8,5372,28869128,10,-1600.0,-1600.0,1699.0917573809838
8,5751,33085503,10,85.6,85.59999993811361,1818.9420826403461
8,6157,37920963,10,85.6,85.6,1947.3305574555131
8,6591,43454463,10,85.6,85.59999981434085,2084.573409597273
8,7056,49801248,10,-1600.0,-1600.0000001237727,2231.6193223755704
8,7554,57078024,10,-1266.5,-1266.4999998762273,2389.100751328834
8,8087,65415743,10,85.6,85.6,2557.6501519949907
8,8657,74960963,10,85.6,85.59999987622723,2737.899979911611
8,9268,85914360,10,0.0,-2.475455403327942e-07,2931.115146151717
8,9922,98465928,10,-1600.0,-1600.0000002475456,3137.928106251002
8,10622,112848128,10,-1600.0,-1599.9999995049088,3359.287543512761
8,11371,129322383,10,85.6,85.59999975245447,3596.1421412396926
8,12173,148206275,10,-1514.4,-1514.4000007426366,3849.7568105011514
8,13032,169859088,10,-1600.0,-1600.0000011546538,4121.396462365638
8,13951,194658303,10,85.6,85.60000049509108,4412.009780134219
8,14935,223084095,10,-1514.4,-1514.4,4723.177902641399
8,3114,9703224,15,3783.3333333333335,3783.3333333334117,804.2895001179612
8,3334,11122224,15,3783.3333333333335,3783.3333333091673,861.0932585963033
8,3569,12744899,15,-61.46666666666667,-61.4666666614435,921.770000235055
8,3821,14607683,15,3387.5333333333333,3387.533333419504,986.8361228356679
8,4090,16736280,15,0.0,5.783513188362122e-08,1056.291626398695
8,4379,19184399,15,-61.46666666666667,-61.466666687404114,1130.9111076178062
8,4687,21977343,15,2654.3333333333335,2654.333333354226,1210.4363675964134
8,5018,25190360,15,1860.2,1860.1999999497086,1295.9002019188565
8,5372,28869128,15,3387.5333333333333,3387.5333329886507,1387.3026105840547
8,5751,33085503,15,2654.3333333333335,2654.3333330158143,1485.1599913814
8,6157,37920963,15,2654.3333333333335,2654.333333128784,1589.9887420985094
8,6591,43454463,15,2654.3333333333335,2654.3333331954664,1702.0470616290256
8,7056,49801248,15,2654.3333333333335,2654.3333336321016,1822.109546651902
8,7554,57078024,15,3783.3333333333335,3783.3333339683713,1950.6925949518545
8,8087,65415743,15,3387.5333333333333,3387.533333742432,2088.312604313189
8,8657,74960963,15,3387.5333333333333,3387.5333330273006,2235.4859725199203
8,9268,85914360,15,0.0,-1.6589959462483723e-07,2393.245495138349
8,9922,98465928,15,2654.3333333333335,2654.3333339308697,2562.1075699509574
8,10622,112848128,15,3387.5333333333333,3387.5333333333333,2742.846793631269
8,11371,129322383,15,2654.3333333333335,2654.3333350890625,2936.2377628523204
8,12173,148206275,15,1860.2,1860.2000015457472,3143.313273177418
8,13032,169859088,15,2654.3333333333335,2654.333336090793,3365.106120169169
8,13951,194658303,15,2654.3333333333335,2654.3333302401006,3602.390900499278
8,14935,223084095,15,0.0,4.810839891433716e-06,3856.4586086200898
8,3114,9703224,30,-904.3333333333334,-904.3333333332978,568.7185595705489
8,3334,11122224,30,-904.3333333333334,-904.3333333578256,608.8848823874674
8,3569,12744899,30,-616.0666666666667,-616.0666666610826,651.7898178605329
8,3821,14607683,30,-392.23333333333335,-392.23333331602043,697.7985143769415
8,4090,16736280,30,0.0,4.932129134734472e-09,746.9109719370844
8,4379,19184399,30,-616.0666666666667,-616.0666666441053,799.6749131157402
8,4687,21977343,30,-48.03333333333333,-48.033333310997115,855.9077637222366
8,5018,25190360,30,-1064.3,-1064.2999999233057,916.3398205178397
8,5372,28869128,30,-556.9666666666667,-556.9666667359182,980.9710835017853
8,5751,33085503,30,-48.03333333333333,-48.033333381238236,1050.1667010527424
8,6157,37920963,30,-48.03333333333333,-48.033333290942636,1124.2918215481245
8,6591,43454463,30,-48.03333333333333,-48.033333293084674,1203.5290191765216
8,7056,49801248,30,-901.1666666666666,-901.1666666924255,1288.4260165023059
8,7554,57078024,30,-904.3333333333334,-904.3333334162132,1379.3479619008397
8,8087,65415743,30,-392.23333333333335,-392.23333341811474,1476.6600037471953
8,8657,74960963,30,-392.23333333333335,-392.2333332266348,1580.7272904162396
8,9268,85914360,30,0.0,-6.385768453280131e-07,1692.280118656483
8,9922,98465928,30,-901.1666666666666,-901.1666667181843,1811.6836368417087
8,10622,112848128,30,-556.9666666666667,-556.966667163993,1939.4855675324493
8,11371,129322383,30,-48.03333333333333,-48.033332083684705,2076.2336332888935
8,12173,148206275,30,115.1,115.10000061355531,2222.658130857435
8,13032,169859088,30,-901.1666666666666,-901.166666112654,2379.489356983973
8,13951,194658303,30,-48.03333333333333,-48.0333369228368,2547.2750342277527
8,14935,223084095,30,-949.2,-949.199999550109,2726.9280335205035
9,14936,223113968,2,0.0,0.0,10562.053966913822
9,15431,238146623,2,4682.0,4682.0,10912.071824360395
9,15943,254211135,2,4682.0,4682.0,11274.110497063615
9,16471,271326783,2,4682.0,4682.0,11647.462878240909
9,17017,289612323,2,4682.0,4682.0,12033.543181457404
9,17581,309126723,2,4682.0,4682.0,12432.351406713053
9,18164,329967224,2,0.0,0.0,12844.594660790195
9,18766,352200288,2,0.0,0.0,13270.272943688837
9,19388,375933320,2,0.0,0.0,13710.09336219123
9,20031,401281023,2,4682.0,4682.0,14164.76302307949
9,20695,428324415,2,4682.0,4682.0,14634.281926353613
9,21381,457189923,2,4682.0,4682.0,15119.357178795664
9,22090,488012280,2,0.0,0.0,15620.695887187612
9,22822,520889328,2,0.0,0.0,16138.298051529473
9,23578,555969240,2,0.0,0.0,16672.870778603185
9,24360,593458320,2,0.0,0.0,17225.828281972394
9,25167,633428223,2,4682.0,4682.0,17796.463454855293
9,26002,676156008,2,0.0,0.0,18386.89761759716
9,26863,721674495,2,4682.0,4682.0,18995.71655663455
9,27754,770340024,2,0.0,0.0,19625.74869909426
9,28674,822255624,2,0.0,0.0,20276.28693819458
9,29624,877640624,2,0.0,0.0,20948.03838071718
9,30606,936788448,2,0.0,0.0,21642.41724022527
9,31621,999950883,2,4682.0,4682.0,22360.13062350039
9,14936,223113968,3,2678.3333333333335,2678.3333333333335,8623.880951559262
9,15431,238146623,3,2678.3333333333335,2678.3333333333335,8909.669335428036
9,15943,254211135,3,0.0,0.0,9205.272673853828
9,16471,271326783,3,0.0,0.0,9510.113616566314
9,17017,289612323,3,0.0,0.0,9825.34686410612
9,17581,309126723,3,0.0,0.0,10150.972416473212
9,18164,329967224,3,2678.3333333333335,2678.3333333333335,10487.56762393772
9,18766,352200288,3,0.0,0.0,10835.132486499646
9,19388,375933320,3,2678.3333333333335,2678.3333333333335,11194.24435442905
9,20031,401281023,3,0.0,0.0,11565.480577995884
9,20695,428324415,3,0.0,0.0,11948.84115720014
9,21381,457189923,3,0.0,0.0,12344.90344231173
9,22090,488012280,3,0.0,0.0,12754.244783600478
9,22822,520889328,3,0.0,0.0,13176.865181066398
9,23578,555969240,3,0.0,0.0,13613.341984979295
9,24360,593458320,3,0.0,0.0,14064.829895878585
9,25167,633428223,3,0.0,0.0,14530.751563494574
9,26002,676156008,3,0.0,0.0,15012.83903863623
9,26863,721674495,3,0.0,0.0,15509.937620764307
9,27754,770340024,3,0.0,0.0,16024.35671095723
9,28674,822255624,3,0.0,0.0,16555.518958945384
9,29624,877640624,3,2678.3333333333335,2678.3333333333335,17104.001714998354
9,30606,936788448,3,0.0,0.0,17670.959679655207
9,31621,999950883,3,0.0,0.0,18256.970203185414
9,14936,223113968,5,3868.8,3868.8,6680.029461012878
9,15431,238146623,5,3868.8,3868.799998896569,6901.400191265538
9,15943,254211135,5,0.0,0.0,7130.373552626818
9,16471,271326783,5,3868.8,3868.800002206862,7366.502331500344
9,17017,289612323,5,3868.8,3868.8,7610.680955078856
9,17581,309126723,5,3868.8,3868.800004413724,7862.909423362322
9,18164,329967224,5,2268.4,2268.4,8123.634949946975
9,18766,352200288,5,3868.8,3868.799991172552,8392.857534832818
9,19388,375933320,5,0.0,8.827447891235351e-06,8671.024391616022
9,20031,401281023,5,3868.8,3868.799991172552,8958.582733892677
9,20695,428324415,5,0.0,0.0,9255.532561662782
9,21381,457189923,5,3868.8,3868.8,9562.321088522389
9,22090,488012280,5,0.0,-1.7654895782470702e-05,9879.395528067495
9,22822,520889328,5,3868.8,3868.799982345104,10206.755880298108
9,23578,555969240,5,0.0,-1.7654895782470702e-05,10544.849358810205
9,24360,593458320,5,0.0,3.5402178764343264e-05,10894.57039079559
9,25167,633428223,5,3868.8,3868.8,11255.471762658373
9,26002,676156008,5,3868.8,3868.8,11628.895115186137
9,26863,721674495,5,0.0,0.0,12013.94602118721
9,27754,770340024,5,2268.4,2268.3999646902084,12412.413335044883
9,28674,822255624,5,2268.4,2268.3999646902084,12823.849843163323
9,29624,877640624,5,2268.4,2268.4000353097917,13248.702759138345
9,30606,936788448,5,3868.8,3868.7999646902085,13687.866510161472
9,31621,999950883,5,3868.8,3868.7999646902085,14141.788309828427
9,14936,223113968,6,-3319.5,-3319.5000000010964,6098.0047009930495
9,15431,238146623,6,-1266.1666666666667,-1266.1666654618457,6300.087605211005
9,15943,254211135,6,-4585.666666666667,-4585.666666666667,6509.1107303532635
9,16471,271326783,6,-4585.666666666667,-4585.666666666667,6724.665828128562
9,17017,289612323,6,-4585.666666666667,-4585.66667148595,6947.569395119418
9,17581,309126723,6,-4585.666666666667,-4585.666661847383,7177.821431325803
9,18164,329967224,6,-3319.5,-3319.4999951807163,7415.83018503885
9,18766,352200288,6,0.0,9.638567765553793e-06,7661.595656258558
9,19388,375933320,6,-3319.5,-3319.5,7915.5260932760075
9,20031,401281023,6,-4585.666666666667,-4585.666675642133,8178.0297443822
9,20695,428324415,6,-4585.666666666667,-4585.666676305234,8449.106609577133
9,21381,457189923,6,-4585.666666666667,-4585.6666576912,8729.164937151778
9,22090,488012280,6,0.0,0.0,9018.612975397049
9,22822,520889328,6,0.0,0.0,9317.450724312954
9,23578,555969240,6,0.0,0.0,9626.086432190394
9,24360,593458320,6,0.0,0.0,9945.33659561103
9,25167,633428223,6,-4585.666666666667,-4585.666666666667,10274.792966284042
9,26002,676156008,6,0.0,0.0,10615.680289081807
9,26863,721674495,6,-4585.666666666667,-4585.666666666667,10967.18206742279
9,27754,770340024,6,0.0,0.0,11330.931294470018
9,28674,822255624,6,0.0,3.855427106221517e-05,11706.519721932731
9,29624,877640624,6,-3319.5,-3319.4999640981355,12094.355598101676
9,30606,936788448,6,0.0,0.0,12495.255419558258
9,31621,999950883,6,-4585.666666666667,-4585.666702568531,12909.627434593145
9,14936,223113968,10,1358.0,1357.9999999967736,4723.494130408124
9,15431,238146623,10,-19505.4,-19505.400000303962,4880.026874925998
9,15943,254211135,10,-18147.4,-18147.39999878416,5041.935491455637
9,16471,271326783,10,-19505.4,-19505.400005999625,5208.903752230406
9,17017,289612323,10,-19505.4,-19505.4,5381.564112783569
9,17581,309126723,10,-19505.4,-19505.400011999252,5559.916573115104
9,18164,329967224,10,-17474.0,-17473.999995136634,5744.277360991546
9,18766,352200288,10,1358.0,1357.9999975683168,5934.646476412896
9,19388,375933320,10,0.0,-7.295049726963043e-06,6131.340147145646
9,20031,401281023,10,-19505.4,-19505.400002431685,6334.674600956232
9,20695,428324415,10,-18147.4,-18147.4,6544.6498378446495
9,21381,457189923,10,-19505.4,-19505.39999027327,6761.582085577309
9,22090,488012280,10,0.0,-4.863366484642029e-06,6985.787571920578
9,22822,520889328,10,1358.0,1358.0000145900995,7217.266296874461
9,23578,555969240,10,0.0,-4.863366484642029e-06,7456.334488205314
9,24360,593458320,10,0.0,9.726732969284058e-06,7703.624601445737
9,25167,633428223,10,-19505.4,-19505.400019453467,7958.820408829439
9,26002,676156008,10,1358.0,1357.999980546534,8222.870593655234
9,26863,721674495,10,-18147.4,-18147.399980546536,8495.142700390617
9,27754,770340024,10,-17474.0,-17473.9999708198,8776.901640100567
9,28674,822255624,10,-17474.0,-17473.9999708198,9067.831185018831
9,29624,877640624,10,-17474.0,-17473.999990273267,9368.247562911647
9,30606,936788448,10,1358.0,1358.0000959940255,9678.78322931142
9,31621,999950883,10,-19505.4,-19505.399904005975,9999.754411984326
9,14936,223113968,15,1660.0,1660.0,3856.716807510416
9,15431,238146623,15,1660.0,1659.9999992165715,3984.525258212493
9,15943,254211135,15,0.0,-1.2918530652920404e-06,4116.723090031682
9,16471,271326783,15,-8116.0,-8116.0,4253.052104077729
9,17017,289612323,15,-8116.0,-8115.999992716654,4394.028698131136
9,17581,309126723,15,-8116.0,-8116.000002828985,4539.652872191881
9,18164,329967224,15,202.66666666666666,202.66667347525558,4690.182825150138
9,18766,352200288,15,-8116.0,-8116.000002958129,4845.618557005906
9,19388,375933320,15,5442.0,5442.000007906556,5006.218266649321
9,20031,401281023,15,-8116.0,-8116.000006048382,5172.240152970471
9,20695,428324415,15,0.0,0.0,5343.684215969353
9,21381,457189923,15,-8116.0,-8116.000008909901,5520.808654536037
9,22090,488012280,15,0.0,4.88592932621638e-05,5703.871667560553
9,22822,520889328,15,-8116.0,-8115.99999345094,5892.873255042909
9,23578,555969240,15,0.0,1.5813112258911133e-05,6088.071615873125
9,24360,593458320,15,0.0,-3.0749291181564334e-05,6289.983147831161
9,25167,633428223,15,-8116.0,-8115.999986417343,6498.349652027044
9,26002,676156008,15,-8116.0,-8115.999969047308,6713.94572513064
9,26863,721674495,15,0.0,-3.479619820912679e-05,6936.2549693620695
9,27754,770340024,15,-3226.3333333333335,-3226.333300736795,7166.310180281063
9,28674,822255624,15,-3226.3333333333335,-3226.333358403047,7403.853158997686
9,29624,877640624,15,202.66666666666666,202.66666666666666,7649.142104401861
9,30606,936788448,15,-8116.0,-8115.999977368117,7902.69341427339
9,31621,999950883,15,-8116.0,-8115.999944914877,8164.765287502146
9,14936,223113968,30,-4877.266666666666,-4877.266666667524,2727.1106077067475
9,15431,238146623,30,-1858.6,-1858.5999987840264,2817.484829891133
9,15943,254211135,30,-6735.866666666667,-6735.866666800909,2910.9628132286402
9,16471,271326783,30,-2314.2,-2314.2,3007.3619835330765
9,17017,289612323,30,-2314.2,-2314.1999988133243,3107.047489176823
9,17581,309126723,30,-2314.2,-2314.1999950070244,3210.019330159867
9,18164,329967224,30,-6272.933333333333,-6272.933332429671,3316.460080668342
9,18766,352200288,30,-4421.666666666667,-4421.66666052506,3426.3697407022496
9,19388,375933320,30,-2496.6,-2496.6000090222806,3539.9308844476986
9,20031,401281023,30,-2314.2,-2314.1999979274347,3657.326086090766
9,20695,428324415,30,-6735.866666666667,-6735.866666666667,3778.555345631449
9,21381,457189923,30,-2314.2,-2314.1999932381013,3903.801237255811
9,22090,488012280,30,0.0,-6.6996241609255476e-06,4033.2463351498877
9,22822,520889328,30,-4421.666666666667,-4421.666681647984,4166.890639313684
9,23578,555969240,30,0.0,-9.921441475550334e-06,4304.916723933228
9,24360,593458320,30,0.0,-3.547842303911845e-06,4447.6897373805205
9,25167,633428223,30,-2314.2,-2314.199999718244,4595.027105469564
9,26002,676156008,30,-4421.666666666667,-4421.666667665541,4747.476550758308
9,26863,721674495,30,-6735.866666666667,-6735.866666079189,4904.672924874808
9,27754,770340024,30,654.1666666666666,654.1666638487329,5067.3465245629295
9,28674,822255624,30,654.1666666666666,654.1667261533439,5235.314775636705
9,29624,877640624,30,-6272.933333333333,-6272.933300375938,5408.760252282094
9,30606,936788448,30,-4421.666666666667,-4421.666706610471,5588.048102870984
9,31621,999950883,30,-2314.2,-2314.200013495237,5773.360901589299
