n,X,d,Md_weight,discrepancy,contribution
173,30275,1,1,-6.697733e+00,-6.697733e+00
173,30275,2,0,-4.852867e+00,-0.000000e+00
173,30275,3,-1,1.877623e-01,-1.877623e-01
173,30275,4,-1,-1.467390e+00,1.467390e+00
173,30275,5,-2,-2.171435e+00,4.342870e+00
173,30275,6,-1,-1.980086e-01,1.980086e-01
173,30275,7,-2,-1.128457e+00,2.256914e+00
173,30275,8,-2,5.366578e-01,-1.073316e+00
173,30275,9,-2,-1.642051e+00,3.284102e+00
173,30275,10,-1,-1.511466e+00,1.511466e+00
173,30275,11,-2,2.801064e+00,-5.602129e+00
173,30275,12,-2,1.066677e-01,-2.133353e-01
173,30275,13,-3,-3.513253e+00,1.053976e+01
173,30275,14,-2,1.163346e+00,-2.326691e+00
173,30275,15,-1,-6.272393e-01,6.272393e-01
173,30275,16,-1,9.676760e-02,-9.676760e-02
173,30275,17,-2,-1.277910e+00,2.555820e+00
173,30275,18,-2,1.108859e+00,-2.217719e+00
173,30275,19,-3,-8.876080e-01,2.662824e+00
173,30275,20,-3,2.133800e+00,-6.401399e+00
173,30275,21,-2,-9.653103e-01,1.930621e+00
173,30275,22,-1,-2.327797e+00,2.327797e+00
173,30275,23,-2,1.319655e+00,-2.639311e+00
173,30275,24,-2,9.770825e-01,-1.954165e+00
173,30275,25,-2,-1.638866e+00,3.277733e+00
173,30275,26,-1,-1.107175e+00,1.107175e+00
173,30275,27,-1,1.288899e+00,-1.288899e+00
173,30275,28,-1,-4.536265e-01,4.536265e-01
173,30275,29,-2,1.096176e+00,-2.192351e+00
173,30275,30,-3,2.175075e-01,-6.525224e-01
173,30275,31,-4,-3.681335e-01,1.472534e+00
173,30275,32,-4,-2.417853e-01,9.671411e-01
173,30275,33,-3,-1.966955e+00,5.900865e+00
173,30275,34,-2,3.110701e-01,-6.221403e-01
173,30275,35,-1,2.952682e-01,-2.952682e-01
173,30275,36,-1,1.726279e+00,-1.726279e+00
173,30275,37,-2,-2.868771e-01,5.737542e-01
173,30275,38,-1,-1.999885e+00,1.999885e+00
173,30275,41,-1,-7.307314e-01,7.307314e-01
173,30275,42,-2,2.396328e-01,-4.792656e-01
218,47960,1,1,-1.489641e+01,-1.489641e+01
218,47960,3,-1,4.211684e+00,-4.211684e+00
218,47960,4,-1,-4.295052e+00,4.295052e+00
218,47960,5,-2,8.980593e-01,-1.796119e+00
218,47960,6,-1,-2.156304e+00,2.156304e+00
218,47960,8,-2,8.074580e-01,-1.614916e+00
218,47960,9,-2,-2.375803e+00,4.751607e+00
218,47960,10,-1,-1.728948e+00,1.728948e+00
218,47960,11,-2,1.340235e+00,-2.680470e+00
218,47960,12,-2,-1.196125e+00,2.392250e+00
218,47960,13,-3,1.711900e+00,-5.135700e+00
218,47960,15,-1,-1.881898e+00,1.881898e+00
218,47960,16,-1,-3.067931e+00,3.067931e+00
218,47960,17,-2,4.167889e+00,-8.335777e+00
218,47960,18,-2,-8.098829e-01,1.619766e+00
218,47960,19,-3,-3.136911e+00,9.410733e+00
218,47960,20,-3,2.176579e+00,-6.529737e+00
218,47960,21,-2,-1.358724e+00,2.717447e+00
218,47960,24,-2,-1.554659e+00,3.109319e+00
218,47960,25,-2,1.184996e+00,-2.369992e+00
218,47960,27,-1,-1.574645e+00,1.574645e+00
218,47960,30,-3,1.070997e+00,-3.212991e+00
218,47960,31,-4,-1.686632e+00,6.746528e+00
218,47960,32,-4,8.328309e-01,-3.331324e+00
218,47960,33,-3,2.082376e+00,-6.247129e+00
218,47960,34,-2,-1.527141e+00,3.054281e+00
218,47960,35,-1,-3.271512e+00,3.271512e+00
218,47960,36,-1,1.986625e+00,-1.986625e+00
218,47960,42,-2,-6.993967e-01,1.398793e+00
218,47960,43,-3,1.431278e+00,-4.293833e+00
218,47960,44,-3,-1.580446e+00,4.741339e+00
218,47960,45,-3,6.953300e-01,-2.085990e+00
218,47960,46,-2,8.291762e-01,-1.658352e+00
218,47960,51,-2,-6.330267e-01,1.266053e+00
218,47960,53,-3,-2.353660e+00,7.060980e+00
218,47960,54,-3,1.640085e+00,-4.920254e+00
218,47960,55,-2,6.336802e-01,-1.267360e+00
218,47960,56,-2,-1.224380e+00,2.448759e+00
218,47960,61,-2,-1.952351e+00,3.904703e+00
218,47960,63,-1,1.189145e+00,-1.189145e+00
263,69695,1,1,-2.434390e+01,-2.434390e+01
263,69695,4,-1,-4.747972e+00,4.747972e+00
263,69695,5,-2,6.171031e+00,-1.234206e+01
263,69695,6,-1,-9.679952e+00,9.679952e+00
263,69695,7,-2,5.792419e+00,-1.158484e+01
263,69695,8,-2,-4.382895e+00,8.765790e+00
263,69695,11,-2,1.386222e+00,-2.772445e+00
263,69695,12,-2,2.303839e+00,-4.607677e+00
263,69695,13,-3,-2.794018e+00,8.382053e+00
263,69695,17,-2,1.497393e+00,-2.994786e+00
263,69695,19,-3,1.511234e+00,-4.533701e+00
263,69695,22,-1,-3.042829e+00,3.042829e+00
263,69695,23,-2,-1.884843e+00,3.769687e+00
263,69695,24,-2,1.414734e+00,-2.829468e+00
263,69695,25,-2,2.478389e+00,-4.956778e+00
263,69695,27,-1,-2.737868e+00,2.737868e+00
263,69695,29,-2,2.700845e+00,-5.401689e+00
263,69695,31,-4,-1.218595e+00,4.874380e+00
263,69695,32,-4,-6.045295e-01,2.418118e+00
263,69695,33,-3,8.848980e-01,-2.654694e+00
263,69695,34,-2,1.379260e+00,-2.758520e+00
263,69695,35,-1,-2.385732e+00,2.385732e+00
263,69695,42,-2,-1.268763e+00,2.537526e+00
263,69695,43,-3,9.855446e-01,-2.956634e+00
263,69695,44,-3,2.241937e+00,-6.725810e+00
263,69695,45,-3,-1.499604e+00,4.498813e+00
263,69695,46,-2,1.486991e+00,-2.973981e+00
263,69695,48,-3,3.010973e+00,-9.032919e+00
263,69695,49,-3,-2.000250e+00,6.000749e+00
263,69695,51,-2,-2.606073e+00,5.212145e+00
263,69695,53,-3,1.514232e+00,-4.542697e+00
263,69695,55,-2,-1.223423e+00,2.446847e+00
263,69695,61,-2,-1.559505e+00,3.119009e+00
263,69695,72,-3,-8.929896e-01,2.678969e+00
263,69695,77,-2,-1.764375e+00,3.528751e+00
263,69695,80,-4,-6.264253e-01,2.505701e+00
263,69695,81,-4,1.370493e+00,-5.481972e+00
263,69695,82,-3,-1.484088e+00,4.452264e+00
263,69695,84,-4,2.510611e+00,-1.004244e+01
263,69695,89,-2,-1.351887e+00,2.703774e+00
308,95480,1,1,4.803611e+00,4.803611e+00
308,95480,3,-1,-1.168047e+01,1.168047e+01
308,95480,4,-1,6.285290e+00,-6.285290e+00
308,95480,5,-2,-1.184164e+01,2.368328e+01
308,95480,6,-1,6.219292e+00,-6.219292e+00
308,95480,8,-2,-6.239574e+00,1.247915e+01
308,95480,9,-2,-2.998037e+00,5.996075e+00
308,95480,10,-1,6.794348e+00,-6.794348e+00
308,95480,11,-2,-5.214574e+00,1.042915e+01
308,95480,14,-2,-4.743093e+00,9.486186e+00
308,95480,18,-2,-3.633818e+00,7.267635e+00
308,95480,19,-3,3.459305e+00,-1.037791e+01
308,95480,21,-2,-2.526805e+00,5.053610e+00
308,95480,30,-3,-2.672299e+00,8.016897e+00
308,95480,31,-4,-1.099652e+00,4.398608e+00
308,95480,33,-3,-1.684831e+00,5.054492e+00
308,95480,34,-2,1.906428e+00,-3.812857e+00
308,95480,35,-1,4.376403e+00,-4.376403e+00
308,95480,43,-3,-2.498646e+00,7.495939e+00
308,95480,46,-2,-1.768953e+00,3.537907e+00
308,95480,47,-3,2.477947e+00,-7.433841e+00
308,95480,49,-3,-2.155678e+00,6.467033e+00
308,95480,68,-2,-1.900728e+00,3.801456e+00
308,95480,70,-2,-1.773615e+00,3.547229e+00
308,95480,71,-3,-1.501154e+00,4.503463e+00
308,95480,73,-4,2.628664e+00,-1.051466e+01
308,95480,74,-3,1.624297e+00,-4.872892e+00
308,95480,75,-3,-1.380145e+00,4.140435e+00
308,95480,76,-3,-1.244263e+00,3.732789e+00
308,95480,79,-4,-1.115511e+00,4.462044e+00
308,95480,80,-4,8.807307e-01,-3.522923e+00
308,95480,81,-4,-9.814296e-01,3.925718e+00
308,95480,83,-4,-1.988240e+00,7.952960e+00
308,95480,108,-3,1.672439e+00,-5.017316e+00
308,95480,109,-4,-1.033941e+00,4.135764e+00
308,95480,111,-4,1.815212e+00,-7.260850e+00
308,95480,112,-4,-1.186437e+00,4.745750e+00
308,95480,114,-6,-1.040795e+00,6.244768e+00
308,95480,115,-5,9.578985e-01,-4.789493e+00
308,95480,116,-5,9.565773e-01,-4.782886e+00
353,125315,1,1,-1.070761e+01,-1.070761e+01
353,125315,3,-1,-3.349292e+00,3.349292e+00
353,125315,5,-2,2.883662e+00,-5.767324e+00
353,125315,6,-1,-4.182888e+00,4.182888e+00
353,125315,7,-2,-7.075844e+00,1.415169e+01
353,125315,9,-2,3.310878e+00,-6.621756e+00
353,125315,11,-2,-5.175886e+00,1.035177e+01
353,125315,13,-3,1.701379e+00,-5.104137e+00
353,125315,17,-2,-2.187109e+00,4.374218e+00
353,125315,20,-3,-1.180027e+00,3.540081e+00
353,125315,24,-2,-3.472667e+00,6.945333e+00
353,125315,29,-2,-1.236468e+00,2.472937e+00
353,125315,31,-4,7.986435e-01,-3.194574e+00
353,125315,32,-4,-1.411201e+00,5.644803e+00
353,125315,37,-2,3.031491e+00,-6.062982e+00
353,125315,38,-1,-2.385868e+00,2.385868e+00
353,125315,44,-3,9.426374e-01,-2.827912e+00
353,125315,46,-2,3.657419e+00,-7.314837e+00
353,125315,48,-3,-2.745682e+00,8.237045e+00
353,125315,50,-3,-1.268712e+00,3.806135e+00
353,125315,52,-2,1.214127e+00,-2.428254e+00
353,125315,57,-1,-2.943665e+00,2.943665e+00
353,125315,68,-2,-1.461353e+00,2.922706e+00
353,125315,74,-3,-2.096629e+00,6.289887e+00
353,125315,75,-3,1.032625e+00,-3.097876e+00
353,125315,76,-3,-1.837486e+00,5.512458e+00
353,125315,77,-2,3.157557e+00,-6.315113e+00
353,125315,79,-4,1.283582e+00,-5.134327e+00
353,125315,84,-4,1.671704e+00,-6.686817e+00
353,125315,89,-2,-1.208657e+00,2.417314e+00
353,125315,109,-4,-1.419994e+00,5.679977e+00
353,125315,110,-5,-5.640417e-01,2.820209e+00
353,125315,114,-6,1.570937e+00,-9.425621e+00
353,125315,116,-5,-1.289299e+00,6.446495e+00
353,125315,117,-5,5.656222e-01,-2.828111e+00
353,125315,121,-3,8.469767e-01,-2.540930e+00
353,125315,139,-4,-8.823312e-01,3.529325e+00
353,125315,140,-4,-1.030487e+00,4.121950e+00
353,125315,141,-3,1.115773e+00,-3.347318e+00
353,125315,154,-2,1.253469e+00,-2.506939e+00
398,159200,3,-1,-5.999614e+00,5.999614e+00
398,159200,5,-2,-8.254609e+00,1.650922e+01
398,159200,6,-1,-4.944084e+00,4.944084e+00
398,159200,7,-2,6.846377e+00,-1.369275e+01
398,159200,8,-2,-6.783096e+00,1.356619e+01
398,159200,9,-2,-5.728184e+00,1.145637e+01
398,159200,10,-1,9.610476e+00,-9.610476e+00
398,159200,11,-2,-6.454462e+00,1.290892e+01
398,159200,12,-2,5.102701e+00,-1.020540e+01
398,159200,13,-3,-3.320421e+00,9.961263e+00
398,159200,14,-2,-3.464362e+00,6.928724e+00
398,159200,16,-1,5.132540e+00,-5.132540e+00
398,159200,19,-3,-2.403360e+00,7.210079e+00
398,159200,23,-2,2.351371e+00,-4.702743e+00
398,159200,24,-2,-5.183782e+00,1.036756e+01
398,159200,25,-2,3.966480e+00,-7.932961e+00
398,159200,30,-3,-1.975951e+00,5.927853e+00
398,159200,37,-2,2.472863e+00,-4.945726e+00
398,159200,44,-3,2.100695e+00,-6.302086e+00
398,159200,45,-3,1.563800e+00,-4.691400e+00
398,159200,46,-2,-1.969827e+00,3.939655e+00
398,159200,50,-3,-2.820326e+00,8.460978e+00
398,159200,72,-3,-2.029033e+00,6.087098e+00
398,159200,76,-3,1.466133e+00,-4.398398e+00
398,159200,79,-4,1.711454e+00,-6.845815e+00
398,159200,81,-4,-1.167433e+00,4.669732e+00
398,159200,109,-4,1.214709e+00,-4.858835e+00
398,159200,111,-4,2.210272e+00,-8.841090e+00
398,159200,114,-6,-1.658133e+00,9.948798e+00
398,159200,117,-5,-1.525408e+00,7.627041e+00
398,159200,118,-4,-1.666052e+00,6.664207e+00
398,159200,139,-4,-1.136419e+00,4.545676e+00
398,159200,140,-4,-1.137556e+00,4.550223e+00
398,159200,192,-5,1.255642e+00,-6.278210e+00
398,159200,193,-6,1.404029e+00,-8.424176e+00
398,159200,196,-6,1.402721e+00,-8.416323e+00
398,159200,197,-7,-5.977213e-01,4.184049e+00
398,159200,198,-7,-5.981660e-01,4.187162e+00
398,159200,200,-8,-5.990641e-01,4.792513e+00
398,159200,201,-7,-5.995175e-01,4.196623e+00
443,197135,1,1,-1.493208e+01,-1.493208e+01
443,197135,4,-1,-6.334291e+00,6.334291e+00
443,197135,7,-2,-4.864474e+00,9.728949e+00
443,197135,9,-2,4.734307e+00,-9.468614e+00
443,197135,10,-1,-5.075686e+00,5.075686e+00
443,197135,11,-2,-3.218643e+00,6.437286e+00
443,197135,12,-2,2.351477e+00,-4.702955e+00
443,197135,13,-3,-1.929660e+00,5.788981e+00
443,197135,17,-2,-4.131503e+00,8.263007e+00
443,197135,18,-2,-4.106529e+00,8.213058e+00
443,197135,20,-3,3.864078e+00,-1.159224e+01
443,197135,24,-2,-4.471926e+00,8.943852e+00
443,197135,27,-1,-4.399629e+00,4.399629e+00
443,197135,30,-3,-2.162013e+00,6.486040e+00
443,197135,31,-4,3.235820e+00,-1.294328e+01
443,197135,44,-3,-1.910251e+00,5.730753e+00
443,197135,45,-3,-2.344807e+00,7.034422e+00
443,197135,46,-2,3.104637e+00,-6.209274e+00
443,197135,47,-3,-1.563160e+00,4.689480e+00
443,197135,55,-2,3.171493e+00,-6.342985e+00
443,197135,73,-4,2.312968e+00,-9.251872e+00
443,197135,75,-3,-1.448801e+00,4.346404e+00
443,197135,78,-3,-2.087666e+00,6.262999e+00
443,197135,82,-3,2.271934e+00,-6.815801e+00
443,197135,90,-2,-2.122497e+00,4.244994e+00
443,197135,105,-3,2.610393e+00,-7.831178e+00
443,197135,109,-4,-1.134603e+00,4.538413e+00
443,197135,110,-5,1.729194e+00,-8.645969e+00
443,197135,111,-4,-2.006067e+00,8.024268e+00
443,197135,115,-5,-1.015534e+00,5.077671e+00
443,197135,116,-5,9.820719e-01,-4.910359e+00
443,197135,117,-5,-1.885583e+00,9.427917e+00
443,197135,118,-4,2.112285e+00,-8.449141e+00
443,197135,119,-3,-1.889869e+00,5.669607e+00
443,197135,132,-3,2.494151e+00,-7.482453e+00
443,197135,182,-5,-8.590186e-01,4.295093e+00
443,197135,193,-6,1.278091e+00,-7.668549e+00
443,197135,196,-6,-7.235627e-01,4.341376e+00
443,197135,199,-8,-7.251447e-01,5.801158e+00
443,197135,203,-5,1.272806e+00,-6.364031e+00
488,239120,1,1,-9.762784e+00,-9.762784e+00
488,239120,3,-1,-2.032025e+01,2.032025e+01
488,239120,4,-1,1.517457e+01,-1.517457e+01
488,239120,5,-2,-4.885429e+00,9.770857e+00
488,239120,9,-2,-8.045810e+00,1.609162e+01
488,239120,10,-1,6.361658e+00,-6.361658e+00
488,239120,11,-2,3.777122e+00,-7.554244e+00
488,239120,12,-2,-9.473001e+00,1.894600e+01
488,239120,13,-3,2.789028e+00,-8.367085e+00
488,239120,14,-2,-6.283481e+00,1.256696e+01
488,239120,15,-1,5.730866e+00,-5.730866e+00
488,239120,19,-3,3.190442e+00,-9.571325e+00
488,239120,20,-3,-1.866601e+00,5.599803e+00
488,239120,21,-2,-3.489574e+00,6.979149e+00
488,239120,25,-2,3.764961e+00,-7.529922e+00
488,239120,31,-4,6.027012e+00,-2.410805e+01
488,239120,32,-4,-6.382902e+00,2.553161e+01
488,239120,33,-3,-2.117344e+00,6.352033e+00
488,239120,34,-2,2.385443e+00,-4.770886e+00
488,239120,47,-3,1.564447e+00,-4.693341e+00
488,239120,50,-3,-3.107544e+00,9.322633e+00
488,239120,67,-2,2.637148e+00,-5.274296e+00
488,239120,81,-4,-1.508954e+00,6.035814e+00
488,239120,89,-2,2.197816e+00,-4.395632e+00
488,239120,95,2,-2.450286e+00,-4.900571e+00
488,239120,107,-3,-1.595024e+00,4.785071e+00
488,239120,109,-4,-1.601304e+00,6.405217e+00
488,239120,110,-5,-1.474126e+00,7.370632e+00
488,239120,111,-4,1.523029e+00,-6.092114e+00
488,239120,114,-6,1.645199e+00,-9.871194e+00
488,239120,116,-5,-1.360171e+00,6.800855e+00
488,239120,119,-3,1.763496e+00,-5.290488e+00
488,239120,127,-2,2.142340e+00,-4.284679e+00
488,239120,176,-4,-1.109444e+00,4.437778e+00
488,239120,192,-5,-9.825839e-01,4.912919e+00
488,239120,194,-5,1.156587e+00,-5.782936e+00
488,239120,198,-7,-8.458563e-01,5.920994e+00
488,239120,219,4,1.284954e+00,5.139815e+00
488,239120,290,-8,5.530625e-01,-4.424500e+00
488,239120,294,-8,5.521642e-01,-4.417314e+00
533,285155,1,1,-1.332632e+01,-1.332632e+01
533,285155,3,-1,5.648955e+00,-5.648955e+00
533,285155,4,-1,-1.328062e+01,1.328062e+01
533,285155,5,-2,7.894889e+00,-1.578978e+01
533,285155,7,-2,-1.167935e+01,2.335870e+01
533,285155,8,-2,5.992595e+00,-1.198519e+01
533,285155,11,-2,-5.538956e+00,1.107791e+01
533,285155,12,-2,2.961185e+00,-5.922369e+00
533,285155,14,-2,3.655937e+00,-7.311873e+00
533,285155,17,-2,-5.090543e+00,1.018109e+01
533,285155,18,-2,6.621162e+00,-1.324232e+01
533,285155,20,-3,-2.168168e+00,6.504504e+00
533,285155,24,-2,-3.734750e+00,7.469501e+00
533,285155,30,-3,4.423271e+00,-1.326981e+01
533,285155,32,-4,2.263426e+00,-9.053704e+00
533,285155,37,-2,5.396136e+00,-1.079227e+01
533,285155,43,-3,-2.182458e+00,6.547374e+00
533,285155,45,-3,2.330516e+00,-6.991547e+00
533,285155,47,-3,-3.597575e+00,1.079273e+01
533,285155,48,-3,3.058631e+00,-9.175894e+00
533,285155,52,-2,5.023189e+00,-1.004638e+01
533,285155,53,-3,-3.653533e+00,1.096060e+01
533,285155,72,-3,2.476014e+00,-7.428041e+00
533,285155,73,-4,-2.413785e+00,9.655138e+00
533,285155,80,-4,2.616050e+00,-1.046420e+01
533,285155,81,-4,-1.269555e+00,5.078220e+00
533,285155,83,-4,-2.039468e+00,8.157873e+00
533,285155,105,-3,1.836215e+00,-5.508646e+00
533,285155,110,-5,-1.055169e+00,5.275843e+00
533,285155,114,-6,-2.813287e+00,1.687972e+01
533,285155,115,-5,1.311608e+00,-6.558042e+00
533,285155,119,-3,2.428437e+00,-7.285310e+00
533,285155,121,-3,1.551760e+00,-4.655280e+00
533,285155,133,-2,2.913049e+00,-5.826098e+00
533,285155,191,-5,1.041821e+00,-5.209104e+00
533,285155,194,-5,-9.602260e-01,4.801130e+00
533,285155,196,-6,1.038417e+00,-6.230502e+00
533,285155,198,-7,8.995291e-01,-6.296704e+00
533,285155,199,-8,1.036394e+00,-8.291151e+00
533,285155,201,-7,-9.649143e-01,6.754400e+00
578,335240,1,1,5.966496e+00,5.966496e+00
578,335240,3,-1,-1.208635e+01,1.208635e+01
578,335240,5,-2,-5.649748e+00,1.129950e+01
578,335240,7,-2,-4.850720e+00,9.701440e+00
578,335240,8,-2,-3.949573e+00,7.899146e+00
578,335240,11,-2,-4.039591e+00,8.079183e+00
578,335240,13,-3,-6.998137e+00,2.099441e+01
578,335240,15,-1,6.056155e+00,-6.056155e+00
578,335240,17,-2,-8.144437e+00,1.628887e+01
578,335240,20,-3,-4.348827e+00,1.304648e+01
578,335240,21,-2,5.908981e+00,-1.181796e+01
578,335240,23,-2,-5.454372e+00,1.090874e+01
578,335240,29,-2,-3.334654e+00,6.669308e+00
578,335240,31,-4,-2.450716e+00,9.802864e+00
578,335240,33,-3,-3.351937e+00,1.005581e+01
578,335240,34,-2,3.287052e+00,-6.574104e+00
578,335240,44,-3,5.956980e+00,-1.787094e+01
578,335240,45,-3,-5.192278e+00,1.557684e+01
578,335240,53,-3,2.617797e+00,-7.853392e+00
578,335240,56,-2,-5.085144e+00,1.017029e+01
578,335240,57,-1,5.351766e+00,-5.351766e+00
578,335240,67,-2,4.422320e+00,-8.844640e+00
578,335240,73,-4,-1.358799e+00,5.435197e+00
578,335240,77,-2,-2.688836e+00,5.377673e+00
578,335240,79,-4,1.650225e+00,-6.600900e+00
578,335240,84,-4,-2.551695e+00,1.020678e+01
578,335240,85,-3,2.440480e+00,-7.321439e+00
578,335240,105,-3,2.279618e+00,-6.838854e+00
578,335240,112,-4,-1.375208e+00,5.500833e+00
578,335240,116,-5,-1.138861e+00,5.694304e+00
578,335240,140,-4,1.814112e+00,-7.256450e+00
578,335240,174,-4,-1.454961e+00,5.819845e+00
578,335240,182,-5,-1.330611e+00,6.653056e+00
578,335240,195,-6,-1.208561e+00,7.251364e+00
578,335240,197,-7,9.242419e-01,-6.469693e+00
578,335240,199,-8,-1.077217e+00,8.617732e+00
578,335240,201,-7,9.213062e-01,-6.449144e+00
578,335240,203,-5,-1.080102e+00,5.400509e+00
578,335240,440,-7,8.492608e-01,-5.944826e+00
578,335240,442,-8,6.983119e-01,-5.586495e+00
623,389375,1,1,-3.177344e+01,-3.177344e+01
623,389375,5,-2,6.397088e+00,-1.279418e+01
623,389375,8,-2,-1.377298e+01,2.754597e+01
623,389375,9,-2,5.778622e+00,-1.155724e+01
623,389375,11,-2,3.201166e+00,-6.402331e+00
623,389375,13,-3,-3.262676e+00,9.788028e+00
623,389375,15,-1,-6.181344e+00,6.181344e+00
623,389375,19,-3,2.489533e+00,-7.468600e+00
623,389375,20,-3,-1.108959e+01,3.326878e+01
623,389375,21,-2,6.020260e+00,-1.204052e+01
623,389375,23,-2,-5.666490e+00,1.133298e+01
623,389375,27,-1,-6.879553e+00,6.879553e+00
623,389375,32,-4,4.814365e+00,-1.925746e+01
623,389375,33,-3,-5.069041e+00,1.520712e+01
623,389375,44,-3,4.296412e+00,-1.288924e+01
623,389375,51,-2,3.539875e+00,-7.079750e+00
623,389375,54,-3,-3.762092e+00,1.128628e+01
623,389375,61,-2,3.232981e+00,-6.465962e+00
623,389375,71,-3,3.049150e+00,-9.147449e+00
623,389375,75,-3,-1.954983e+00,5.864949e+00
623,389375,78,-3,2.596120e+00,-7.788360e+00
623,389375,80,-4,-3.072101e+00,1.228840e+01
623,389375,83,-4,3.370747e+00,-1.348299e+01
623,389375,84,-4,-1.520116e+00,6.080462e+00
623,389375,85,-3,-2.291814e+00,6.875441e+00
623,389375,110,-5,2.081823e+00,-1.040912e+01
623,389375,111,-4,-1.799912e+00,7.199650e+00
623,389375,112,-4,2.195929e+00,-8.783716e+00
623,389375,113,-5,-2.685363e+00,1.342681e+01
623,389375,117,-5,1.545601e+00,-7.728003e+00
623,389375,118,-4,-2.334457e+00,9.337828e+00
623,389375,131,-3,2.122522e+00,-6.367566e+00
623,389375,139,-4,1.479252e+00,-5.917008e+00
623,389375,182,-5,1.434500e+00,-7.172500e+00
623,389375,186,-4,1.560910e+00,-6.243641e+00
623,389375,194,-5,1.552946e+00,-7.764729e+00
623,389375,198,-7,-1.319051e+00,9.233356e+00
623,389375,200,-8,-1.188713e+00,9.509702e+00
623,389375,202,-6,-1.190259e+00,7.141553e+00
623,389375,443,-9,7.048627e-01,-6.343764e+00
668,447560,1,1,-1.521980e+01,-1.521980e+01
668,447560,5,-2,-9.691327e+00,1.938265e+01
668,447560,6,-1,-9.164181e+00,9.164181e+00
668,447560,7,-2,4.470354e+00,-8.940707e+00
668,447560,9,-2,-6.974843e+00,1.394969e+01
668,447560,10,-1,9.364584e+00,-9.364584e+00
668,447560,11,-2,-8.791652e+00,1.758330e+01
668,447560,13,-3,1.178385e+01,-3.535155e+01
668,447560,14,-2,-9.125620e+00,1.825124e+01
668,447560,19,-3,-3.211688e+00,9.635065e+00
668,447560,20,-3,6.310469e+00,-1.893141e+01
668,447560,21,-2,-3.446469e+00,6.892937e+00
668,447560,23,-2,-6.293960e+00,1.258792e+01
668,447560,24,-2,3.979989e+00,-7.959979e+00
668,447560,25,-2,-3.499210e+00,6.998420e+00
668,447560,30,-3,2.864587e+00,-8.593761e+00
668,447560,31,-4,-4.167068e+00,1.666827e+01
668,447560,32,-4,1.511208e+00,-6.044832e+00
668,447560,33,-3,-3.999281e+00,1.199784e+01
668,447560,45,-3,3.506115e+00,-1.051834e+01
668,447560,47,-3,3.362752e+00,-1.008826e+01
668,447560,51,-2,3.367076e+00,-6.734151e+00
668,447560,71,-3,2.047868e+00,-6.143605e+00
668,447560,75,-3,-3.093684e+00,9.281051e+00
668,447560,76,-3,4.238373e+00,-1.271512e+01
668,447560,82,-3,3.324480e+00,-9.973439e+00
668,447560,83,-4,-2.453377e+00,9.813507e+00
668,447560,105,-3,2.211178e+00,-6.633535e+00
668,447560,110,-5,-1.333972e+00,6.669860e+00
668,447560,111,-4,2.661364e+00,-1.064546e+01
668,447560,112,-4,-2.343351e+00,9.373406e+00
668,447560,174,-4,-1.910946e+00,7.643782e+00
668,447560,175,-4,2.087625e+00,-8.350501e+00
668,447560,187,-3,2.328529e+00,-6.985588e+00
668,447560,191,-5,1.452935e+00,-7.264674e+00
668,447560,192,-5,-1.677147e+00,8.385735e+00
668,447560,204,-5,-1.300265e+00,6.501323e+00
668,447560,288,-7,1.183302e+00,-8.283112e+00
668,447560,300,-5,1.315586e+00,-6.577932e+00
668,447560,443,-9,7.108454e-01,-6.397608e+00
713,509795,1,1,-1.647386e+01,-1.647386e+01
713,509795,3,-1,-1.431606e+01,1.431606e+01
713,509795,4,-1,-1.433182e+01,1.433182e+01
713,509795,5,-2,3.989155e+00,-7.978310e+00
713,509795,7,-2,-7.847918e+00,1.569584e+01
713,509795,8,-2,3.534273e+00,-7.068545e+00
713,509795,11,-2,-1.299685e+01,2.599370e+01
713,509795,12,-2,8.294897e+00,-1.658979e+01
713,509795,14,-2,-7.837240e+00,1.567448e+01
713,509795,15,-1,9.803597e+00,-9.803597e+00
713,509795,20,-3,-8.939365e+00,2.681809e+01
713,509795,21,-2,4.511457e+00,-9.022914e+00
713,509795,23,-2,6.462259e+00,-1.292452e+01
713,509795,31,-4,-5.033567e+00,2.013427e+01
713,509795,32,-4,3.003619e+00,-1.201448e+01
713,509795,33,-3,2.753552e+00,-8.260655e+00
713,509795,44,-3,-3.604416e+00,1.081325e+01
713,509795,48,-3,-2.433610e+00,7.300830e+00
713,509795,53,-3,-3.427908e+00,1.028373e+01
713,509795,54,-3,4.298386e+00,-1.289516e+01
713,509795,67,-2,5.457384e+00,-1.091477e+01
713,509795,71,-3,-3.271344e+00,9.814032e+00
713,509795,78,-3,-3.340870e+00,1.002261e+01
713,509795,80,-4,2.974979e+00,-1.189992e+01
713,509795,85,-3,-4.052313e+00,1.215694e+01
713,509795,105,-3,-2.422603e+00,7.267809e+00
713,509795,109,-4,2.908712e+00,-1.163485e+01
713,509795,110,-5,-1.978291e+00,9.891457e+00
713,509795,118,-4,-2.422285e+00,9.689140e+00
713,509795,182,-5,1.983584e+00,-9.917919e+00
713,509795,198,-7,-1.655906e+00,1.159134e+01
713,509795,199,-8,1.343022e+00,-1.074418e+01
713,509795,204,-5,-1.534362e+00,7.671811e+00
713,509795,285,-7,1.198629e+00,-8.390406e+00
713,509795,442,-8,1.574397e+00,-1.259517e+01
713,509795,659,-10,8.496157e-01,-8.496157e+00
713,509795,673,-11,8.491409e-01,-9.340550e+00
713,509795,678,-12,8.489595e-01,-1.018751e+01
713,509795,686,-11,8.487146e-01,-9.335860e+00
713,509795,689,-9,8.485909e-01,-7.637318e+00
