cap,x,k,y,K,MK,S,absS_over_sqrtx,S_real,resid_cesaro_Tmax,off_pred,abs_li_Tmax,abs_psi_Tmax,overshoot_li_Tmax,overshoot_psi_Tmax,overshoot_li_T2000,overshoot_psi_T2000,mean_absF
1000000,908208,7,3115,291,-7,262.837574041,0.275800334,263.240175909,-147.072349,148.249928,1.786686e+03,1.993080e+04,6.797681,75.829334,5.616464,62.539232,2.401944
1000000,910115,7,3115,292,-7,314.308414595,0.329463928,314.392446661,-163.372859,148.332716,1.788212e+03,1.995171e+04,5.689355,63.478135,4.700729,52.352745,2.401944
1000000,912024,7,3115,292,-7,283.900969344,0.297278665,283.555996483,-155.568949,148.443907,1.789738e+03,1.997263e+04,6.304094,70.350679,5.208645,58.020783,2.401944
1000000,913935,7,3115,293,-8,259.508738593,0.271452804,260.299735241,-166.839411,160.701312,1.792553e+03,2.000421e+04,6.907485,77.084911,5.706392,63.568427,2.404317
1000000,915848,7,3115,293,-8,275.672131517,0.288058811,276.297256754,-166.866591,160.821615,1.794080e+03,2.002513e+04,6.508019,72.641122,5.376386,59.903836,2.404317
1000000,917763,7,3115,294,-8,289.217956206,0.301897822,289.306687045,-170.690433,160.961944,1.795606e+03,2.004606e+04,6.208487,69.311249,5.128937,57.157841,2.404317
1000000,919680,7,3115,295,-7,278.525413606,0.290433332,278.967034497,-154.450592,148.936799,1.799448e+03,2.008542e+04,6.460624,72.113428,5.337518,59.471882,2.406025
1000000,921599,7,3115,295,-7,275.282104363,0.286752348,275.191772287,-147.623845,149.047879,1.800976e+03,2.010637e+04,6.542292,73.039134,5.404988,60.235311,2.406025
1000000,923520,7,3115,296,-7,286.631310589,0.298263752,286.427777736,-146.840943,149.158151,1.802504e+03,2.012731e+04,6.288579,70.220209,5.195379,57.910546,2.406025
1000000,925443,7,3115,296,-7,339.974173848,0.353403698,340.675048290,-151.759088,149.268834,1.804031e+03,2.014825e+04,5.306376,59.264075,4.383921,48.875031,2.406025
1000000,927368,7,3115,297,-7,351.572947311,0.365081139,351.933581405,-156.121759,149.407859,1.805558e+03,2.016920e+04,5.135657,57.368461,4.242879,47.311720,2.406025
1000000,929295,7,3115,298,-6,304.417928643,0.315786403,304.732965941,-141.496681,137.372741,1.810145e+03,2.021513e+04,5.946250,66.405860,4.913820,54.773815,2.407458
1000000,931224,7,3115,298,-6,285.952757881,0.296324261,286.209510747,-146.698966,137.474115,1.811674e+03,2.023610e+04,6.335572,70.767299,5.235545,58.371279,2.407458
1000000,933155,7,3115,299,-5,279.871986917,0.289722709,279.918010975,-127.834442,125.426537,1.816685e+03,2.028388e+04,6.491130,72.475568,5.365653,59.793257,2.408540
1000000,935088,7,3115,300,-5,313.295570374,0.323987319,313.612411140,-136.864156,125.571196,1.818217e+03,2.030488e+04,5.803519,64.810616,4.797264,53.469575,2.408540
1000000,937023,7,3115,300,-5,284.216164296,0.293611897,284.316810078,-131.464026,125.664852,1.819748e+03,2.032588e+04,6.402690,71.515555,5.292545,59.001234,2.408540
1000000,938960,7,3115,301,-4,250.351729618,0.258361056,250.432915106,-113.801895,113.610036,1.824464e+03,2.037202e+04,7.287604,81.373575,6.025555,67.148240,2.409311
1000000,940899,7,3115,301,-4,241.513975113,0.248983612,241.356720456,-109.060017,113.694610,1.825997e+03,2.039304e+04,7.560628,84.438340,6.251297,69.677237,2.409311
1000000,942840,7,3115,302,-3,213.171463573,0.219538184,213.378610009,-91.937662,101.600688,1.830872e+03,2.044035e+04,8.588729,95.886892,7.103403,79.141124,2.410221
1000000,944783,7,3115,303,-2,233.757653433,0.240491540,234.093993318,-100.598954,89.530918,1.835832e+03,2.048813e+04,7.853569,87.646868,6.497290,72.355620,2.411328
1000000,946728,7,3115,303,-2,226.109074311,0.232383550,226.447983765,-98.176463,89.597697,1.837369e+03,2.050920e+04,8.126031,90.704915,6.722698,74.880148,2.411328
1000000,948675,7,3115,304,-2,156.523852108,0.160702192,155.810104357,-83.888310,89.664789,1.838907e+03,2.053028e+04,11.748413,131.163925,9.719507,108.280505,2.411328
1000000,950624,7,3115,305,-1,123.032454758,0.126187199,122.913752225,-80.383277,77.589493,1.842909e+03,2.057023e+04,14.979049,167.193511,12.393398,138.036604,2.412662
1000000,952575,7,3115,305,-1,109.660934014,0.112357573,109.497067619,-81.405149,77.648609,1.844448e+03,2.059133e+04,16.819554,187.772664,13.916197,155.026955,2.412662
1000000,954528,7,3115,306,-1,110.709032166,0.113315343,111.087894866,-91.063944,77.705987,1.845987e+03,2.061242e+04,16.674220,186.185563,13.795947,153.716629,2.412662
1000000,956483,7,3115,306,-1,94.434453893,0.096558797,93.686232103,-86.356996,77.764874,1.847525e+03,2.063352e+04,19.564101,218.495690,16.186979,180.392187,2.412662
1000000,958440,7,3115,307,-2,65.728489248,0.067138431,65.199343183,-89.968280,89.974654,1.850519e+03,2.066626e+04,28.153987,314.418557,23.291776,259.565620,2.415055
1000000,960399,7,3115,308,-2,66.064153260,0.067412436,66.605651271,-91.530964,90.042661,1.852058e+03,2.068737e+04,28.034237,313.140566,23.192703,258.510585,2.415055
1000000,962360,7,3115,308,-2,65.815745356,0.067090499,66.020072073,-95.304542,90.110259,1.853597e+03,2.070848e+04,28.163429,314.643188,23.299578,259.751062,2.415055
1000000,964323,7,3115,309,-1,64.963364760,0.066154174,64.680501434,-84.972454,78.029498,1.855823e+03,2.073469e+04,28.567230,319.175100,23.632891,263.488022,2.416268
1000000,966288,7,3115,310,-2,41.772474383,0.042494909,41.619547862,-87.759806,90.232400,1.858328e+03,2.076269e+04,44.486902,497.042446,36.803544,410.333665,2.416716
1000000,968255,7,3115,310,-2,32.800191936,0.033333546,33.056060440,-86.892285,90.248426,1.859867e+03,2.078381e+04,56.702944,633.649177,46.909737,523.109426,2.416716
1000000,970224,7,3115,311,-3,72.163941685,0.073262923,72.126669080,-105.686912,102.464419,1.863403e+03,2.082136e+04,25.821808,288.528539,21.363392,238.198400,2.418776
1000000,972195,7,3115,312,-3,135.790722600,0.137718856,135.367010026,-118.406601,102.541686,1.864944e+03,2.084250e+04,13.733957,153.489831,11.362638,126.715480,2.418776
1000000,974168,7,3115,312,-3,95.486087813,0.096743806,95.616050713,-100.206149,102.617582,1.866484e+03,2.086363e+04,19.547186,218.499198,16.172146,180.384788,2.418776
1000000,976143,7,3115,313,-4,91.245024976,0.092353311,91.372554536,-110.571141,114.811717,1.869879e+03,2.089980e+04,20.492942,229.051434,16.952888,189.085221,2.420854
1000000,978120,7,3115,313,-4,67.723415232,0.068476693,68.423994554,-116.134532,114.895991,1.871420e+03,2.092096e+04,27.633283,308.917639,22.859767,255.015910,2.420854
1000000,980099,7,3115,314,-3,41.551573937,0.041971308,41.654515304,-93.025468,102.829924,1.874204e+03,2.095096e+04,45.105485,504.215781,37.310094,416.214033,2.422372
1000000,982080,7,3115,315,-3,34.150718252,0.034460884,33.940527736,-103.397152,102.905282,1.875746e+03,2.097212e+04,54.925512,614.104856,45.432959,506.923957,2.422372
1000000,984063,7,3115,315,-3,-3.942811027,0.003974610,-3.764768529,-105.028441,102.957627,1.877287e+03,2.099328e+04,476.129149,5324.446034,393.841609,4395.160250,2.422372
1000000,986048,7,3115,316,-3,-5.498491233,0.005537255,-5.461375521,-106.988836,103.033359,1.878829e+03,2.101445e+04,341.698937,3821.856988,282.644394,3154.820953,2.422372
1000000,988035,7,3115,317,-4,-7.388812061,0.007433416,-6.879008279,-110.827162,115.252298,1.881583e+03,2.104564e+04,254.652954,2848.311293,210.625043,2351.063362,2.424345
1000000,990024,7,3115,317,-4,-35.333712111,0.035511286,-34.778379823,-118.967763,115.336406,1.883125e+03,2.106681e+04,53.295409,596.224067,44.080957,492.137416,2.424345
1000000,992015,7,3115,318,-5,-42.356457426,0.042526585,-42.060793624,-131.651109,127.568631,1.884643e+03,2.108690e+04,44.494829,497.843802,36.799982,410.919856,2.424832
1000000,994008,7,3115,319,-4,-42.412216740,0.042539858,-42.331444582,-122.063239,115.518612,1.887886e+03,2.112146e+04,44.512794,498.004132,36.817515,411.075979,2.425874
1000000,996003,7,3115,319,-4,-63.493782425,0.063621056,-63.200865014,-108.199126,115.602635,1.889429e+03,2.114264e+04,29.757696,332.987632,24.613244,274.863616,2.425874
1000000,998000,7,3115,320,-4,-11.217083906,0.011228318,-11.061017698,-116.152950,115.686223,1.890971e+03,2.116383e+04,168.579540,1886.749662,139.435816,1557.411702,2.425874
1000000,999999,7,3115,320,-4,-6.071901902,0.006071905,-5.911904744,-119.285407,115.718807,1.892513e+03,2.118501e+04,311.683694,3489.024467,257.800343,2880.004510,2.425874
10000000,9703224,8,14937,649,-6,49.316937222,0.015832083,49.010688797,-253.610715,295.531240,5.448234e+03,7.154639e+04,110.473894,1450.746818,91.615063,1200.680825,2.611238
10000000,9709455,8,14937,649,-6,78.331884758,0.025138604,78.604070474,-268.357507,295.603311,5.449708e+03,7.156936e+04,69.572029,913.668276,57.695490,756.178794,2.611238
10000000,9715688,8,14937,650,-6,143.275229730,0.045965748,143.204550862,-312.067762,295.675400,5.451182e+03,7.159233e+04,38.046927,499.683906,31.551990,413.553128,2.611238
10000000,9721923,8,14937,650,-6,98.084618503,0.031457544,97.812129499,-269.660994,295.723496,5.452656e+03,7.161529e+04,55.591347,730.137874,46.101425,604.283624,2.611238
10000000,9728160,8,14937,651,-7,114.809498155,0.036809716,115.119262779,-275.761583,316.724440,5.459228e+03,7.168686e+04,47.550314,624.398374,39.439780,516.844123,2.611604
10000000,9734399,8,14937,651,-7,174.698793597,0.055993206,174.738058153,-322.725043,316.801455,5.460703e+03,7.170985e+04,31.257816,410.477064,25.926250,339.771318,2.611604
10000000,9740640,8,14937,652,-7,138.385943919,0.044340260,138.364203473,-287.997782,316.878225,5.462178e+03,7.173283e+04,39.470612,518.353453,32.738208,429.065717,2.611604
10000000,9746883,8,14937,652,-7,215.380562244,0.068988012,215.997698259,-332.413759,316.950030,5.463653e+03,7.175582e+04,25.367437,333.158271,21.040575,275.770889,2.611604
10000000,9753128,8,14937,652,-7,224.139407317,0.071770547,224.638542028,-329.266052,317.002626,5.465128e+03,7.177880e+04,24.382717,320.241766,20.223815,265.079286,2.611604
10000000,9759375,8,14937,653,-8,205.750002088,0.065861080,206.190796049,-330.046218,338.009238,5.472543e+03,7.185939e+04,26.598024,349.255832,22.063291,289.116516,2.612721
10000000,9765624,8,14937,653,-8,192.404514735,0.061569448,192.841883447,-343.679452,338.113860,5.474020e+03,7.188239e+04,28.450579,373.600331,23.600000,309.269070,2.612721
10000000,9771875,8,14937,654,-9,139.830454618,0.044731434,140.015619045,-356.467704,359.123537,5.480021e+03,7.194828e+04,39.190470,514.539401,32.511764,425.974888,2.613161
10000000,9778128,8,14937,654,-9,88.601210801,0.028334255,88.676592739,-379.878517,359.209669,5.481499e+03,7.197129e+04,61.867084,812.305992,51.323905,672.488741,2.613161
10000000,9784383,8,14937,654,-9,-23.816651024,0.007614019,-23.654582735,-313.100182,359.320599,5.482976e+03,7.199431e+04,230.216073,3022.856172,190.983416,2502.550467,2.613161
10000000,9790640,8,14937,655,-8,12.035567845,0.003846458,11.899779240,-329.542571,338.475837,5.482091e+03,7.199415e+04,455.490887,5981.782450,377.823655,4951.732776,2.613625
10000000,9796899,8,14937,655,-8,27.311846769,0.008725830,27.590222863,-338.639841,338.556919,5.483568e+03,7.201716e+04,200.776172,2636.846853,166.541164,2182.787672,2.613625
10000000,9803160,8,14937,656,-8,-16.765669353,0.005354733,-15.711735742,-311.410962,338.639892,5.485045e+03,7.204017e+04,327.159293,4296.885758,271.374268,3556.971558,2.613625
10000000,9809423,8,14937,656,-8,18.239685878,0.005823655,17.993902934,-351.352461,338.721317,5.486521e+03,7.206317e+04,300.801286,3950.899979,249.510639,3270.563763,2.613625
10000000,9815688,8,14937,657,-8,-67.261287872,0.021468653,-67.292861600,-293.634032,338.778404,5.487997e+03,7.208618e+04,81.592213,1071.733615,67.679645,887.183463,2.613625
10000000,9821955,8,14937,657,-8,70.189014061,0.022395985,70.427970165,-408.102339,338.859813,5.489474e+03,7.210919e+04,78.209870,1027.357242,64.874033,850.448603,2.613625
10000000,9828224,8,14937,657,-8,-18.877025892,0.006021380,-18.843602257,-314.961330,338.941587,5.490950e+03,7.213220e+04,290.880035,3821.163408,241.281052,3163.167542,2.613625
10000000,9834495,8,14937,658,-9,2.316857928,0.000738794,2.858583715,-357.123452,359.953134,5.496544e+03,7.219452e+04,2372.413048,31160.528208,1968.003193,25795.713232,2.614162
10000000,9840768,8,14937,658,-9,6.001832534,0.001913240,6.593974056,-365.898339,360.039205,5.498021e+03,7.221754e+04,916.057076,12032.581321,759.902727,9960.967771,2.614162
10000000,9847043,8,14937,659,-10,64.372449221,0.020513847,64.924795573,-422.573185,381.029136,5.505222e+03,7.229576e+04,85.521401,1123.085489,70.949434,929.792392,2.615330
10000000,9853320,8,14937,659,-10,-46.974563377,0.014964819,-46.333200873,-340.969181,381.119748,5.506701e+03,7.231880e+04,117.227285,1539.531126,97.252956,1274.563995,2.615330
10000000,9859599,8,14937,660,-10,-15.392034650,0.004901922,-14.583103539,-370.308876,381.210118,5.508179e+03,7.234184e+04,357.859057,4699.953118,296.883520,3891.048983,2.615330
10000000,9865880,8,14937,660,-10,24.849131577,0.007911217,25.175087062,-395.083178,381.297444,5.509657e+03,7.236488e+04,221.724344,2912.169378,183.944764,2410.958878,2.615330
10000000,9872163,8,14937,660,-10,-16.414105423,0.005224095,-16.058629585,-360.936570,381.388163,5.511136e+03,7.238792e+04,335.756082,4410.104418,278.546633,3651.085848,2.615330
10000000,9878448,8,14937,661,-11,-11.674434132,0.003714424,-11.457400622,-385.278999,402.408362,5.517255e+03,7.245595e+04,472.592934,6206.377506,392.120680,5138.715745,2.615962
10000000,9884735,8,14937,661,-11,-15.530027781,0.004939577,-15.685449251,-407.983912,402.503728,5.518734e+03,7.247900e+04,355.358957,4667.023108,294.849070,3864.171186,2.615962
10000000,9891024,8,14937,662,-10,-111.352158579,0.035406094,-111.359757073,-346.830772,381.671700,5.517744e+03,7.247919e+04,49.552194,650.900636,41.109534,538.882700,2.616460
10000000,9897315,8,14937,662,-10,-73.531849203,0.023373126,-73.559767851,-377.800996,381.785786,5.519222e+03,7.250224e+04,75.058937,985.997734,62.270457,816.310650,2.616460
10000000,9903608,8,14937,662,-10,-47.616621226,0.015130799,-47.751688091,-370.930304,381.876362,5.520701e+03,7.252528e+04,115.940629,1523.108543,96.186754,1260.986390,2.616460
10000000,9909903,8,14937,663,-11,0.993606336,0.000315631,2.137000354,-416.640139,402.898061,5.524982e+03,7.257384e+04,5560.533696,73040.839552,4613.886679,60477.728915,2.616435
10000000,9916200,8,14937,663,-11,-38.767223222,0.012310964,-38.050688239,-379.168004,402.993519,5.526461e+03,7.259689e+04,142.554979,1872.635924,118.285854,1550.540334,2.616435
10000000,9922499,8,14937,664,-11,-20.613262012,0.006543893,-20.230039312,-409.421118,403.089511,5.527940e+03,7.261995e+04,268.173944,3522.972191,222.518935,2917.016815,2.616435
10000000,9928800,8,14937,664,-11,-98.279238575,0.031189858,-97.401053386,-364.616861,403.183902,5.529419e+03,7.264300e+04,56.262329,739.149019,46.684001,612.014515,2.616435
10000000,9935103,8,14937,665,-12,-31.731533665,0.010067111,-31.225587288,-423.256545,424.206298,5.533322e+03,7.268684e+04,174.379292,2290.681579,144.699749,1896.759273,2.616647
10000000,9941408,8,14937,665,-12,-19.576651716,0.006208897,-18.393548409,-411.112785,424.306445,5.534802e+03,7.270990e+04,282.724645,3714.113182,234.604591,3075.407198,2.616647
10000000,9947715,8,14937,665,-12,0.560823555,0.000177813,1.447073681,-425.512458,424.382075,5.536281e+03,7.273296e+04,9871.699077,129689.561270,8191.524218,107387.198689,2.616647
10000000,9954024,8,14937,666,-12,-20.627797748,0.006538130,-19.703721554,-428.552163,424.482021,5.537761e+03,7.275602e+04,268.461076,3527.086225,222.768669,2920.542761,2.616647
10000000,9960335,8,14937,666,-12,-69.088197739,0.021891065,-68.845934646,-398.531548,424.581971,5.539240e+03,7.277908e+04,80.176359,1053.422788,66.530239,872.268524,2.616647
10000000,9966648,8,14937,667,-11,-65.918525042,0.020880117,-64.577413235,-402.771417,403.772198,5.541825e+03,7.281132e+04,84.070828,1104.565385,69.757839,914.589092,2.617499
10000000,9972963,8,14937,667,-11,-53.302665393,0.016878616,-52.687429186,-404.936265,403.867134,5.543304e+03,7.283438e+04,103.996759,1366.430438,86.291391,1131.415479,2.617499
10000000,9979280,8,14937,668,-11,-49.363830110,0.015626411,-47.789111631,-433.378127,403.938087,5.544784e+03,7.285745e+04,112.324831,1475.927774,93.201610,1222.080161,2.617499
10000000,9985599,8,14937,668,-11,-169.691068195,0.053699708,-168.882461089,-387.657201,404.033496,5.546263e+03,7.288051e+04,32.684474,429.489378,27.119964,355.620687,2.617499
10000000,9991920,8,14937,668,-11,-216.835028664,0.068596975,-216.967478082,-379.906866,404.128761,5.547743e+03,7.290357e+04,25.585085,336.216778,21.229240,278.390218,2.617499
10000000,9998243,8,14937,669,-10,-206.846986938,0.065416508,-206.907931806,-380.815034,383.293404,5.551108e+03,7.294320e+04,26.836784,352.643292,22.268954,292.003643,2.618043
100000000,99062208,8,14937,6631,-14,-9.339363900,0.000938347,-10.245666360,-892.964609,797.040564,2.037215e+04,2.879268e+05,2181.321148,30829.379330,1821.924226,25686.196426,3.223219
100000000,99082115,8,14937,6632,-14,-46.803519940,0.004701981,-47.790752127,-847.150606,797.079393,2.037390e+04,2.879557e+05,435.306904,6152.437282,363.585242,5126.042624,3.223219
100000000,99102024,8,14937,6634,-15,-143.654583372,0.014430395,-145.148804932,-760.422068,818.071762,2.037364e+04,2.879649e+05,141.823833,2004.564806,118.455103,1670.131195,3.223152
100000000,99121935,8,14937,6635,-14,-129.532608508,0.013010507,-129.631089827,-804.477445,797.233323,2.037713e+04,2.880114e+05,157.312752,2223.466176,131.393608,1852.529698,3.223174
100000000,99141848,8,14937,6636,-14,-227.931186378,0.022891552,-228.160586489,-747.155475,797.320566,2.037887e+04,2.880403e+05,89.408013,1263.716066,74.676979,1052.892806,3.223174
100000000,99161763,8,14937,6638,-14,-207.967052292,0.020884420,-209.450730790,-811.700329,797.363199,2.038048e+04,2.880681e+05,97.998618,1385.162149,81.852132,1154.077799,3.223169
100000000,99181680,8,14937,6639,-13,-254.231323323,0.025527796,-253.229454420,-810.733762,776.475428,2.038365e+04,2.881109e+05,80.177589,1133.262825,66.967943,944.209311,3.223165
100000000,99201599,8,14937,6640,-13,-419.298733110,0.042098267,-421.055509036,-677.969758,776.536122,2.038540e+04,2.881398e+05,48.617838,687.194629,40.607813,572.555239,3.223165
100000000,99221520,8,14937,6642,-12,-550.034686809,0.055218822,-548.292098138,-575.959499,755.667038,2.038873e+04,2.881835e+05,37.068080,523.937011,30.961268,436.536416,3.223209
100000000,99241443,8,14937,6643,-13,-365.559798028,0.036695423,-365.160223120,-775.848781,776.653528,2.038918e+04,2.881997e+05,55.775226,788.379013,46.585351,656.854988,3.223216
100000000,99261368,8,14937,6644,-13,-385.198804068,0.038662933,-384.970891204,-765.730459,776.713799,2.039092e+04,2.882286e+05,52.936103,748.259339,44.214019,623.428416,3.223216
100000000,99281295,8,14937,6646,-13,-444.037689771,0.044564200,-443.542514216,-710.712692,776.800204,2.039277e+04,2.882583e+05,45.925759,649.175228,38.358394,540.871584,3.223275
100000000,99301224,8,14937,6647,-13,-436.124398087,0.043765620,-433.342826933,-717.034079,776.884261,2.039451e+04,2.882872e+05,46.763060,661.020570,39.057729,550.740736,3.223275
100000000,99321155,8,14937,6648,-13,-494.425034371,0.049611182,-495.137983135,-641.534091,776.920205,2.039625e+04,2.883161e+05,41.252472,583.134163,34.455140,485.848326,3.223275
100000000,99341088,8,14937,6650,-12,-435.024541746,0.043646488,-434.344331617,-677.230190,756.028998,2.039939e+04,2.883580e+05,46.892493,662.854642,39.165393,552.266092,3.223471
100000000,99361023,8,14937,6651,-12,-331.375981474,0.033243979,-332.441098868,-744.515832,756.067612,2.040113e+04,2.883870e+05,61.564898,870.271186,51.420030,725.077922,3.223471
100000000,99380960,8,14937,6652,-12,-307.322133533,0.030827780,-308.532734681,-729.035866,756.154266,2.040287e+04,2.884159e+05,66.389204,938.480728,55.449369,781.907603,3.223471
100000000,99400899,8,14937,6654,-14,-203.362688634,0.020397461,-203.018648653,-797.605895,798.067706,2.040545e+04,2.884504e+05,100.340203,1418.403648,83.802804,1181.739014,3.223838
100000000,99420840,8,14937,6655,-14,-124.369205946,0.012473093,-123.476403797,-848.866717,798.083122,2.040720e+04,2.884793e+05,164.085609,2319.539704,137.042116,1932.517989,3.223838
100000000,99440783,8,14937,6656,-14,-155.527542472,0.015596424,-155.928978272,-802.055167,798.145734,2.040894e+04,2.885082e+05,131.223961,1855.029910,109.596503,1545.512958,3.223838
100000000,99460728,8,14937,6658,-14,-222.620520162,0.022322322,-222.142905050,-737.553848,798.207891,2.041080e+04,2.885377e+05,91.684276,1296.096820,76.572948,1079.835662,3.223878
100000000,99480675,8,14937,6659,-15,-52.835265491,0.005297300,-54.322162197,-921.782966,819.221498,2.041311e+04,2.885720e+05,386.353828,5461.730084,322.681566,4550.455072,3.223898
100000000,99500624,8,14937,6660,-15,-181.468020490,0.018192283,-181.447476012,-819.693303,819.284312,2.041485e+04,2.886009e+05,112.498336,1590.367772,93.958273,1325.019176,3.223898
100000000,99520575,8,14937,6662,-15,-251.505011205,0.025211008,-251.334257688,-773.692569,819.350132,2.041663e+04,2.886300e+05,81.177825,1147.611527,67.799696,956.137165,3.223900
100000000,99540528,8,14937,6663,-14,-319.095036494,0.031983065,-316.713530992,-718.921593,798.487556,2.041789e+04,2.886540e+05,63.986846,904.601900,53.441487,753.670331,3.223860
100000000,99560483,8,14937,6664,-14,-316.238442694,0.031693570,-316.134771935,-707.558110,798.545841,2.041963e+04,2.886829e+05,64.570354,912.864691,53.928829,760.554486,3.223860
100000000,99580440,8,14937,6666,-14,-327.970259648,0.032866045,-327.317645558,-659.448812,798.633532,2.042140e+04,2.887122e+05,62.266013,880.299818,52.004311,733.422836,3.223874
100000000,99600399,8,14937,6667,-13,-186.904457523,0.018727902,-184.994672201,-746.967248,777.744418,2.042319e+04,2.887400e+05,109.270756,1544.853471,91.261844,1287.088450,3.223952
100000000,99620360,8,14937,6668,-13,24.415862390,0.002446234,26.288177953,-900.696923,777.827329,2.042493e+04,2.887689e+05,836.543643,11827.103513,698.672879,9853.703678,3.223952
100000000,99640323,8,14937,6670,-12,15.470509462,0.001549841,16.386331962,-846.854165,756.986478,2.042662e+04,2.887949e+05,1320.358764,18667.447127,1102.757580,15552.735791,3.223935
100000000,99660288,8,14937,6671,-11,53.474922775,0.005356599,55.099835453,-867.655412,736.120388,2.042850e+04,2.888216e+05,382.020219,5401.066318,319.063509,4499.895890,3.223920
100000000,99680255,8,14937,6672,-11,12.125615341,0.001214505,13.775313991,-839.348154,736.154179,2.043024e+04,2.888505e+05,1684.883132,23821.515647,1407.215344,19846.884681,3.223920
100000000,99700224,8,14937,6674,-13,-90.314572399,0.009045025,-88.926918304,-778.856488,778.091028,2.043252e+04,2.888899e+05,226.237296,3198.707041,188.951195,2664.991715,3.224030
100000000,99720195,8,14937,6675,-13,-41.363864616,0.004142186,-42.618545072,-890.386081,778.151462,2.043427e+04,2.889188e+05,494.012538,6984.811349,412.594471,5819.371432,3.224030
100000000,99740168,8,14937,6676,-13,-231.826185488,0.023212795,-231.305017352,-783.112756,778.242283,2.043601e+04,2.889477e+05,88.152297,1246.398127,73.623940,1038.432291,3.224030
100000000,99760143,8,14937,6678,-12,-447.963783658,0.044850199,-448.413806485,-654.827980,757.396740,2.043732e+04,2.889707e+05,45.622708,645.076063,38.103239,537.438193,3.224053
100000000,99780120,8,14937,6679,-13,-457.191723411,0.045769519,-456.128054609,-732.885248,778.358837,2.043964e+04,2.890073e+05,44.706938,632.135819,37.338795,526.660699,3.224081
100000000,99800099,8,14937,6680,-13,-640.763761381,0.064140517,-639.799147547,-619.075877,778.395390,2.044139e+04,2.890362e+05,31.901594,451.080749,26.643897,375.815600,3.224081
100000000,99820080,8,14937,6682,-15,-627.726131163,0.062829160,-626.837369049,-676.081935,820.334349,2.044567e+04,2.890899e+05,32.571011,460.535028,27.203016,383.693170,3.224423
100000000,99840063,8,14937,6683,-14,-684.015090912,0.068456274,-683.151914683,-633.441870,799.471337,2.044620e+04,2.891076e+05,29.891445,422.662573,24.964841,352.137299,3.224318
100000000,99860048,8,14937,6684,-14,-601.377812550,0.060179907,-601.496302352,-703.859662,799.535280,2.044794e+04,2.891365e+05,34.001824,480.790123,28.397761,400.565713,3.224318
100000000,99880035,8,14937,6686,-14,-550.881983250,0.055121271,-550.603020163,-729.742611,799.595481,2.044981e+04,2.891664e+05,37.121944,524.915351,31.003575,437.327817,3.224363
100000000,99900024,8,14937,6687,-14,-484.696671400,0.048493914,-484.937009331,-768.445843,799.634308,2.045155e+04,2.891953e+05,42.194540,596.652217,35.240115,497.094648,3.224363
100000000,99920015,8,14937,6688,-14,-431.017597292,0.043119008,-434.265820236,-797.244854,799.697773,2.045330e+04,2.892243e+05,47.453506,671.026610,39.632307,559.058908,3.224363
100000000,99940008,8,14937,6690,-14,-468.620359731,0.046876099,-469.357100148,-746.071501,799.738218,2.045485e+04,2.892512e+05,43.649095,617.239928,36.455410,514.251699,3.224266
100000000,99960003,8,14937,6691,-15,-463.316332507,0.046340902,-461.392835988,-741.102056,820.703102,2.045788e+04,2.892937e+05,44.155309,624.397850,36.877255,520.206095,3.224498
100000000,99980000,8,14937,6692,-15,-395.357788520,0.039539733,-395.395138420,-795.469930,820.764397,2.045962e+04,2.893227e+05,51.749629,731.799563,43.219814,609.685945,3.224498
100000000,99999999,8,14937,6694,-15,-363.471579088,0.036347158,-363.160023909,-819.643049,820.853868,2.046175e+04,2.893552e+05,56.295327,796.087666,47.015314,663.237046,3.224657
1000000000,996980624,9,80435,12394,13,582.366337079,0.018443906,584.177473582,-925.778509,861.096041,6.016161e+04,9.696284e+05,103.305432,1664.980092,86.466768,1390.037428,3.390656
1000000000,997043775,9,80435,12395,12,610.064997438,0.019320528,611.248210374,-922.698448,899.257964,6.016840e+04,9.697145e+05,98.626210,1589.526484,82.550923,1327.051969,3.390664
1000000000,997106928,9,80435,12396,12,518.616553777,0.016423870,518.714496541,-796.210783,899.305026,6.017006e+04,9.697452e+05,116.020318,1869.869317,97.109929,1561.102494,3.390664
1000000000,997170083,9,80435,12397,12,544.030369514,0.017228145,543.184570354,-781.774227,899.329165,6.017172e+04,9.697759e+05,110.603599,1782.576756,92.576092,1488.224335,3.390664
1000000000,997233240,9,80435,12397,12,604.326387673,0.019136970,600.658431782,-795.677839,899.374628,6.017338e+04,9.698066e+05,99.570989,1604.772887,83.341709,1339.780772,3.390664
1000000000,997296399,9,80435,12398,13,601.721461143,0.019053878,602.996039982,-751.581777,861.264431,6.016996e+04,9.697817e+05,99.996371,1611.678761,83.697148,1345.539171,3.390674
1000000000,997359560,9,80435,12399,14,651.923566744,0.020642905,654.009789966,-752.870385,823.135224,6.016696e+04,9.697596e+05,92.291433,1487.535689,77.247411,1241.888737,3.390704
1000000000,997422723,9,80435,12400,14,791.039598439,0.025047166,790.592975917,-836.162122,823.159603,6.016862e+04,9.697903e+05,76.062714,1225.969321,63.664064,1023.516614,3.390704
1000000000,997485888,9,80435,12400,14,896.832879692,0.028396064,896.179925878,-887.081885,823.204976,6.017028e+04,9.698210e+05,67.091962,1081.384289,56.155595,902.807898,3.390704
1000000000,997549055,9,80435,12401,13,925.784811438,0.029311829,925.991607893,-860.674921,861.364000,6.017670e+04,9.699062e+05,65.000739,1047.658327,54.405761,874.656589,3.390687
1000000000,997612224,9,80435,12402,13,1056.199334662,0.033439903,1056.037057357,-936.470084,861.410204,6.017836e+04,9.699369e+05,56.976324,918.327482,47.689308,766.682383,3.390687
1000000000,997675395,9,80435,12403,14,942.459224354,0.029837878,939.111875785,-768.276706,823.299460,6.017503e+04,9.699104e+05,63.848944,1029.127191,53.441216,859.180321,3.390674
1000000000,997738568,9,80435,12404,14,1194.110007611,0.037803844,1194.713947955,-974.061925,823.305422,6.017669e+04,9.699411e+05,50.394591,812.271160,42.179996,678.135222,3.390674
1000000000,997801743,9,80435,12404,14,1299.864519817,0.041150580,1299.319784055,-1032.092034,823.329969,6.017834e+04,9.699718e+05,46.295859,746.209942,38.749379,622.983148,3.390674
1000000000,997864920,9,80435,12405,13,1396.424558649,0.044206039,1395.108251370,-1083.734200,861.470548,6.018525e+04,9.700624e+05,43.099537,694.675865,36.074416,579.963167,3.390719
1000000000,997928099,9,80435,12406,14,1497.421019504,0.047401742,1498.116828842,-1148.925868,823.357291,6.018156e+04,9.700322e+05,40.190138,647.801917,33.638900,540.825493,3.390662
1000000000,997991280,9,80435,12407,15,1591.799280955,0.050387746,1592.801454850,-1209.766938,785.245866,6.017819e+04,9.700044e+05,37.805138,609.376048,31.642274,508.740504,3.390615
1000000000,998054463,9,80435,12408,15,1491.495089532,0.047211164,1488.971524685,-1074.668293,785.267683,6.017985e+04,9.700351e+05,40.348675,650.377642,33.771171,542.970881,3.390615
1000000000,998117648,9,80435,12408,15,1430.213736991,0.045269957,1430.145346595,-987.903553,785.270720,6.018151e+04,9.700658e+05,42.078682,678.266290,35.219159,566.253852,3.390615
1000000000,998180835,9,80435,12409,14,1471.115986749,0.046563145,1471.460070973,-1002.856535,823.431013,6.018824e+04,9.701554e+05,40.913323,659.468980,34.244329,550.567595,3.390660
1000000000,998244024,9,80435,12410,15,1378.257816234,0.043622656,1377.078139364,-886.755964,785.319269,6.018485e+04,9.701275e+05,43.667335,703.879527,36.548750,587.636141,3.390622
1000000000,998307215,9,80435,12411,15,1482.425427887,0.046918136,1482.263250490,-970.693373,785.312121,6.018650e+04,9.701582e+05,40.600022,654.439776,33.981465,546.361202,3.390622
1000000000,998370408,9,80435,12411,15,1444.218719060,0.045707463,1444.452113644,-912.642747,785.335965,6.018816e+04,9.701889e+05,41.675241,671.774197,34.881404,560.832901,3.390622
1000000000,998433603,9,80435,12412,15,1499.461358443,0.047454312,1500.644728771,-949.061873,785.338996,6.018982e+04,9.702196e+05,40.140962,647.045401,33.597241,540.187984,3.390622
1000000000,998496800,9,80435,12413,14,1434.315875278,0.045391179,1432.936912819,-860.367962,823.499214,6.019640e+04,9.703073e+05,41.968716,676.494878,35.127909,564.784483,3.390632
1000000000,998559999,9,80435,12414,13,1404.104383306,0.044433683,1406.560644403,-812.686346,861.680954,6.020333e+04,9.703978e+05,42.876675,691.115117,35.888767,577.001375,3.390654
1000000000,998623200,9,80435,12415,12,1481.040580837,0.046866890,1480.515947764,-864.887848,899.840009,6.021061e+04,9.704909e+05,40.654260,655.276357,34.029392,547.090440,3.390689
1000000000,998686403,9,80435,12415,12,1611.639188285,0.050998012,1609.075792364,-972.462723,899.845672,6.021227e+04,9.705216e+05,37.360886,602.195327,31.272694,502.773071,3.390689
1000000000,998749608,9,80435,12416,12,1511.582033366,0.047830334,1510.639424020,-852.902731,899.872093,6.021393e+04,9.705523e+05,39.835038,642.077160,33.343666,536.070426,3.390689
1000000000,998812815,9,80435,12417,13,1436.270205725,0.045445836,1438.151976109,-760.747865,861.778262,6.021009e+04,9.705215e+05,41.921145,675.723454,35.088957,564.151305,3.390658
1000000000,998876024,9,80435,12418,12,1638.665123882,0.051848287,1637.204531546,-938.472653,899.940047,6.021717e+04,9.706132e+05,36.747697,592.319455,30.759411,494.527364,3.390689
1000000000,998939235,9,80435,12419,13,1819.885106491,0.057580368,1818.970271687,-1102.541260,861.853537,6.021349e+04,9.705834e+05,33.086425,533.321266,27.694119,445.262299,3.390658
1000000000,999002448,9,80435,12419,13,2112.484357542,0.066835965,2110.098384571,-1376.837794,861.879230,6.021515e+04,9.706141e+05,28.504425,459.465716,23.858877,383.601356,3.390658
1000000000,999065663,9,80435,12420,13,2002.392097291,0.063350800,2004.230272710,-1256.799214,861.925504,6.021681e+04,9.706448e+05,30.072437,484.742648,25.171340,404.704705,3.390658
1000000000,999128880,9,80435,12421,12,1995.919867377,0.063144037,1994.380235136,-1234.892371,900.087148,6.022364e+04,9.707347e+05,30.173373,486.359578,25.256343,406.060468,3.390687
1000000000,999192099,9,80435,12422,13,1737.687234447,0.054972706,1737.078703958,-971.864961,861.977420,6.022022e+04,9.707071e+05,34.655386,558.620160,29.007428,466.384625,3.390661
1000000000,999255320,9,80435,12422,13,1730.010484173,0.054728116,1731.221950757,-963.677238,862.002813,6.022188e+04,9.707378e+05,34.810125,561.116733,29.136948,468.468980,3.390661
1000000000,999318543,9,80435,12423,12,1846.337059746,0.058406208,1845.588412984,-1079.390922,900.148194,6.022851e+04,9.708259e+05,32.620538,525.811821,27.304670,438.998467,3.390682
1000000000,999381768,9,80435,12424,12,2017.047414035,0.063804366,2017.189782047,-1258.763969,900.174737,6.023017e+04,9.708566e+05,29.860561,481.325603,24.994461,401.857078,3.390682
1000000000,999444995,9,80435,12425,12,2072.012567787,0.065540981,2072.794937979,-1327.521264,900.201236,6.023183e+04,9.708873e+05,29.069238,468.572097,24.332092,391.209219,3.390682
1000000000,999508224,9,80435,12426,13,1970.696219476,0.062334215,1969.552379396,-1243.994194,862.089193,6.022889e+04,9.708646e+05,30.562241,492.650544,25.581482,411.308836,3.390690
1000000000,999571455,9,80435,12426,13,1800.451534701,0.056947480,1800.714600995,-1098.948583,862.093930,6.023055e+04,9.708953e+05,33.453026,539.250991,28.001152,450.215066,3.390690
1000000000,999634688,9,80435,12427,13,1772.003461874,0.056045908,1772.880597640,-1099.788689,862.119415,6.023221e+04,9.709260e+05,33.991024,547.925557,28.451471,457.457371,3.390690
1000000000,999697923,9,80435,12428,13,1760.903442273,0.055693069,1760.050369327,-1120.089501,862.128269,6.023387e+04,9.709567e+05,34.206231,551.396896,28.631606,460.355557,3.390690
1000000000,999761160,9,80435,12429,13,1527.896325125,0.048322095,1527.223916042,-924.331601,862.153721,6.023553e+04,9.709874e+05,39.423833,635.506078,32.998890,530.577441,3.390690
1000000000,999824399,9,80435,12430,14,1501.069590006,0.047472157,1499.589425797,-938.308753,824.061636,6.023340e+04,9.709719e+05,40.126984,646.853336,33.587180,540.048427,3.390740
1000000000,999887640,9,80435,12430,14,1616.784247142,0.051130080,1615.320088013,-1097.267046,824.086239,6.023505e+04,9.710026e+05,37.256087,600.576472,31.184175,501.412547,3.390740
1000000000,999950883,9,80435,12431,15,1359.190582606,0.042982436,1357.914753259,-886.426855,785.953666,6.023336e+04,9.709905e+05,44.315609,714.388779,37.092870,596.430039,3.390803
