j,T,S_T_x999999,resid_x999999,S_T_ces_x999999,resid_ces_x999999,resid_ces_plus_offpred_x999999,S_T_x9998243,resid_x9998243,S_T_ces_x9998243,resid_ces_x9998243,resid_ces_plus_offpred_x9998243,S_T_x99999999,resid_x99999999,S_T_ces_x99999999,resid_ces_x99999999,resid_ces_plus_offpred_x99999999,S_T_x999950883,resid_x999950883,S_T_ces_x999950883,resid_ces_x999950883,resid_ces_plus_offpred_x999950883
25,88.809111207,-1.082614564e+02,-1.023495516e+02,-7.067030900e+01,-6.475840426e+01,50.960403,-5.035436647e+02,-2.966357329e+02,-3.778905937e+02,-1.709826619e+02,212.310742,-1.223398309e+03,-8.602382851e+02,-6.669296496e+02,-3.037696257e+02,517.084243,6.464476154e+02,-7.114671378e+02,5.571393907e+02,-8.007753626e+02,-14.821697
50,143.11184580,-1.396825918e+02,-1.337706871e+02,-8.871486405e+01,-8.280295931e+01,32.915848,-4.943227314e+02,-2.874147996e+02,-4.180839388e+02,-2.111760070e+02,172.117397,-1.160987902e+03,-7.978278781e+02,-8.710224379e+02,-5.078624140e+02,312.991454,-2.413376663e+02,-1.599252420e+03,3.492956721e+02,-1.008619081e+03,-222.665415
75,192.02665636,-1.489457072e+02,-1.430338024e+02,-1.036135103e+02,-9.770160551e+01,18.017202,-4.970466451e+02,-2.901387133e+02,-4.395926844e+02,-2.326847526e+02,150.608651,-1.344281536e+03,-9.811215116e+02,-9.640435783e+02,-6.008835544e+02,219.970314,-1.300433988e+02,-1.487958152e+03,2.535446243e+02,-1.104370129e+03,-318.416463
100,236.52422966,-1.408503113e+02,-1.349384066e+02,-1.117602490e+02,-1.058483442e+02,9.870463,-5.122772442e+02,-3.053693124e+02,-4.514242414e+02,-2.445163096e+02,138.777094,-1.335378936e+03,-9.722189117e+02,-1.036132196e+03,-6.729721722e+02,147.881696,3.014779663e+01,-1.327766957e+03,1.972546099e+02,-1.160660143e+03,-374.706477
125,278.25074352,-1.284083342e+02,-1.224964295e+02,-1.147758880e+02,-1.088639833e+02,6.854824,-5.208291270e+02,-3.139211952e+02,-4.607581066e+02,-2.538501748e+02,129.443229,-1.215573006e+03,-8.524129823e+02,-1.073800002e+03,-7.106399777e+02,110.213891,-2.246436499e+02,-1.582558403e+03,1.422509127e+02,-1.215663841e+03,-429.710175
150,318.85310425,-1.263867410e+02,-1.204748363e+02,-1.161173717e+02,-1.102054669e+02,5.513340,-5.247960259e+02,-3.178880941e+02,-4.676789179e+02,-2.607709861e+02,122.522418,-1.243359348e+03,-8.801993239e+02,-1.095956069e+03,-7.327960452e+02,88.057823,-3.431716389e+02,-1.701086392e+03,9.986009581e+01,-1.258054657e+03,-472.100991
175,357.95268510,-1.248597205e+02,-1.189478157e+02,-1.173695945e+02,-1.114576897e+02,4.261117,-5.407712809e+02,-3.338633491e+02,-4.749699759e+02,-2.680620441e+02,115.231360,-1.309967044e+03,-9.468070199e+02,-1.112887964e+03,-7.497279400e+02,71.125928,-5.428609333e+02,-1.900775687e+03,3.563273742e+01,-1.322282016e+03,-536.328350
200,396.38185422,-1.360534515e+02,-1.301415468e+02,-1.186580660e+02,-1.127461613e+02,2.972646,-5.586818335e+02,-3.517739017e+02,-4.822893735e+02,-2.753814417e+02,107.911962,-1.306345243e+03,-9.431852193e+02,-1.131433590e+03,-7.682735661e+02,52.580302,-2.707308242e+02,-1.628645577e+03,-6.781023842e+00,-1.364695777e+03,-578.742111
225,433.88921848,-1.326264629e+02,-1.267145582e+02,-1.198486725e+02,-1.139367678e+02,1.782039,-5.603953109e+02,-3.534873791e+02,-4.885970147e+02,-2.816890829e+02,101.604321,-1.266603919e+03,-9.034438946e+02,-1.145824961e+03,-7.826649370e+02,38.188931,-2.834219002e+02,-1.641336653e+03,-2.893187663e+01,-1.386846630e+03,-600.892964
250,470.77365547,-1.329763363e+02,-1.270644316e+02,-1.208830146e+02,-1.149711098e+02,0.747697,-5.435669355e+02,-3.366590036e+02,-4.939975227e+02,-2.870895909e+02,96.203813,-1.224054166e+03,-8.608941420e+02,-1.152701142e+03,-7.895411178e+02,31.312751,-1.214600482e+02,-1.479374801e+03,-4.370113289e+01,-1.401615886e+03,-615.662220
275,506.46415270,-1.347752010e+02,-1.288632963e+02,-1.216179961e+02,-1.157060913e+02,0.012716,-5.471647992e+02,-3.402568674e+02,-4.976991689e+02,-2.907912371e+02,92.502167,-1.215564425e+03,-8.524044008e+02,-1.157720961e+03,-7.945609368e+02,26.292932,-6.740277956e+01,-1.425317533e+03,-4.420418514e+01,-1.402118938e+03,-616.165272
300,541.84743712,-1.306159415e+02,-1.247040367e+02,-1.224517575e+02,-1.165398528e+02,-0.821046,-5.362604510e+02,-3.293525192e+02,-5.012008922e+02,-2.942929604e+02,89.000444,-1.161309427e+03,-7.981494035e+02,-1.160146062e+03,-7.969860385e+02,23.867830,-1.445192328e+01,-1.372366677e+03,-4.884762854e+01,-1.406762382e+03,-620.808716
325,577.03900347,-1.266335456e+02,-1.207216408e+02,-1.228277075e+02,-1.169158027e+02,-1.196996,-5.413578107e+02,-3.344498789e+02,-5.033262315e+02,-2.964182997e+02,86.875104,-1.141268907e+03,-7.781088831e+02,-1.159183069e+03,-7.960230455e+02,24.830823,1.048082569e+02,-1.253106496e+03,-4.532657002e+01,-1.403241323e+03,-617.287657
350,611.77420962,-1.292108968e+02,-1.232989921e+02,-1.230754313e+02,-1.171635265e+02,-1.444719,-5.493404316e+02,-3.424324998e+02,-5.057498276e+02,-2.988418958e+02,84.451508,-1.093708255e+03,-7.305482306e+02,-1.157220342e+03,-7.940603182e+02,26.793550,2.403541128e+02,-1.117560640e+03,-3.532902077e+01,-1.393243774e+03,-607.290108
375,646.34819159,-1.284916907e+02,-1.225797860e+02,-1.234455628e+02,-1.175336581e+02,-1.814851,-5.616175315e+02,-3.547095997e+02,-5.083086235e+02,-3.014006917e+02,81.892712,-1.147893720e+03,-7.847336964e+02,-1.155010388e+03,-7.918503644e+02,29.003504,2.520072127e+02,-1.105907541e+03,-1.971422227e+01,-1.377628976e+03,-591.675310
400,679.74219788,-1.231553870e+02,-1.172434823e+02,-1.235758732e+02,-1.176639685e+02,-1.945161,-5.626751202e+02,-3.557671884e+02,-5.108074555e+02,-3.038995237e+02,79.393880,-1.172090055e+03,-8.089300313e+02,-1.156212198e+03,-7.930521743e+02,27.801694,3.062452623e+02,-1.051669491e+03,-2.964104490e+00,-1.360878858e+03,-574.925192
425,712.74938347,-1.228926434e+02,-1.169807387e+02,-1.235109875e+02,-1.175990828e+02,-1.880276,-5.685563617e+02,-3.616484299e+02,-5.132366685e+02,-3.063287367e+02,76.964667,-1.245796081e+03,-8.826360575e+02,-1.158725706e+03,-7.955656823e+02,25.288186,2.722731399e+02,-1.085641613e+03,8.786749828e+00,-1.349128003e+03,-563.174337
450,746.49930589,-1.215018749e+02,-1.155899702e+02,-1.234416716e+02,-1.175297669e+02,-1.810960,-5.635814938e+02,-3.566735620e+02,-5.155290581e+02,-3.086211263e+02,74.672278,-1.259083537e+03,-8.959235135e+02,-1.162682937e+03,-7.995229136e+02,21.330955,2.530003195e+02,-1.104914434e+03,2.083755747e+01,-1.337077196e+03,-551.123530
475,779.15707694,-1.248431206e+02,-1.189312159e+02,-1.234015207e+02,-1.174896159e+02,-1.770809,-5.654179096e+02,-3.585099778e+02,-5.176958696e+02,-3.107879378e+02,72.505466,-1.247478115e+03,-8.843180907e+02,-1.166411357e+03,-8.032513332e+02,17.602535,2.990633319e+02,-1.058851421e+03,3.333999207e+01,-1.324574761e+03,-538.621095
500,811.18435884,-1.241536906e+02,-1.182417859e+02,-1.234111965e+02,-1.174992917e+02,-1.780485,-5.572098841e+02,-3.503019523e+02,-5.193608357e+02,-3.124529039e+02,70.840500,-1.290342138e+03,-9.271821144e+02,-1.170747547e+03,-8.075875235e+02,13.266345,3.982365884e+02,-9.596781649e+02,4.695404594e+01,-1.310960707e+03,-525.007041
525,844.16619660,-1.241046663e+02,-1.181927615e+02,-1.234072724e+02,-1.174953676e+02,-1.776560,-5.539642934e+02,-3.470563616e+02,-5.207899940e+02,-3.138820622e+02,69.411342,-1.290894821e+03,-9.277347974e+02,-1.175461273e+03,-8.123012488e+02,8.552620,4.276166623e+02,-9.302980909e+02,6.052024033e+01,-1.297394513e+03,-511.440847
550,875.98528510,-1.223605567e+02,-1.164486520e+02,-1.233686160e+02,-1.174567113e+02,-1.737904,-5.585634198e+02,-3.516554879e+02,-5.220909047e+02,-3.151829729e+02,68.110431,-1.291580754e+03,-9.284207301e+02,-1.179747190e+03,-8.165871664e+02,4.266702,4.404949581e+02,-9.174197952e+02,7.323284657e+01,-1.284681907e+03,-498.728241
575,907.65672946,-1.186714556e+02,-1.127595509e+02,-1.233006630e+02,-1.173887582e+02,-1.669951,-5.535697163e+02,-3.466617845e+02,-5.233120880e+02,-3.164041562e+02,66.889248,-1.303576002e+03,-9.404159776e+02,-1.183777852e+03,-8.206178277e+02,0.236041,4.345662463e+02,-9.233485070e+02,8.528575183e+01,-1.272629001e+03,-486.675335
600,939.02430089,-1.171356716e+02,-1.112237669e+02,-1.231462569e+02,-1.172343522e+02,-1.515545,-5.675226163e+02,-3.606146845e+02,-5.245727211e+02,-3.176647893e+02,65.628615,-1.261849660e+03,-8.986896362e+02,-1.186751282e+03,-8.235912582e+02,-2.737390,3.641578269e+02,-9.937569264e+02,9.553331345e+01,-1.262381440e+03,-476.427774
625,970.12561055,-1.175584045e+02,-1.116464998e+02,-1.229716208e+02,-1.170597160e+02,-1.340909,-5.684345899e+02,-3.615266581e+02,-5.260303823e+02,-3.191224505e+02,64.170954,-1.245615788e+03,-8.824557646e+02,-1.188687619e+03,-8.255275953e+02,-4.673727,4.382373481e+02,-9.196774051e+02,1.056649632e+02,-1.252249790e+03,-466.296124
650,1001.3494826,-1.188225930e+02,-1.129106883e+02,-1.228471704e+02,-1.169352657e+02,-1.216459,-5.628664247e+02,-3.559584929e+02,-5.273449064e+02,-3.204369746e+02,62.856429,-1.234466713e+03,-8.713066894e+02,-1.190324794e+03,-8.271647706e+02,-6.310902,4.478689841e+02,-9.100457691e+02,1.162603056e+02,-1.241654448e+03,-455.700782
675,1031.8331802,-1.174521951e+02,-1.115402904e+02,-1.227212661e+02,-1.168093614e+02,-1.090554,-5.720648457e+02,-3.651569139e+02,-5.285150362e+02,-3.216071044e+02,61.686300,-1.249163940e+03,-8.860039165e+02,-1.191540761e+03,-8.283807372e+02,-7.526869,4.101461573e+02,-9.477685960e+02,1.255032221e+02,-1.232411531e+03,-446.457865
700,1062.9153815,-1.179185161e+02,-1.120066113e+02,-1.225553666e+02,-1.166434618e+02,-0.924655,-5.711968517e+02,-3.642889199e+02,-5.298304658e+02,-3.229225340e+02,60.370870,-1.256913048e+03,-8.937530245e+02,-1.193439341e+03,-8.302793175e+02,-9.425449,3.782482169e+02,-9.796665364e+02,1.338356343e+02,-1.224079119e+03,-438.125453
725,1093.4408732,-1.185179514e+02,-1.126060467e+02,-1.224239775e+02,-1.165120727e+02,-0.793266,-5.776630695e+02,-3.707551377e+02,-5.310948570e+02,-3.241869252e+02,59.106479,-1.257692826e+03,-8.945328023e+02,-1.195089264e+03,-8.319292397e+02,-11.075371,4.770177479e+02,-8.808970053e+02,1.417623803e+02,-1.216152373e+03,-430.198707
750,1123.1011173,-1.179325583e+02,-1.120206536e+02,-1.223106705e+02,-1.163987658e+02,-0.679959,-5.846689930e+02,-3.777610612e+02,-5.324640947e+02,-3.255561629e+02,57.737241,-1.245142936e+03,-8.819829117e+02,-1.196806899e+03,-8.336468750e+02,-12.793007,4.923903648e+02,-8.655243884e+02,1.506721722e+02,-1.207242581e+03,-421.288915
775,1153.8903037,-1.197160175e+02,-1.138041128e+02,-1.222155442e+02,-1.163036395e+02,-0.584832,-5.841485453e+02,-3.772406135e+02,-5.338102241e+02,-3.269022923e+02,56.391112,-1.279332316e+03,-9.161722923e+02,-1.198593988e+03,-8.354339640e+02,-14.580096,5.361018521e+02,-8.218129011e+02,1.602094512e+02,-1.197705302e+03,-411.751636
800,1183.7127752,-1.213688584e+02,-1.154569537e+02,-1.221552141e+02,-1.162433094e+02,-0.524502,-5.915141400e+02,-3.846062082e+02,-5.351975067e+02,-3.282895749e+02,55.003829,-1.280544098e+03,-9.173840740e+02,-1.200704814e+03,-8.375447901e+02,-16.690922,5.308791032e+02,-8.270356501e+02,1.695471063e+02,-1.188367647e+03,-402.413981
825,1213.5983726,-1.208093914e+02,-1.148974867e+02,-1.221230172e+02,-1.162111124e+02,-0.492305,-5.980878806e+02,-3.911799488e+02,-5.366450967e+02,-3.297371649e+02,53.556239,-1.303603246e+03,-9.404432222e+02,-1.202832692e+03,-8.396726683e+02,-18.818800,5.210284804e+02,-8.368862728e+02,1.784001841e+02,-1.179514569e+03,-393.560903
850,1243.5381465,-1.204584362e+02,-1.145465314e+02,-1.220701031e+02,-1.161581983e+02,-0.439391,-5.915949751e+02,-3.846870433e+02,-5.380601343e+02,-3.311522025e+02,52.141202,-1.282216141e+03,-9.190561167e+02,-1.205319621e+03,-8.421595976e+02,-21.305729,5.160113895e+02,-8.419033637e+02,1.867734437e+02,-1.171141310e+03,-385.187644
875,1273.2611446,-1.213289204e+02,-1.154170157e+02,-1.220426573e+02,-1.161307525e+02,-0.411945,-5.964209887e+02,-3.895130569e+02,-5.393657487e+02,-3.324578169e+02,50.835587,-1.250723907e+03,-8.875638831e+02,-1.206737587e+03,-8.435775629e+02,-22.723694,4.789336002e+02,-8.789811531e+02,1.940948236e+02,-1.163819930e+03,-377.866264
900,1302.3467423,-1.210968070e+02,-1.151849022e+02,-1.220200191e+02,-1.161081144e+02,-0.389307,-5.993651079e+02,-3.924571761e+02,-5.406665679e+02,-3.337586361e+02,49.534768,-1.257537349e+03,-8.943773247e+02,-1.207903420e+03,-8.447433959e+02,-23.889527,4.409545295e+02,-9.169602238e+02,2.002393139e+02,-1.157675439e+03,-371.721773
925,1331.8275913,-1.242610874e+02,-1.183491826e+02,-1.220250351e+02,-1.161131304e+02,-0.394323,-5.953407813e+02,-3.884328495e+02,-5.419356844e+02,-3.350277526e+02,48.265651,-1.234178021e+03,-8.710179972e+02,-1.208745198e+03,-8.455851746e+02,-24.731306,4.729388897e+02,-8.849758636e+02,2.053830589e+02,-1.152531694e+03,-366.578028
950,1361.3930747,-1.237714515e+02,-1.178595467e+02,-1.220689574e+02,-1.161570527e+02,-0.438246,-5.913807743e+02,-3.844728425e+02,-5.430688773e+02,-3.361609455e+02,47.132459,-1.232718973e+03,-8.695589494e+02,-1.209177002e+03,-8.460169781e+02,-25.163110,4.228862097e+02,-9.350285436e+02,2.111138015e+02,-1.146800952e+03,-360.847286
975,1390.7054902,-1.228470087e+02,-1.169351039e+02,-1.221074712e+02,-1.161955664e+02,-0.476759,-5.889893290e+02,-3.820813972e+02,-5.440528183e+02,-3.371448865e+02,46.148518,-1.244301093e+03,-8.811410686e+02,-1.209773876e+03,-8.466138521e+02,-25.759984,4.051098736e+02,-9.528048797e+02,2.155658406e+02,-1.142348913e+03,-356.395247
1000,1419.4224809,-1.220803856e+02,-1.161684809e+02,-1.221157627e+02,-1.162038580e+02,-0.485051,-5.897956579e+02,-3.828877261e+02,-5.449805824e+02,-3.380726506e+02,45.220753,-1.255826174e+03,-8.926661505e+02,-1.210536587e+03,-8.473765628e+02,-26.522694,3.748883110e+02,-9.830264423e+02,2.192882168e+02,-1.138626536e+03,-352.672870
1025,1448.3238535,-1.230797127e+02,-1.171678079e+02,-1.221330498e+02,-1.162211450e+02,-0.502338,-5.902269714e+02,-3.833190396e+02,-5.458635202e+02,-3.389555884e+02,44.337816,-1.243239666e+03,-8.800796416e+02,-1.211422454e+03,-8.482624302e+02,-27.408562,3.866786704e+02,-9.712360829e+02,2.225812202e+02,-1.135333533e+03,-349.379867
1050,1477.4351911,-1.245034269e+02,-1.185915221e+02,-1.221502903e+02,-1.162383856e+02,-0.519578,-5.939041899e+02,-3.869962581e+02,-5.467880764e+02,-3.398801446e+02,43.413259,-1.222778310e+03,-8.596182865e+02,-1.212093175e+03,-8.489331507e+02,-28.079282,4.600476200e+02,-8.978671332e+02,2.261194784e+02,-1.131795275e+03,-345.841609
1075,1506.1529861,-1.237877446e+02,-1.178758398e+02,-1.221853152e+02,-1.162734105e+02,-0.554603,-5.905407012e+02,-3.836327694e+02,-5.476725426e+02,-3.407646108e+02,42.528793,-1.228425815e+03,-8.652657909e+02,-1.212420730e+03,-8.492607057e+02,-28.406837,4.559411842e+02,-9.019735691e+02,2.304778437e+02,-1.127436910e+03,-341.483244
1100,1535.0422774,-1.219366394e+02,-1.160247347e+02,-1.222017333e+02,-1.162898286e+02,-0.571021,-5.914057390e+02,-3.844978072e+02,-5.484729141e+02,-3.415649823e+02,41.728422,-1.212788475e+03,-8.496284515e+02,-1.212540398e+03,-8.493803736e+02,-28.526505,4.844041954e+02,-8.735105578e+02,2.352891566e+02,-1.122625597e+03,-336.671931
1125,1563.3854009,-1.214782304e+02,-1.155663257e+02,-1.221922348e+02,-1.162803300e+02,-0.561523,-5.935265707e+02,-3.866186389e+02,-5.492677361e+02,-3.423598043e+02,40.933600,-1.212358822e+03,-8.491987981e+02,-1.212538923e+03,-8.493788986e+02,-28.525030,4.359819569e+02,-9.219327964e+02,2.392406734e+02,-1.118674080e+03,-332.720414
1150,1591.2938843,-1.225606429e+02,-1.166487381e+02,-1.221903950e+02,-1.162784903e+02,-0.559683,-5.983474275e+02,-3.914394957e+02,-5.500957189e+02,-3.431877871e+02,40.105617,-1.218938876e+03,-8.557788523e+02,-1.212466017e+03,-8.493059932e+02,-28.452125,4.175665284e+02,-9.403482249e+02,2.427490417e+02,-1.115165712e+03,-329.212046
1175,1619.9525012,-1.232392900e+02,-1.173273853e+02,-1.222005357e+02,-1.162886310e+02,-0.569824,-6.006996935e+02,-3.937917617e+02,-5.509797024e+02,-3.440717706e+02,39.221633,-1.220910024e+03,-8.577500001e+02,-1.212596731e+03,-8.494367070e+02,-28.582839,4.456503787e+02,-9.122643746e+02,2.462398077e+02,-1.111674946e+03,-325.721280
1200,1648.2705982,-1.239482057e+02,-1.180363010e+02,-1.222255111e+02,-1.163136064e+02,-0.594799,-6.054428372e+02,-3.985349054e+02,-5.518752827e+02,-3.449673509e+02,38.326053,-1.236838308e+03,-8.736782837e+02,-1.212896284e+03,-8.497362599e+02,-28.882391,4.548112331e+02,-9.031035202e+02,2.498813225e+02,-1.108033431e+03,-322.079765
1225,1676.3624863,-1.244216824e+02,-1.185097776e+02,-1.222600018e+02,-1.163480971e+02,-0.629290,-6.024971405e+02,-3.955892087e+02,-5.527273930e+02,-3.458194612e+02,37.473943,-1.246945941e+03,-8.837859174e+02,-1.213450767e+03,-8.502907435e+02,-29.436875,4.604791490e+02,-8.974356042e+02,2.532545605e+02,-1.104660193e+03,-318.706527
1250,1704.2914124,-1.253871425e+02,-1.194752377e+02,-1.223092310e+02,-1.163973262e+02,-0.678519,-6.020756225e+02,-3.951676906e+02,-5.535378973e+02,-3.466299655e+02,36.663439,-1.230428204e+03,-8.672681804e+02,-1.213787581e+03,-8.506275568e+02,-29.773688,5.291719166e+02,-8.287428366e+02,2.572392568e+02,-1.100675497e+03,-314.721831
1275,1732.4301698,-1.243357487e+02,-1.184238440e+02,-1.223508943e+02,-1.164389896e+02,-0.720182,-6.068418057e+02,-3.999338739e+02,-5.543612768e+02,-3.474533450e+02,35.840059,-1.218779803e+03,-8.556197791e+02,-1.214024888e+03,-8.508648639e+02,-30.010995,5.390703215e+02,-8.188444318e+02,2.619180229e+02,-1.095996730e+03,-310.043064
1300,1760.2151662,-1.273174139e+02,-1.214055091e+02,-1.224072727e+02,-1.164953680e+02,-0.776561,-6.153612163e+02,-4.084532845e+02,-5.552713578e+02,-3.483634260e+02,34.929978,-1.249511462e+03,-8.863514384e+02,-1.214439211e+03,-8.512791874e+02,-30.425319,4.963903423e+02,-8.615244109e+02,2.658021840e+02,-1.092112569e+03,-306.158903
1325,1788.2151234,-1.284956261e+02,-1.225837214e+02,-1.224942229e+02,-1.165823182e+02,-0.863511,-6.183339894e+02,-4.114260576e+02,-5.562333752e+02,-3.493254434e+02,33.967961,-1.245697962e+03,-8.825379378e+02,-1.214968838e+03,-8.518088140e+02,-30.954946,5.317962771e+02,-8.261184761e+02,2.697264561e+02,-1.088188297e+03,-302.234631
1350,1816.3386112,-1.279492847e+02,-1.220373800e+02,-1.225834424e+02,-1.166715377e+02,-0.952731,-6.166481709e+02,-4.097402391e+02,-5.571760382e+02,-3.502681064e+02,33.025298,-1.236379772e+03,-8.732197478e+02,-1.215358317e+03,-8.521982931e+02,-31.344425,5.375601446e+02,-8.203546087e+02,2.735242004e+02,-1.084390553e+03,-298.436887
1375,1843.7710577,-1.265616993e+02,-1.206497945e+02,-1.226470880e+02,-1.167351833e+02,-1.016376,-6.162585384e+02,-4.093506066e+02,-5.580665229e+02,-3.511585911e+02,32.134813,-1.230266466e+03,-8.671064416e+02,-1.215663320e+03,-8.525032957e+02,-31.649427,5.114206467e+02,-8.464941066e+02,2.774172785e+02,-1.080497475e+03,-294.543809
1400,1871.4160430,-1.263024340e+02,-1.203905292e+02,-1.227065233e+02,-1.167946186e+02,-1.075811,-6.167030945e+02,-4.097951627e+02,-5.589334033e+02,-3.520254715e+02,31.267933,-1.224951634e+03,-8.617916099e+02,-1.215875259e+03,-8.527152352e+02,-31.861367,4.632614437e+02,-8.946533095e+02,2.804119596e+02,-1.077502794e+03,-291.549128
1425,1898.8293728,-1.270576551e+02,-1.211457503e+02,-1.227627643e+02,-1.168508595e+02,-1.132052,-6.180056964e+02,-4.110977646e+02,-5.597933506e+02,-3.528854188e+02,30.407985,-1.217687994e+03,-8.545279697e+02,-1.215952205e+03,-8.527921806e+02,-31.938312,5.123197379e+02,-8.455950154e+02,2.835355675e+02,-1.074379186e+03,-288.425520
1450,1926.2115830,-1.267323618e+02,-1.208204571e+02,-1.228148411e+02,-1.169029364e+02,-1.184129,-6.193483066e+02,-4.124403748e+02,-5.606313972e+02,-3.537234654e+02,29.569939,-1.211700361e+03,-8.485403366e+02,-1.215852081e+03,-8.526920568e+02,-31.838188,5.508356815e+02,-8.070790717e+02,2.869585968e+02,-1.070956156e+03,-285.002490
1475,1953.4485563,-1.268342643e+02,-1.209223596e+02,-1.228650199e+02,-1.169531151e+02,-1.234308,-6.201213682e+02,-4.132134364e+02,-5.614618147e+02,-3.545538829e+02,28.739521,-1.202331702e+03,-8.391716777e+02,-1.215694653e+03,-8.525346288e+02,-31.680760,5.555420752e+02,-8.023726780e+02,2.906346718e+02,-1.067280081e+03,-281.326415
1500,1980.9100430,-1.256158299e+02,-1.197039251e+02,-1.229206839e+02,-1.170087792e+02,-1.289972,-6.203144286e+02,-4.134064967e+02,-5.622634942e+02,-3.553555624e+02,27.937842,-1.188630162e+03,-8.254701378e+02,-1.215409193e+03,-8.522491694e+02,-31.395301,5.467187694e+02,-8.111959838e+02,2.944499938e+02,-1.063464759e+03,-277.511093
1525,2008.4182403,-1.244938613e+02,-1.185819566e+02,-1.229489428e+02,-1.170370380e+02,-1.318231,-6.194480690e+02,-4.125401372e+02,-5.630573034e+02,-3.561493716e+02,27.144032,-1.188753716e+03,-8.255936922e+02,-1.215054257e+03,-8.518942336e+02,-31.040365,5.559271109e+02,-8.019876423e+02,2.979513993e+02,-1.059963354e+03,-274.009688
1550,2035.0774400,-1.243766569e+02,-1.184647522e+02,-1.229697261e+02,-1.170578214e+02,-1.339014,-6.193942930e+02,-4.124863612e+02,-5.637809123e+02,-3.568729805e+02,26.420424,-1.192229294e+03,-8.290692700e+02,-1.214735619e+03,-8.515755951e+02,-30.721727,5.684301046e+02,-7.894846486e+02,3.015622558e+02,-1.056352497e+03,-270.398831
1575,2062.5726509,-1.241317685e+02,-1.182198637e+02,-1.229887686e+02,-1.170768639e+02,-1.358057,-6.189475171e+02,-4.120395853e+02,-5.645279216e+02,-3.576199898e+02,25.673414,-1.203518134e+03,-8.403581103e+02,-1.214450813e+03,-8.512907892e+02,-30.436921,5.697023545e+02,-7.882123988e+02,3.050438715e+02,-1.052870882e+03,-266.917216
1600,2090.0362067,-1.226274493e+02,-1.167155445e+02,-1.229967281e+02,-1.170848234e+02,-1.366016,-6.176537969e+02,-4.107458651e+02,-5.652275494e+02,-3.583196176e+02,24.973786,-1.181573653e+03,-8.184136295e+02,-1.214177350e+03,-8.510173262e+02,-30.163458,5.905606590e+02,-7.673540942e+02,3.086865127e+02,-1.049228241e+03,-263.274575
1625,2116.9000560,-1.224072411e+02,-1.164953364e+02,-1.229864873e+02,-1.170745825e+02,-1.355775,-6.163557870e+02,-4.094478552e+02,-5.658884666e+02,-3.589805348e+02,24.312869,-1.169021340e+03,-8.058613160e+02,-1.213662746e+03,-8.505027216e+02,-29.648853,5.819997699e+02,-7.759149833e+02,3.122147850e+02,-1.045699968e+03,-259.746302
1650,2143.3744441,-1.217575785e+02,-1.158456737e+02,-1.229761933e+02,-1.170642885e+02,-1.345481,-6.145000591e+02,-4.075921273e+02,-5.664935561e+02,-3.595856243e+02,23.707780,-1.165704202e+03,-8.025441783e+02,-1.213097479e+03,-8.499374555e+02,-29.083587,5.817940045e+02,-7.761207488e+02,3.156123336e+02,-1.042302420e+03,-256.348754
1675,2170.7870749,-1.219041363e+02,-1.159922315e+02,-1.229568565e+02,-1.170449518e+02,-1.326145,-6.112335296e+02,-4.043255978e+02,-5.670985413e+02,-3.601906095e+02,23.102795,-1.165520274e+03,-8.023602497e+02,-1.212503616e+03,-8.493435918e+02,-28.489723,6.044556514e+02,-7.534591019e+02,3.188884346e+02,-1.039026319e+03,-253.072653
1700,2197.2587470,-1.226966715e+02,-1.167847668e+02,-1.229474946e+02,-1.170355899e+02,-1.316783,-6.143973460e+02,-4.074894141e+02,-5.676505128e+02,-3.607425810e+02,22.550823,-1.161904256e+03,-7.987442320e+02,-1.211936384e+03,-8.487763597e+02,-27.922491,5.975917815e+02,-7.603229717e+02,3.223386983e+02,-1.035576055e+03,-249.622389
1725,2223.7777725,-1.237597050e+02,-1.178478002e+02,-1.229449679e+02,-1.170330631e+02,-1.314256,-6.162943728e+02,-4.093864410e+02,-5.682216058e+02,-3.613136740e+02,21.979730,-1.160468552e+03,-7.973085284e+02,-1.211292675e+03,-8.481326514e+02,-27.278783,6.098290653e+02,-7.480856880e+02,3.258039661e+02,-1.032110787e+03,-246.157121
1750,2251.0466419,-1.236245894e+02,-1.177126847e+02,-1.229578286e+02,-1.170459239e+02,-1.327117,-6.186745398e+02,-4.117666080e+02,-5.688160029e+02,-3.619080711e+02,21.385333,-1.143824413e+03,-7.806643890e+02,-1.210559743e+03,-8.473997190e+02,-26.545851,6.014238956e+02,-7.564908577e+02,3.292752499e+02,-1.028639503e+03,-242.685837
1775,2278.0126283,-1.234305547e+02,-1.175186500e+02,-1.229648934e+02,-1.170529886e+02,-1.334181,-6.151270251e+02,-4.082190933e+02,-5.693847143e+02,-3.624767825e+02,20.816622,-1.128074450e+03,-7.649144259e+02,-1.209711927e+03,-8.465519034e+02,-25.698035,6.139986843e+02,-7.439160690e+02,3.325185476e+02,-1.025396206e+03,-239.442540
1800,2304.3051386,-1.237870903e+02,-1.178751856e+02,-1.229741933e+02,-1.170622885e+02,-1.343481,-6.184376708e+02,-4.115297390e+02,-5.699153461e+02,-3.630074143e+02,20.285990,-1.131123102e+03,-7.679630777e+02,-1.208790536e+03,-8.456305117e+02,-24.776643,5.912516553e+02,-7.666630980e+02,3.355849552e+02,-1.022329798e+03,-236.376132
1825,2331.0131102,-1.242315598e+02,-1.183196551e+02,-1.229846441e+02,-1.170727394e+02,-1.353932,-6.205659464e+02,-4.136580146e+02,-5.704865325e+02,-3.635786007e+02,19.714803,-1.129726173e+03,-7.665661491e+02,-1.207919780e+03,-8.447597566e+02,-23.905888,5.986968396e+02,-7.592179136e+02,3.386301708e+02,-1.019284582e+03,-233.330916
1850,2357.6083159,-1.255968671e+02,-1.196849623e+02,-1.230077141e+02,-1.170958094e+02,-1.377002,-6.234037388e+02,-4.164958070e+02,-5.710624094e+02,-3.641544776e+02,19.138926,-1.139783042e+03,-7.766230177e+02,-1.207099268e+03,-8.439392443e+02,-23.085376,5.874428253e+02,-7.704719279e+02,3.413754461e+02,-1.016539307e+03,-230.585641
1875,2383.3560139,-1.264239305e+02,-1.205120257e+02,-1.230371675e+02,-1.171252627e+02,-1.406456,-6.211469987e+02,-4.142390669e+02,-5.716236745e+02,-3.647157427e+02,18.577661,-1.138206235e+03,-7.750462109e+02,-1.206357228e+03,-8.431972039e+02,-22.343335,5.940891024e+02,-7.638256508e+02,3.440577630e+02,-1.013856990e+03,-227.903324
1900,2409.8816026,-1.263964492e+02,-1.204845444e+02,-1.230802770e+02,-1.171683722e+02,-1.449565,-6.203128801e+02,-4.134049483e+02,-5.721857383e+02,-3.652778065e+02,18.015598,-1.130466970e+03,-7.673069460e+02,-1.205616948e+03,-8.424569241e+02,-21.603056,6.030709696e+02,-7.548437836e+02,3.467572442e+02,-1.011157509e+03,-225.203843
1925,2436.1916003,-1.255598749e+02,-1.196479701e+02,-1.231117428e+02,-1.171998380e+02,-1.481031,-6.183838582e+02,-4.114759264e+02,-5.726869201e+02,-3.657789883e+02,17.514416,-1.131017385e+03,-7.678573611e+02,-1.204789685e+03,-8.416296608e+02,-20.775792,6.002093037e+02,-7.577054496e+02,3.494426674e+02,-1.008472086e+03,-222.518420
1950,2462.4642949,-1.253694037e+02,-1.194574990e+02,-1.231385388e+02,-1.172266340e+02,-1.507827,-6.149559142e+02,-4.080479824e+02,-5.731693958e+02,-3.662614640e+02,17.031940,-1.136360248e+03,-7.732002245e+02,-1.204020343e+03,-8.408603195e+02,-20.006451,5.972231503e+02,-7.606916030e+02,3.520482355e+02,-1.005866518e+03,-219.912852
1975,2489.2611574,-1.254092071e+02,-1.194973024e+02,-1.231624122e+02,-1.172505074e+02,-1.531700,-6.124089994e+02,-4.055010676e+02,-5.736175785e+02,-3.667096466e+02,16.583757,-1.130998119e+03,-7.678380955e+02,-1.203281574e+03,-8.401215499e+02,-19.267681,5.952988525e+02,-7.626159007e+02,3.546844111e+02,-1.003230342e+03,-217.276676
2000,2515.2864829,-1.260857868e+02,-1.201738821e+02,-1.231891100e+02,-1.172772053e+02,-1.558398,-6.132592769e+02,-4.063513451e+02,-5.740203835e+02,-3.671124517e+02,16.180952,-1.149482394e+03,-7.863223706e+02,-1.202627354e+03,-8.394673297e+02,-18.613461,5.967951310e+02,-7.611196222e+02,3.572919533e+02,-1.000622800e+03,-214.669134
2025,2541.9987291,-1.266445767e+02,-1.207326720e+02,-1.232205593e+02,-1.173086545e+02,-1.589847,-6.146853802e+02,-4.077774484e+02,-5.744332558e+02,-3.675253240e+02,15.768080,-1.149142494e+03,-7.859824697e+02,-1.202053554e+03,-8.388935301e+02,-18.039662,6.198851978e+02,-7.380295555e+02,3.599548150e+02,-9.979599383e+02,-212.006272
2050,2567.9585997,-1.281027089e+02,-1.221908041e+02,-1.232604692e+02,-1.173485644e+02,-1.629757,-6.135255339e+02,-4.066176021e+02,-5.748343502e+02,-3.679264184e+02,15.366986,-1.141704079e+03,-7.785440546e+02,-1.201493700e+03,-8.383336765e+02,-17.479808,6.009968364e+02,-7.569179169e+02,3.623956341e+02,-9.955191191e+02,-209.565453
2075,2594.0236183,-1.279372567e+02,-1.220253519e+02,-1.233084116e+02,-1.173965069e+02,-1.677700,-6.144662367e+02,-4.075583049e+02,-5.752369854e+02,-3.683290536e+02,14.964350,-1.144608308e+03,-7.814482844e+02,-1.200889404e+03,-8.377293800e+02,-16.875512,5.816315896e+02,-7.762831636e+02,3.646411734e+02,-9.932735799e+02,-207.319914
2100,2620.2793936,-1.277905965e+02,-1.218786917e+02,-1.233547134e+02,-1.174428087e+02,-1.724002,-6.138415526e+02,-4.069336208e+02,-5.756229635e+02,-3.687150317e+02,14.578372,-1.143283803e+03,-7.801237789e+02,-1.200281936e+03,-8.371219123e+02,-16.268044,5.815383514e+02,-7.763764019e+02,3.669122584e+02,-9.910024949e+02,-205.048829
2125,2645.3955672,-1.277615525e+02,-1.218496477e+02,-1.234000891e+02,-1.174881844e+02,-1.769377,-6.121710401e+02,-4.052631083e+02,-5.759824928e+02,-3.690745610e+02,14.218843,-1.149230563e+03,-7.860705391e+02,-1.199746097e+03,-8.365860734e+02,-15.732205,5.311640910e+02,-8.267506622e+02,3.686682448e+02,-9.892465084e+02,-203.292842
2150,2671.9183826,-1.281845389e+02,-1.222726342e+02,-1.234437877e+02,-1.175318829e+02,-1.813076,-6.097917416e+02,-4.028838098e+02,-5.763385214e+02,-3.694305896e+02,13.862814,-1.148499853e+03,-7.853398293e+02,-1.199271255e+03,-8.361112314e+02,-15.257363,5.360354775e+02,-8.218792758e+02,3.701522801e+02,-9.877624732e+02,-201.808807
2175,2697.8575582,-1.280091374e+02,-1.220972327e+02,-1.234858472e+02,-1.175739424e+02,-1.855135,-6.115890148e+02,-4.046810830e+02,-5.766690855e+02,-3.697611537e+02,13.532250,-1.158422344e+03,-7.952623204e+02,-1.198832169e+03,-8.356721450e+02,-14.818277,5.308844872e+02,-8.270302661e+02,3.718011421e+02,-9.861136112e+02,-200.159945
2200,2723.7689288,-1.279061072e+02,-1.219942025e+02,-1.235294192e+02,-1.176175145e+02,-1.898707,-6.118674034e+02,-4.049594715e+02,-5.770028703e+02,-3.700949385e+02,13.198466,-1.164817186e+03,-8.016571621e+02,-1.198495815e+03,-8.353357912e+02,-14.481923,5.521813840e+02,-8.057333692e+02,3.733680912e+02,-9.845466620e+02,-198.592996
2225,2749.6436497,-1.273483979e+02,-1.214364932e+02,-1.235668581e+02,-1.176549533e+02,-1.936146,-6.099641233e+02,-4.030561915e+02,-5.773252051e+02,-3.704172733e+02,12.876131,-1.163159306e+03,-7.999992822e+02,-1.198185916e+03,-8.350258919e+02,-14.172023,5.888575973e+02,-7.690571560e+02,3.752208162e+02,-9.826939371e+02,-196.740271
2250,2775.7257073,-1.275167135e+02,-1.216048088e+02,-1.236046055e+02,-1.176927007e+02,-1.973894,-6.110231237e+02,-4.041151919e+02,-5.776401824e+02,-3.707322506e+02,12.561153,-1.162579305e+03,-7.994192814e+02,-1.197873704e+03,-8.347136805e+02,-13.859812,5.843969035e+02,-7.735178498e+02,3.772248185e+02,-9.806899348e+02,-194.736269
2275,2800.9376031,-1.272803941e+02,-1.213684894e+02,-1.236403017e+02,-1.177283970e+02,-2.009590,-6.082659991e+02,-4.013580673e+02,-5.779289539e+02,-3.710210220e+02,12.272382,-1.164810942e+03,-8.016509179e+02,-1.197563666e+03,-8.344036418e+02,-13.549773,5.507090071e+02,-8.072057462e+02,3.789707751e+02,-9.789439781e+02,-192.990312
2300,2826.7121703,-1.271782544e+02,-1.212663496e+02,-1.236731325e+02,-1.177612278e+02,-2.042421,-6.066749902e+02,-3.997670584e+02,-5.782042396e+02,-3.712963078e+02,11.997096,-1.158834284e+03,-7.956742599e+02,-1.197242501e+03,-8.340824776e+02,-13.228609,5.715381464e+02,-7.863766068e+02,3.805766326e+02,-9.773381206e+02,-191.384455
2325,2852.3037265,-1.277625288e+02,-1.218506240e+02,-1.237069168e+02,-1.177950120e+02,-2.076205,-6.051783638e+02,-3.982704320e+02,-5.784487334e+02,-3.715408016e+02,11.752602,-1.166986786e+03,-8.038267626e+02,-1.196950849e+03,-8.337908252e+02,-12.936957,5.599022763e+02,-7.980124770e+02,3.822589279e+02,-9.756558254e+02,-189.702159
2350,2878.5270026,-1.284520216e+02,-1.225401169e+02,-1.237454791e+02,-1.178335744e+02,-2.114767,-6.038936587e+02,-3.969857269e+02,-5.786871872e+02,-3.717792554e+02,11.514149,-1.170521930e+03,-8.073619064e+02,-1.196686748e+03,-8.335267241e+02,-12.672856,5.262210522e+02,-8.316937011e+02,3.837451670e+02,-9.741695863e+02,-188.215920
2375,2903.9578790,-1.288765514e+02,-1.229646466e+02,-1.237891772e+02,-1.178772725e+02,-2.158465,-6.047123865e+02,-3.978044547e+02,-5.789138220e+02,-3.720058902e+02,11.287514,-1.166040079e+03,-8.028800547e+02,-1.196425800e+03,-8.332657761e+02,-12.411908,5.243959784e+02,-8.335187749e+02,3.849812201e+02,-9.729335332e+02,-186.979867
2400,2930.0043663,-1.285866850e+02,-1.226747803e+02,-1.238337955e+02,-1.179218908e+02,-2.203084,-6.074781017e+02,-4.005701699e+02,-5.791561202e+02,-3.722481884e+02,11.045216,-1.169101652e+03,-8.059416280e+02,-1.196192588e+03,-8.330325645e+02,-12.178696,5.217542722e+02,-8.361604811e+02,3.862612379e+02,-9.716535153e+02,-185.699849
2425,2954.7112752,-1.280193530e+02,-1.221074482e+02,-1.238708581e+02,-1.179589534e+02,-2.240146,-6.071764123e+02,-4.002684805e+02,-5.793973429e+02,-3.724894111e+02,10.803993,-1.183598516e+03,-8.204384923e+02,-1.196059168e+03,-8.328991438e+02,-12.045275,4.819642955e+02,-8.759504578e+02,3.870916326e+02,-9.708231206e+02,-184.869455
2450,2980.4873810,-1.276612157e+02,-1.217493110e+02,-1.239062778e+02,-1.179943730e+02,-2.275566,-6.077523403e+02,-4.008444085e+02,-5.796388497e+02,-3.727309179e+02,10.562486,-1.186345814e+03,-8.231857896e+02,-1.195961541e+03,-8.328015167e+02,-11.947648,4.829249996e+02,-8.749897536e+02,3.879005991e+02,-9.700141541e+02,-184.060488
2475,3005.7729292,-1.277840160e+02,-1.218721113e+02,-1.239385996e+02,-1.180266948e+02,-2.307888,-6.060447300e+02,-3.991367982e+02,-5.798724761e+02,-3.729645443e+02,10.328860,-1.178406900e+03,-8.152468762e+02,-1.195861192e+03,-8.327011684e+02,-11.847300,5.175300686e+02,-8.403846847e+02,3.887941818e+02,-9.691205715e+02,-183.166906
2500,3031.2892174,-1.274363472e+02,-1.215244424e+02,-1.239694587e+02,-1.180575539e+02,-2.338747,-6.037021069e+02,-3.967941751e+02,-5.800816584e+02,-3.731737266e+02,10.119677,-1.175474749e+03,-8.123147256e+02,-1.195689174e+03,-8.325291503e+02,-11.675282,5.338649554e+02,-8.240497978e+02,3.899541171e+02,-9.679606362e+02,-182.006970
2525,3056.7651381,-1.286128051e+02,-1.227009003e+02,-1.240021601e+02,-1.180902553e+02,-2.371448,-6.056901633e+02,-3.987822315e+02,-5.802760492e+02,-3.733681174e+02,9.925287,-1.183519022e+03,-8.203589985e+02,-1.195548109e+03,-8.323880848e+02,-11.534216,5.587032157e+02,-7.992115376e+02,3.912723694e+02,-9.666423838e+02,-180.688718
2550,3082.1631637,-1.282483764e+02,-1.223364717e+02,-1.240393381e+02,-1.181274334e+02,-2.408626,-6.055815526e+02,-3.986736208e+02,-5.804826393e+02,-3.735747075e+02,9.718697,-1.185819187e+03,-8.226591631e+02,-1.195454683e+03,-8.322946586e+02,-11.440790,5.705726778e+02,-7.873420754e+02,3.926673192e+02,-9.652474340e+02,-179.293768
2575,3107.4842558,-1.290177158e+02,-1.231058110e+02,-1.240793307e+02,-1.181674260e+02,-2.448619,-6.038124325e+02,-3.969045007e+02,-5.806750271e+02,-3.737670953e+02,9.526309,-1.195976095e+03,-8.328160706e+02,-1.195409910e+03,-8.322498861e+02,-11.396018,5.675264142e+02,-7.903883391e+02,3.941060467e+02,-9.638087066e+02,-177.855041
2600,3132.6983313,-1.295386259e+02,-1.236267212e+02,-1.241195340e+02,-1.182076293e+02,-2.488822,-6.070726453e+02,-4.001647134e+02,-5.808724765e+02,-3.739645447e+02,9.328859,-1.193476574e+03,-8.303165498e+02,-1.195399549e+03,-8.322395247e+02,-11.385656,5.783534007e+02,-7.795613526e+02,3.955670913e+02,-9.623476620e+02,-176.393996
2625,3158.5782877,-1.288902491e+02,-1.229783443e+02,-1.241612910e+02,-1.182493863e+02,-2.530579,-6.052093542e+02,-3.983014224e+02,-5.810772810e+02,-3.741693492e+02,9.124055,-1.194790554e+03,-8.316305300e+02,-1.195381835e+03,-8.322218109e+02,-11.367942,5.583367147e+02,-7.995780386e+02,3.969714314e+02,-9.609433218e+02,-174.989656
2650,3183.2056733,-1.286574126e+02,-1.227455079e+02,-1.241943265e+02,-1.182824217e+02,-2.563615,-6.050886564e+02,-3.981807246e+02,-5.812626326e+02,-3.743547008e+02,8.938703,-1.198310334e+03,-8.351503104e+02,-1.195415397e+03,-8.322553734e+02,-11.401505,5.998933812e+02,-7.580213720e+02,3.983583125e+02,-9.595564407e+02,-173.602775
2675,3208.0861338,-1.278096310e+02,-1.218977262e+02,-1.242244647e+02,-1.183125600e+02,-2.593753,-6.038225341e+02,-3.969146023e+02,-5.814455947e+02,-3.745376629e+02,8.755741,-1.191687858e+03,-8.285278344e+02,-1.195431390e+03,-8.322713663e+02,-11.417498,6.056244075e+02,-7.522903457e+02,3.999901116e+02,-9.579246417e+02,-171.970976
2700,3233.9133606,-1.274396189e+02,-1.215277141e+02,-1.242526780e+02,-1.183407733e+02,-2.621966,-6.035578451e+02,-3.966499133e+02,-5.816270356e+02,-3.747191038e+02,8.574300,-1.189886259e+03,-8.267262348e+02,-1.195388660e+03,-8.322286357e+02,-11.374767,6.022430205e+02,-7.556717327e+02,4.017530522e+02,-9.561617011e+02,-170.208035
2725,3258.7067142,-1.279811148e+02,-1.220692101e+02,-1.242775320e+02,-1.183656272e+02,-2.646820,-6.016731102e+02,-3.947651784e+02,-5.817857299e+02,-3.748777981e+02,8.415606,-1.190940581e+03,-8.277805571e+02,-1.195360191e+03,-8.322001674e+02,-11.346299,5.834340160e+02,-7.744807373e+02,4.031722575e+02,-9.547424958e+02,-168.788830
2750,3284.4998631,-1.267946488e+02,-1.208827441e+02,-1.243021278e+02,-1.183902231e+02,-2.671416,-6.006871096e+02,-3.937791778e+02,-5.819353272e+02,-3.750273954e+02,8.266009,-1.190947315e+03,-8.277872913e+02,-1.195316916e+03,-8.321568924e+02,-11.303024,5.661511486e+02,-7.917636046e+02,4.044853467e+02,-9.534294066e+02,-167.475741
2775,3308.8328775,-1.273804485e+02,-1.214685438e+02,-1.243209516e+02,-1.184090469e+02,-2.690240,-6.014661452e+02,-3.945582133e+02,-5.820755287e+02,-3.751675969e+02,8.125807,-1.182374553e+03,-8.192145294e+02,-1.195252742e+03,-8.320927183e+02,-11.238850,5.873419839e+02,-7.705727694e+02,4.057361401e+02,-9.521786131e+02,-166.224947
2800,3333.7813829,-1.277878310e+02,-1.218759262e+02,-1.243461568e+02,-1.184342520e+02,-2.715445,-5.999487385e+02,-3.930408067e+02,-5.822168558e+02,-3.753089240e+02,7.984480,-1.174300321e+03,-8.111402970e+02,-1.195129825e+03,-8.319698007e+02,-11.115932,6.098066233e+02,-7.481081300e+02,4.072257951e+02,-9.506889581e+02,-164.735292
2825,3359.3592830,-1.272207424e+02,-1.213088377e+02,-1.243710903e+02,-1.184591855e+02,-2.740378,-5.994881706e+02,-3.925802387e+02,-5.823573017e+02,-3.754493699e+02,7.844034,-1.173178240e+03,-8.100182156e+02,-1.194979960e+03,-8.318199365e+02,-10.966068,5.935085423e+02,-7.644062109e+02,4.087219366e+02,-9.491928167e+02,-163.239151
2850,3383.8712124,-1.271769523e+02,-1.212650476e+02,-1.243900104e+02,-1.184781057e+02,-2.759299,-6.003149607e+02,-3.934070289e+02,-5.824729063e+02,-3.755649745e+02,7.728430,-1.179242057e+03,-8.160820330e+02,-1.194845060e+03,-8.316850365e+02,-10.831168,5.800284726e+02,-7.778862806e+02,4.099750921e+02,-9.479396611e+02,-161.985995
2875,3409.5787368,-1.278101427e+02,-1.218982380e+02,-1.244128291e+02,-1.185009244e+02,-2.782117,-5.985062626e+02,-3.915983308e+02,-5.826013329e+02,-3.756934011e+02,7.600003,-1.177612214e+03,-8.144521898e+02,-1.194725125e+03,-8.315651016e+02,-10.711233,5.772662483e+02,-7.806485050e+02,4.112013371e+02,-9.467134161e+02,-160.759750
2900,3433.7697101,-1.276814852e+02,-1.217695804e+02,-1.244337795e+02,-1.185218747e+02,-2.803068,-5.997172576e+02,-3.928093258e+02,-5.827075216e+02,-3.757995898e+02,7.493814,-1.169078136e+03,-8.059181123e+02,-1.194573337e+03,-8.314133132e+02,-10.559445,5.822369391e+02,-7.756778142e+02,4.123959855e+02,-9.455187678e+02,-159.565102
2925,3458.6654106,-1.270446999e+02,-1.211327951e+02,-1.244550419e+02,-1.185431372e+02,-2.824330,-6.014143830e+02,-3.945064512e+02,-5.828342296e+02,-3.759262978e+02,7.367106,-1.165445369e+03,-8.022853448e+02,-1.194387494e+03,-8.312274700e+02,-10.373602,5.973426355e+02,-7.605721177e+02,4.136332838e+02,-9.442814695e+02,-158.327804
2950,3484.1593880,-1.269546312e+02,-1.210427265e+02,-1.244734559e+02,-1.185615511e+02,-2.842744,-6.008134550e+02,-3.939055232e+02,-5.829689450e+02,-3.760610132e+02,7.232391,-1.156922731e+03,-7.937627072e+02,-1.194163243e+03,-8.310032193e+02,-10.149351,5.911684476e+02,-7.667463057e+02,4.149230079e+02,-9.429917454e+02,-157.038079
2975,3508.7725008,-1.266319221e+02,-1.207200174e+02,-1.244897842e+02,-1.185778795e+02,-2.859072,-5.992928451e+02,-3.923849133e+02,-5.830882976e+02,-3.761803658e+02,7.113038,-1.159326435e+03,-7.961664115e+02,-1.193909500e+03,-8.307494758e+02,-9.895607,6.215034557e+02,-7.364112976e+02,4.162206108e+02,-9.416941424e+02,-155.740476
3000,3533.3282433,-1.261382546e+02,-1.202263499e+02,-1.245031738e+02,-1.185912690e+02,-2.872462,-5.998337246e+02,-3.929257928e+02,-5.832025413e+02,-3.762946095e+02,6.998795,-1.158386383e+03,-7.952263593e+02,-1.193678301e+03,-8.305182773e+02,-9.664409,6.254841714e+02,-7.324305819e+02,4.176627787e+02,-9.402519745e+02,-154.298309
3025,3558.3493450,-1.258408360e+02,-1.199289313e+02,-1.245127509e+02,-1.186008461e+02,-2.882039,-5.997388801e+02,-3.928309483e+02,-5.833209656e+02,-3.764130338e+02,6.880370,-1.156192900e+03,-7.930328764e+02,-1.193413224e+03,-8.302532000e+02,-9.399332,6.276239211e+02,-7.302908322e+02,4.191650945e+02,-9.387496587e+02,-152.795993
3050,3582.9230421,-1.256221287e+02,-1.197102239e+02,-1.245200011e+02,-1.186080963e+02,-2.889289,-6.011618223e+02,-3.942538905e+02,-5.834359119e+02,-3.765279801e+02,6.765424,-1.150758937e+03,-7.875989131e+02,-1.193150787e+03,-8.299907633e+02,-9.136895,6.199794305e+02,-7.379353227e+02,4.205506476e+02,-9.373641057e+02,-151.410440
3075,3607.5748096,-1.267329308e+02,-1.208210261e+02,-1.245318331e+02,-1.186199284e+02,-2.901121,-6.008351662e+02,-3.939272344e+02,-5.835560737e+02,-3.766481419e+02,6.645262,-1.156070182e+03,-7.929101577e+02,-1.192879367e+03,-8.297193435e+02,-8.865475,6.106043155e+02,-7.473104378e+02,4.219162637e+02,-9.359984896e+02,-150.044824
3100,3632.4781783,-1.272325709e+02,-1.213206661e+02,-1.245477509e+02,-1.186358462e+02,-2.917039,-6.018175083e+02,-3.949095764e+02,-5.836761277e+02,-3.767681959e+02,6.525208,-1.162847334e+03,-7.996873102e+02,-1.192648683e+03,-8.294886591e+02,-8.634791,6.152334208e+02,-7.426813325e+02,4.232020836e+02,-9.347126697e+02,-148.759004
3125,3656.8928296,-1.270016125e+02,-1.210897078e+02,-1.245671717e+02,-1.186552669e+02,-2.936460,-6.007575880e+02,-3.938496561e+02,-5.837959816e+02,-3.768880498e+02,6.405354,-1.160683795e+03,-7.975237706e+02,-1.192455152e+03,-8.292951285e+02,-8.441260,6.157415515e+02,-7.421732018e+02,4.245392917e+02,-9.333754616e+02,-147.421796
3150,3682.4187314,-1.276546945e+02,-1.217427898e+02,-1.245859422e+02,-1.186740374e+02,-2.955230,-5.989921845e+02,-3.920842527e+02,-5.839059662e+02,-3.769980344e+02,6.295370,-1.153377828e+03,-7.902178038e+02,-1.192194806e+03,-8.290347822e+02,-8.180914,6.245394493e+02,-7.333753039e+02,4.258908971e+02,-9.320238562e+02,-146.070190
3175,3706.2947213,-1.284772153e+02,-1.225653106e+02,-1.246093711e+02,-1.186974664e+02,-2.978659,-5.988511088e+02,-3.919431770e+02,-5.840054338e+02,-3.770975020e+02,6.195902,-1.153532233e+03,-7.903722087e+02,-1.191968373e+03,-8.288083490e+02,-7.954481,5.867274628e+02,-7.711872905e+02,4.270938536e+02,-9.308208997e+02,-144.867234
3200,3731.0751592,-1.286394359e+02,-1.227275311e+02,-1.246357164e+02,-1.187238117e+02,-3.005005,-5.995097710e+02,-3.926018392e+02,-5.841042494e+02,-3.771963176e+02,6.097086,-1.147887374e+03,-7.847273499e+02,-1.191688485e+03,-8.285284611e+02,-7.674593,6.065556906e+02,-7.513590626e+02,4.281993183e+02,-9.297154349e+02,-143.761769
3225,3755.9228188,-1.280953974e+02,-1.221834927e+02,-1.246601276e+02,-1.187482229e+02,-3.029416,-5.996102793e+02,-3.927023475e+02,-5.842058425e+02,-3.772979107e+02,5.995493,-1.152542415e+03,-7.893823913e+02,-1.191421234e+03,-8.282612103e+02,-7.407342,5.988044281e+02,-7.591103251e+02,4.293524639e+02,-9.285622893e+02,-142.608623
3250,3780.2264864,-1.279664080e+02,-1.220545032e+02,-1.246793989e+02,-1.187674941e+02,-3.048687,-5.979905681e+02,-3.910826363e+02,-5.842983725e+02,-3.773904407e+02,5.902963,-1.159755933e+03,-7.965959092e+02,-1.191205398e+03,-8.280453741e+02,-7.191506,6.261978602e+02,-7.317168930e+02,4.305145942e+02,-9.274001590e+02,-141.446493
3275,3804.7908403,-1.276594170e+02,-1.217475122e+02,-1.246998880e+02,-1.187879832e+02,-3.069176,-5.974958654e+02,-3.905879336e+02,-5.843843199e+02,-3.774763881e+02,5.817016,-1.167185340e+03,-8.040253165e+02,-1.191026433e+03,-8.278664094e+02,-7.012541,6.271617849e+02,-7.307529684e+02,4.317648143e+02,-9.261499389e+02,-140.196273
3300,3829.1448104,-1.281106415e+02,-1.221987367e+02,-1.247201204e+02,-1.188082156e+02,-3.089408,-5.962081094e+02,-3.893001776e+02,-5.844636169e+02,-3.775556851e+02,5.737719,-1.173265289e+03,-8.101052651e+02,-1.190892637e+03,-8.277326131e+02,-6.878745,6.342462262e+02,-7.236685271e+02,4.330375454e+02,-9.248772078e+02,-138.923542
3325,3853.8602938,-1.286112025e+02,-1.226992977e+02,-1.247436614e+02,-1.188317566e+02,-3.112949,-5.966346208e+02,-3.897266890e+02,-5.845426142e+02,-3.776346824e+02,5.658722,-1.174700890e+03,-8.115408660e+02,-1.190786516e+03,-8.276264921e+02,-6.772624,6.393713391e+02,-7.185434141e+02,4.343327650e+02,-9.235819883e+02,-137.628322
3350,3878.2561749,-1.281694698e+02,-1.222575650e+02,-1.247679628e+02,-1.188560580e+02,-3.137251,-5.975441247e+02,-3.906361929e+02,-5.846178308e+02,-3.777098990e+02,5.583505,-1.174388973e+03,-8.112289495e+02,-1.190671802e+03,-8.275117782e+02,-6.657910,6.463298783e+02,-7.115848749e+02,4.356145794e+02,-9.223001739e+02,-136.346508
3375,3902.4111605,-1.276739539e+02,-1.217620491e+02,-1.247883189e+02,-1.188764141e+02,-3.157607,-5.964622639e+02,-3.895543321e+02,-5.846968252e+02,-3.777888934e+02,5.504511,-1.175706806e+03,-8.125467817e+02,-1.190584390e+03,-8.274243664e+02,-6.570498,6.473579255e+02,-7.105568278e+02,4.368928032e+02,-9.210219500e+02,-135.068284
3400,3927.0805173,-1.270079721e+02,-1.210960673e+02,-1.248054438e+02,-1.188935391e+02,-3.174732,-5.937667303e+02,-3.868587985e+02,-5.847630558e+02,-3.778551240e+02,5.438280,-1.174856776e+03,-8.116967522e+02,-1.190490722e+03,-8.273306982e+02,-6.476830,6.486413753e+02,-7.092733780e+02,4.382214553e+02,-9.196932980e+02,-133.739632
3425,3950.8594664,-1.264597232e+02,-1.205478185e+02,-1.248172734e+02,-1.189053687e+02,-3.186562,-5.927486053e+02,-3.858406735e+02,-5.848149215e+02,-3.779069897e+02,5.386414,-1.172810135e+03,-8.096501115e+02,-1.190402573e+03,-8.272425495e+02,-6.388681,6.490153228e+02,-7.088994304e+02,4.394882386e+02,-9.184265146e+02,-132.472849
3450,3976.0661831,-1.256925977e+02,-1.197806929e+02,-1.248256951e+02,-1.189137904e+02,-3.194983,-5.925716256e+02,-3.856636938e+02,-5.848700108e+02,-3.779620790e+02,5.331325,-1.171141588e+03,-8.079815637e+02,-1.190291238e+03,-8.271312144e+02,-6.277346,6.511082215e+02,-7.068065318e+02,4.408268425e+02,-9.170879108e+02,-131.134245
3475,4000.0172851,-1.258028012e+02,-1.198908964e+02,-1.248302796e+02,-1.189183749e+02,-3.199568,-5.934365364e+02,-3.865286046e+02,-5.849226853e+02,-3.780147535e+02,5.278651,-1.165494856e+03,-8.023348318e+02,-1.190155978e+03,-8.269959538e+02,-6.142085,6.541482293e+02,-7.037665239e+02,4.420652452e+02,-9.158495080e+02,-129.895842
3500,4023.9051514,-1.257237293e+02,-1.198118246e+02,-1.248354605e+02,-1.189235558e+02,-3.204749,-5.939334145e+02,-3.870254827e+02,-5.849732348e+02,-3.780653030e+02,5.228101,-1.164644212e+03,-8.014841880e+02,-1.190017959e+03,-8.268579347e+02,-6.004066,6.573987966e+02,-7.005159567e+02,4.433371784e+02,-9.145775748e+02,-128.623909
3525,4048.3807098,-1.259430122e+02,-1.200311074e+02,-1.248410701e+02,-1.189291653e+02,-3.210358,-5.922767931e+02,-3.853688613e+02,-5.850242780e+02,-3.781163462e+02,5.177058,-1.161503203e+03,-7.983431786e+02,-1.189855968e+03,-8.266959441e+02,-5.842076,6.513357197e+02,-7.065790336e+02,4.446365830e+02,-9.132781703e+02,-127.324504
3550,4073.1264501,-1.257884815e+02,-1.198765768e+02,-1.248470304e+02,-1.189351256e+02,-3.216318,-5.947290671e+02,-3.878211353e+02,-5.850811724e+02,-3.781732406e+02,5.120163,-1.164280713e+03,-8.011206890e+02,-1.189689980e+03,-8.265299564e+02,-5.676088,6.379881223e+02,-7.199266309e+02,4.458567522e+02,-9.120580010e+02,-126.104335
3575,4097.0636844,-1.262178538e+02,-1.203059490e+02,-1.248528980e+02,-1.189409932e+02,-3.222186,-5.942493913e+02,-3.873414595e+02,-5.851381060e+02,-3.782301742e+02,5.063230,-1.165558220e+03,-8.023981966e+02,-1.189547574e+03,-8.263875498e+02,-5.533681,6.155028513e+02,-7.424119019e+02,4.469362295e+02,-9.109785238e+02,-125.024858
3600,4121.3486568,-1.263427501e+02,-1.204308453e+02,-1.248613380e+02,-1.189494333e+02,-3.230626,-5.931622728e+02,-3.862543410e+02,-5.851858630e+02,-3.782779312e+02,5.015473,-1.162304242e+03,-7.991442183e+02,-1.189412222e+03,-8.262521976e+02,-5.398329,6.135057108e+02,-7.444090425e+02,4.479147070e+02,-9.100000463e+02,-124.046380
3625,4145.5647925,-1.265586491e+02,-1.206467444e+02,-1.248711191e+02,-1.189592144e+02,-3.240407,-5.958602799e+02,-3.889523481e+02,-5.852411467e+02,-3.783332149e+02,4.960189,-1.163040974e+03,-7.998809504e+02,-1.189262355e+03,-8.261023311e+02,-5.248463,6.230955462e+02,-7.348192071e+02,4.488633147e+02,-9.090514386e+02,-123.097773
3650,4170.4828061,-1.264063865e+02,-1.204944818e+02,-1.248787726e+02,-1.189668679e+02,-3.248061,-5.972362943e+02,-3.903283625e+02,-5.853094254e+02,-3.784014936e+02,4.891910,-1.159778671e+03,-7.966186476e+02,-1.189090923e+03,-8.259308994e+02,-5.077031,6.009882087e+02,-7.569265445e+02,4.498111184e+02,-9.081036349e+02,-122.149969
3675,4194.0922458,-1.269528878e+02,-1.210409831e+02,-1.248889710e+02,-1.189770662e+02,-3.258259,-5.978065498e+02,-3.908986179e+02,-5.853779239e+02,-3.784699921e+02,4.823412,-1.156477559e+03,-7.933175353e+02,-1.188913313e+03,-8.257532892e+02,-4.899421,6.057090058e+02,-7.522057475e+02,4.506795742e+02,-9.072351790e+02,-121.281513
3700,4218.2307886,-1.275433613e+02,-1.216314565e+02,-1.249021814e+02,-1.189902767e+02,-3.271470,-5.975052474e+02,-3.905973156e+02,-5.854496786e+02,-3.785417468e+02,4.751657,-1.156109417e+03,-7.929493927e+02,-1.188739290e+03,-8.255792660e+02,-4.725398,5.879138650e+02,-7.700008883e+02,4.515214823e+02,-9.063932710e+02,-120.439605
3725,4241.7837530,-1.272811849e+02,-1.213692802e+02,-1.249157346e+02,-1.190038299e+02,-3.285023,-5.977043487e+02,-3.907964169e+02,-5.855130432e+02,-3.786051114e+02,4.688293,-1.156070978e+03,-7.929109543e+02,-1.188569859e+03,-8.254098348e+02,-4.555966,5.841764051e+02,-7.737383482e+02,4.522395201e+02,-9.056752332e+02,-119.721567
3750,4266.1755262,-1.278770376e+02,-1.219651329e+02,-1.249306678e+02,-1.190187630e+02,-3.299956,-5.981430958e+02,-3.912351640e+02,-5.855843575e+02,-3.786764257e+02,4.616978,-1.164187855e+03,-8.010278306e+02,-1.188423697e+03,-8.252636732e+02,-4.409805,5.525478084e+02,-8.053669449e+02,4.528970051e+02,-9.050177482e+02,-119.064082
3775,4290.6838263,-1.284354902e+02,-1.225235855e+02,-1.249486164e+02,-1.190367117e+02,-3.317905,-5.959680601e+02,-3.890601283e+02,-5.856499240e+02,-3.787419922e+02,4.551412,-1.165324847e+03,-8.021648231e+02,-1.188293297e+03,-8.251332729e+02,-4.279404,5.492341414e+02,-8.086806119e+02,4.534427255e+02,-9.044720277e+02,-118.518362
3800,4314.7992831,-1.283485744e+02,-1.224366696e+02,-1.249665246e+02,-1.190546199e+02,-3.335813,-5.965562796e+02,-3.896483478e+02,-5.857092872e+02,-3.788013554e+02,4.492049,-1.165404607e+03,-8.022445831e+02,-1.188196528e+03,-8.250365043e+02,-4.182636,5.349708622e+02,-8.229438911e+02,4.538898253e+02,-9.040249280e+02,-118.071262
3825,4338.7191221,-1.281691050e+02,-1.222572003e+02,-1.249848828e+02,-1.190729781e+02,-3.354171,-5.959731229e+02,-3.890651911e+02,-5.857725935e+02,-3.788646617e+02,4.428742,-1.166784478e+03,-8.036244538e+02,-1.188073909e+03,-8.249138851e+02,-4.060017,5.555782164e+02,-8.023365368e+02,4.543894286e+02,-9.035253247e+02,-117.571659
3850,4362.7615831,-1.281718589e+02,-1.222599542e+02,-1.250017997e+02,-1.190898949e+02,-3.371088,-5.950213530e+02,-3.881134212e+02,-5.858272807e+02,-3.789193489e+02,4.374055,-1.163825767e+03,-8.006657428e+02,-1.187948093e+03,-8.247880687e+02,-3.934200,5.664715943e+02,-7.914431589e+02,4.550269110e+02,-9.028878423e+02,-116.934176
3875,4386.0836787,-1.287514434e+02,-1.228395386e+02,-1.250199627e+02,-1.191080580e+02,-3.389251,-5.968579504e+02,-3.899500186e+02,-5.858822605e+02,-3.789743287e+02,4.319075,-1.160252431e+03,-7.970924066e+02,-1.187801395e+03,-8.246413709e+02,-3.787502,5.871278259e+02,-7.707869273e+02,4.556856130e+02,-9.022291403e+02,-116.275474
3900,4410.4911419,-1.286824328e+02,-1.227705280e+02,-1.250410202e+02,-1.191291155e+02,-3.410308,-5.972976036e+02,-3.903896718e+02,-5.859441369e+02,-3.790362051e+02,4.257199,-1.162882721e+03,-7.997226972e+02,-1.187657066e+03,-8.244970426e+02,-3.643174,5.706014526e+02,-7.873133006e+02,4.563549611e+02,-9.015597922e+02,-115.606126
3925,4434.7791048,-1.286534010e+02,-1.227414963e+02,-1.250602729e+02,-1.191483681e+02,-3.429561,-5.979965370e+02,-3.910886052e+02,-5.860095614e+02,-3.791016296e+02,4.191774,-1.168548000e+03,-8.053879760e+02,-1.187546572e+03,-8.243865476e+02,-3.532679,5.691794243e+02,-7.887353290e+02,4.569707201e+02,-9.009440331e+02,-114.990367
3950,4458.1887493,-1.281987430e+02,-1.222868382e+02,-1.250778337e+02,-1.191659289e+02,-3.447122,-5.993197035e+02,-3.924117717e+02,-5.860768596e+02,-3.791689278e+02,4.124476,-1.171303222e+03,-8.081431982e+02,-1.187446039e+03,-8.242860147e+02,-3.432146,5.512409469e+02,-8.066738064e+02,4.574876807e+02,-9.004270725e+02,-114.473407
3975,4482.3668856,-1.278780729e+02,-1.219661681e+02,-1.250927127e+02,-1.191808080e+02,-3.462001,-5.988965696e+02,-3.919886378e+02,-5.861492800e+02,-3.792413482e+02,4.052056,-1.178359732e+03,-8.151997083e+02,-1.187377454e+03,-8.242174300e+02,-3.363562,5.411636387e+02,-8.167511145e+02,4.579369388e+02,-8.999778145e+02,-114.024149
4000,4506.3114967,-1.274864894e+02,-1.215745847e+02,-1.251074087e+02,-1.191955040e+02,-3.476697,-5.980614081e+02,-3.911534763e+02,-5.862164785e+02,-3.793085467e+02,3.984857,-1.177203113e+03,-8.140430892e+02,-1.187326575e+03,-8.241665506e+02,-3.312682,5.538858277e+02,-8.040289255e+02,4.583879208e+02,-8.995268324e+02,-113.573166
4025,4530.0252331,-1.268168644e+02,-1.209049596e+02,-1.251185983e+02,-1.192066936e+02,-3.487886,-5.961226042e+02,-3.892146724e+02,-5.862695874e+02,-3.793616556e+02,3.931748,-1.176998833e+03,-8.138388087e+02,-1.187274784e+03,-8.241147605e+02,-3.260892,5.484856269e+02,-8.094291264e+02,4.588677012e+02,-8.990470520e+02,-113.093386
4050,4554.1979510,-1.266536679e+02,-1.207417632e+02,-1.251272658e+02,-1.192153611e+02,-3.496554,-5.953598273e+02,-3.884518955e+02,-5.863205167e+02,-3.794125849e+02,3.880819,-1.178698683e+03,-8.155386589e+02,-1.187220919e+03,-8.240608955e+02,-3.207027,5.512243600e+02,-8.066903933e+02,4.593239582e+02,-8.985907950e+02,-112.637129
4075,4577.8591114,-1.265577872e+02,-1.206458824e+02,-1.251348579e+02,-1.192229531e+02,-3.504146,-5.960989047e+02,-3.891909729e+02,-5.863689610e+02,-3.794610292e+02,3.832375,-1.177789520e+03,-8.146294964e+02,-1.187170606e+03,-8.240105822e+02,-3.156714,5.483531093e+02,-8.095616439e+02,4.597662772e+02,-8.981484760e+02,-112.194810
4100,4601.6029618,-1.258968295e+02,-1.199849248e+02,-1.251404279e+02,-1.192285232e+02,-3.509716,-5.946641584e+02,-3.877562266e+02,-5.864168849e+02,-3.795089531e+02,3.784451,-1.168577380e+03,-8.054173564e+02,-1.187112213e+03,-8.239521896e+02,-3.098321,5.644416458e+02,-7.934731075e+02,4.602526938e+02,-8.976620595e+02,-111.708394
4125,4625.4092625,-1.254414469e+02,-1.195295422e+02,-1.251428161e+02,-1.192309114e+02,-3.512104,-5.942251858e+02,-3.873172540e+02,-5.864587571e+02,-3.795508253e+02,3.742579,-1.168050596e+03,-8.048905717e+02,-1.187017024e+03,-8.238569998e+02,-3.003131,5.673203374e+02,-7.905944159e+02,4.607986368e+02,-8.971161165e+02,-111.162451
4150,4648.5648868,-1.260633574e+02,-1.201514526e+02,-1.251455819e+02,-1.192336771e+02,-3.514870,-5.965993426e+02,-3.896914108e+02,-5.865030359e+02,-3.795951041e+02,3.698300,-1.164058543e+03,-8.008985193e+02,-1.186901068e+03,-8.237410444e+02,-2.887176,5.656338640e+02,-7.922808893e+02,4.613460408e+02,-8.965687124e+02,-110.615046
4175,4673.2826905,-1.263286635e+02,-1.204167588e+02,-1.251510841e+02,-1.192391794e+02,-3.520372,-5.957695932e+02,-3.888616614e+02,-5.865534371e+02,-3.796455053e+02,3.647899,-1.161813152e+03,-7.986531282e+02,-1.186766711e+03,-8.236066866e+02,-2.752818,5.657216781e+02,-7.921930751e+02,4.618819745e+02,-8.960327788e+02,-110.079113
4200,4697.3541474,-1.259538011e+02,-1.200418963e+02,-1.251554536e+02,-1.192435489e+02,-3.524742,-5.954915381e+02,-3.885836063e+02,-5.865988744e+02,-3.796909426e+02,3.602461,-1.168719088e+03,-8.055590640e+02,-1.186663293e+03,-8.235032688e+02,-2.649400,5.530045575e+02,-8.049101957e+02,4.623694464e+02,-8.955453069e+02,-109.591641
4225,4720.3866943,-1.262652822e+02,-1.203533774e+02,-1.251601244e+02,-1.192482196e+02,-3.529412,-5.957663341e+02,-3.888584022e+02,-5.866425980e+02,-3.797346662e+02,3.558738,-1.169093243e+03,-8.059332186e+02,-1.186573807e+03,-8.234137835e+02,-2.559915,5.465547560e+02,-8.113599973e+02,4.627925705e+02,-8.951221827e+02,-109.168517
4250,4744.4218114,-1.258278272e+02,-1.199159225e+02,-1.251646095e+02,-1.192527048e+02,-3.533898,-5.959748355e+02,-3.890669037e+02,-5.866908830e+02,-3.797829511e+02,3.510453,-1.169436583e+03,-8.062765593e+02,-1.186498416e+03,-8.233383921e+02,-2.484524,5.285458858e+02,-8.293688675e+02,4.632063366e+02,-8.947084166e+02,-108.754751
4275,4767.8688588,-1.259482684e+02,-1.200363636e+02,-1.251687396e+02,-1.192568349e+02,-3.538028,-5.962304563e+02,-3.893225245e+02,-5.867372901e+02,-3.798293583e+02,3.464046,-1.166928916e+03,-8.037688916e+02,-1.186410703e+03,-8.232506791e+02,-2.396811,5.370277683e+02,-8.208869850e+02,4.635558660e+02,-8.943588873e+02,-108.405221
4300,4791.2911708,-1.259476672e+02,-1.200357625e+02,-1.251728216e+02,-1.192609169e+02,-3.542110,-5.955028900e+02,-3.885949582e+02,-5.867822487e+02,-3.798743168e+02,3.419087,-1.168395493e+03,-8.052354689e+02,-1.186319167e+03,-8.231591428e+02,-2.305274,5.350604092e+02,-8.228543441e+02,4.639100836e+02,-8.940046696e+02,-108.051004
4325,4815.3242765,-1.255322137e+02,-1.196203090e+02,-1.251761596e+02,-1.192642549e+02,-3.545448,-5.955014334e+02,-3.885935016e+02,-5.868232290e+02,-3.799152972e+02,3.378107,-1.162852944e+03,-7.996929205e+02,-1.186211530e+03,-8.230515065e+02,-2.197638,5.358919807e+02,-8.220227725e+02,4.642732345e+02,-8.936415188e+02,-107.687853
4350,4838.6604837,-1.255034898e+02,-1.195915851e+02,-1.251781349e+02,-1.192662302e+02,-3.547423,-5.961612303e+02,-3.892532985e+02,-5.868654575e+02,-3.799575257e+02,3.335878,-1.164254015e+03,-8.010939914e+02,-1.186103698e+03,-8.229436740e+02,-2.089806,5.358751815e+02,-8.220395717e+02,4.646101006e+02,-8.933046526e+02,-107.350987
4375,4862.3593496,-1.253790980e+02,-1.194671933e+02,-1.251789751e+02,-1.192670703e+02,-3.548263,-5.969519995e+02,-3.900440677e+02,-5.869124948e+02,-3.800045630e+02,3.288841,-1.164412104e+03,-8.012520800e+02,-1.185995753e+03,-8.228357289e+02,-1.981860,5.255311666e+02,-8.323835867e+02,4.649402921e+02,-8.929744611e+02,-107.020795
4400,4886.2704788,-1.253674195e+02,-1.194555148e+02,-1.251801580e+02,-1.192682532e+02,-3.549446,-5.968160509e+02,-3.899081190e+02,-5.869600911e+02,-3.800521593e+02,3.241245,-1.165169002e+03,-8.020089779e+02,-1.185898659e+03,-8.227386354e+02,-1.884767,5.374791996e+02,-8.204355536e+02,4.652725856e+02,-8.926421677e+02,-106.688502
4425,4909.6241117,-1.251174171e+02,-1.192055123e+02,-1.251805229e+02,-1.192686182e+02,-3.549811,-5.943763728e+02,-3.874684410e+02,-5.869996001e+02,-3.800916683e+02,3.201736,-1.159479684e+03,-7.963196603e+02,-1.185789552e+03,-8.226295283e+02,-1.775660,5.219114440e+02,-8.360033093e+02,4.655634402e+02,-8.923513131e+02,-106.397647
4450,4933.0681258,-1.246082066e+02,-1.186963018e+02,-1.251798891e+02,-1.192679843e+02,-3.549177,-5.936699189e+02,-3.867619871e+02,-5.870315565e+02,-3.801236247e+02,3.169779,-1.163572976e+03,-8.004129521e+02,-1.185666671e+03,-8.225066474e+02,-1.652779,5.130750560e+02,-8.448396972e+02,4.658246961e+02,-8.920900571e+02,-106.136391
4475,4956.4660552,-1.250550252e+02,-1.191431204e+02,-1.251781223e+02,-1.192662176e+02,-3.547410,-5.937746431e+02,-3.868667113e+02,-5.870650116e+02,-3.801570798e+02,3.136324,-1.159553439e+03,-7.963934150e+02,-1.185556672e+03,-8.223966483e+02,-1.542780,4.969912699e+02,-8.609234834e+02,4.660316451e+02,-8.918831082e+02,-105.929442
4500,4980.1187625,-1.250533051e+02,-1.191414003e+02,-1.251764904e+02,-1.192645857e+02,-3.545779,-5.937022630e+02,-3.867943312e+02,-5.870968598e+02,-3.801889280e+02,3.104476,-1.157930646e+03,-7.947706224e+02,-1.185431042e+03,-8.222710177e+02,-1.417149,5.042989777e+02,-8.536157756e+02,4.661988520e+02,-8.917159013e+02,-105.762235
4525,5003.4849443,-1.247642914e+02,-1.188523867e+02,-1.251748794e+02,-1.192629746e+02,-3.544167,-5.927561877e+02,-3.858482559e+02,-5.871262594e+02,-3.802183276e+02,3.075076,-1.152908749e+03,-7.897487251e+02,-1.185293106e+03,-8.221330822e+02,-1.279214,4.915396164e+02,-8.663751368e+02,4.663438267e+02,-8.915709265e+02,-105.617261
4550,5027.2215637,-1.244262889e+02,-1.185143842e+02,-1.251723497e+02,-1.192604450e+02,-3.541638,-5.923575627e+02,-3.854496309e+02,-5.871518538e+02,-3.802439220e+02,3.049482,-1.156620137e+03,-7.934601127e+02,-1.185139743e+03,-8.219797193e+02,-1.125851,5.053576459e+02,-8.525571074e+02,4.664983915e+02,-8.914163618e+02,-105.462696
4575,5051.1066995,-1.250121709e+02,-1.191002662e+02,-1.251703590e+02,-1.192584543e+02,-3.539647,-5.937480074e+02,-3.868400756e+02,-5.871814603e+02,-3.802735285e+02,3.019876,-1.160548812e+03,-7.973887884e+02,-1.185014151e+03,-8.218541275e+02,-1.000259,4.984213573e+02,-8.594933959e+02,4.666592690e+02,-8.912554842e+02,-105.301818
4600,5074.3560620,-1.252081946e+02,-1.192962898e+02,-1.251706614e+02,-1.192587567e+02,-3.539950,-5.924783617e+02,-3.855704299e+02,-5.872085849e+02,-3.803006531e+02,2.992751,-1.164498953e+03,-8.013389287e+02,-1.184917384e+03,-8.217573605e+02,-0.903492,4.955660968e+02,-8.623486565e+02,4.667897701e+02,-8.911249832e+02,-105.171317
4625,5097.8144297,-1.252285225e+02,-1.193166178e+02,-1.251707928e+02,-1.192588880e+02,-3.540081,-5.923681748e+02,-3.854602430e+02,-5.872304984e+02,-3.803225666e+02,2.970837,-1.163254005e+03,-8.000939811e+02,-1.184818327e+03,-8.216583029e+02,-0.804434,4.954747807e+02,-8.624399726e+02,4.669076206e+02,-8.910071327e+02,-105.053467
4650,5121.0834901,-1.250489123e+02,-1.191370076e+02,-1.251700001e+02,-1.192580954e+02,-3.539288,-5.940677840e+02,-3.871598522e+02,-5.872562174e+02,-3.803482856e+02,2.945118,-1.164747367e+03,-8.015873429e+02,-1.184716941e+03,-8.215569170e+02,-0.703049,5.038539226e+02,-8.540608307e+02,4.670372276e+02,-8.908775257e+02,-104.923860
4675,5144.5877526,-1.248885831e+02,-1.189766783e+02,-1.251688686e+02,-1.192569639e+02,-3.538157,-5.942020945e+02,-3.872941627e+02,-5.872885651e+02,-3.803806333e+02,2.912771,-1.162110754e+03,-7.989507301e+02,-1.184629217e+03,-8.214691933e+02,-0.615325,5.083902858e+02,-8.495244675e+02,4.672145472e+02,-8.907002061e+02,-104.746540
4700,5167.9908280,-1.248917807e+02,-1.189798760e+02,-1.251672817e+02,-1.192553769e+02,-3.536570,-5.943672335e+02,-3.874593017e+02,-5.873188388e+02,-3.804109070e+02,2.882497,-1.162082677e+03,-7.989226532e+02,-1.184526886e+03,-8.213668619e+02,-0.512993,5.042847879e+02,-8.536299654e+02,4.674004857e+02,-8.905142676e+02,-104.560602
4725,5191.1268015,-1.248890775e+02,-1.189771728e+02,-1.251661828e+02,-1.192542781e+02,-3.535471,-5.957383617e+02,-3.888304299e+02,-5.873512162e+02,-3.804432844e+02,2.850120,-1.157319136e+03,-7.941591126e+02,-1.184414732e+03,-8.212547085e+02,-0.400840,5.352362275e+02,-8.226785257e+02,4.676442485e+02,-8.902705048e+02,-104.316839
4750,5214.7752525,-1.251941180e+02,-1.192822133e+02,-1.251653104e+02,-1.192534056e+02,-3.534598,-5.948445145e+02,-3.879365827e+02,-5.873873625e+02,-3.804794307e+02,2.813973,-1.154752690e+03,-7.915926663e+02,-1.184281633e+03,-8.211216092e+02,-0.267741,5.353209637e+02,-8.225937895e+02,4.679400148e+02,-8.899747384e+02,-104.021072
4775,5237.8016954,-1.253469351e+02,-1.194350304e+02,-1.251659550e+02,-1.192540503e+02,-3.535243,-5.960479411e+02,-3.891400093e+02,-5.874229299e+02,-3.805149980e+02,2.778406,-1.146184725e+03,-7.830247010e+02,-1.184130836e+03,-8.209708121e+02,-0.116944,5.299745313e+02,-8.279402220e+02,4.682227574e+02,-8.896919959e+02,-103.738330
4800,5261.1804760,-1.258464623e+02,-1.199345576e+02,-1.251676497e+02,-1.192557450e+02,-3.536938,-5.946892137e+02,-3.877812819e+02,-5.874580375e+02,-3.805501057e+02,2.743298,-1.146500433e+03,-7.833404089e+02,-1.183959500e+03,-8.207994758e+02,0.054393,5.505931897e+02,-8.073215636e+02,4.685480360e+02,-8.893667172e+02,-103.413051
4825,5284.9269266,-1.262749502e+02,-1.203630455e+02,-1.251711669e+02,-1.192592621e+02,-3.540455,-5.948034416e+02,-3.878955098e+02,-5.874896375e+02,-3.805817057e+02,2.711698,-1.147509203e+03,-7.843491789e+02,-1.183788925e+03,-8.206289011e+02,0.224967,5.633768294e+02,-7.945379238e+02,4.689289371e+02,-8.889858161e+02,-103.032150
4850,5308.0727904,-1.261884742e+02,-1.202765695e+02,-1.251757608e+02,-1.192638561e+02,-3.545049,-5.942636300e+02,-3.873556982e+02,-5.875217041e+02,-3.806137723e+02,2.679632,-1.150295584e+03,-7.871355606e+02,-1.183634281e+03,-8.204742575e+02,0.379611,5.473028251e+02,-8.106119282e+02,4.693094594e+02,-8.886052939e+02,-102.651628
4875,5331.8550337,-1.259359806e+02,-1.200240758e+02,-1.251797533e+02,-1.192678485e+02,-3.549041,-5.945754870e+02,-3.876675552e+02,-5.875531493e+02,-3.806452175e+02,2.648187,-1.150924046e+03,-7.877640223e+02,-1.183488333e+03,-8.203283087e+02,0.525560,5.442092193e+02,-8.137055340e+02,4.696482550e+02,-8.882664983e+02,-102.312832
4900,5354.7734797,-1.259737046e+02,-1.200617999e+02,-1.251829321e+02,-1.192710274e+02,-3.552220,-5.951619161e+02,-3.882539843e+02,-5.875837976e+02,-3.806758658e+02,2.617538,-1.154280026e+03,-7.911200026e+02,-1.183359740e+03,-8.201997161e+02,0.654152,5.511894224e+02,-8.067253309e+02,4.700018990e+02,-8.879128543e+02,-101.959188
4925,5378.2070381,-1.258232468e+02,-1.199113420e+02,-1.251869340e+02,-1.192750293e+02,-3.556222,-5.953645975e+02,-3.884566657e+02,-5.876163768e+02,-3.807084450e+02,2.584959,-1.150594210e+03,-7.874341861e+02,-1.183223951e+03,-8.200639269e+02,0.789942,5.600105069e+02,-7.979042464e+02,4.703885127e+02,-8.875262405e+02,-101.572575
4950,5401.1944961,-1.258531934e+02,-1.199412887e+02,-1.251897372e+02,-1.192778324e+02,-3.559025,-5.962425721e+02,-3.893346403e+02,-5.876510354e+02,-3.807431036e+02,2.550300,-1.151955610e+03,-7.887955865e+02,-1.183089620e+03,-8.199295959e+02,0.924273,5.486101479e+02,-8.093046054e+02,4.707463815e+02,-8.871683717e+02,-101.214706
4975,5424.9901375,-1.261252742e+02,-1.202133695e+02,-1.251933235e+02,-1.192814188e+02,-3.562612,-5.963034885e+02,-3.893955566e+02,-5.876894787e+02,-3.807815469e+02,2.511857,-1.147719196e+03,-7.845591719e+02,-1.182953201e+03,-8.197931774e+02,1.060691,5.691872133e+02,-7.887275400e+02,4.711241984e+02,-8.867905549e+02,-100.836889
5000,5447.8619983,-1.262278803e+02,-1.203159755e+02,-1.251973115e+02,-1.192854067e+02,-3.566600,-5.956869201e+02,-3.887789883e+02,-5.877229655e+02,-3.808150337e+02,2.478370,-1.145445531e+03,-7.822855067e+02,-1.182803072e+03,-8.196430485e+02,1.210820,5.566767067e+02,-8.012380466e+02,4.714878978e+02,-8.864268555e+02,-100.473190
